{
  "usage_point_id": "14889146046840",
  "start": "2025-03-12",
  "end": "2025-03-13",
  "quality": "BRUT",
  "reading_type": {
    "unit": "W",
    "measurement_kind": "power",
    "aggregate": "average"
  },
  "interval_reading": [
    {
      "value": "1558",
      "date": "2025-03-12 01:00:00",
      "interval_length": "PT60M",
      "measure_type": "B"
    },
    {
      "value": "154",
      "date": "2025-03-12 02:00:00",
      "interval_length": "PT60M",
      "measure_type": "B"
    },
    {
      "value": "122",
      "date": "2025-03-12 03:00:00",
      "interval_length": "PT60M",
      "measure_type": "B"
    },
    {
      "value": "115",
      "date": "2025-03-12 04:00:00",
      "interval_length": "PT60M",
      "measure_type": "B"
    },
    {
      "value": "1161",
      "date": "2025-03-12 05:00:00",
      "interval_length": "PT60M",
      "measure_type": "B"
    },
    {
      "value": "767",
      "date": "2025-03-12 06:00:00",
      "interval_length": "PT60M",
      "measure_type": "B"
    },
    {
      "value": "870",
      "date": "2025-03-12 07:00:00",
      "interval_length": "PT60M",
      "measure_type": "B"
    },
    {
      "value": "775",
      "date": "2025-03-12 08:00:00",
      "interval_length": "PT60M",
      "measure_type": "B"
    },
    {
      "value": "329",
      "date": "2025-03-12 09:00:00",
      "interval_length": "PT60M",
      "measure_type": "B"
    },
    {
      "value": "171",
      "date": "2025-03-12 10:00:00",
      "interval_length": "PT60M",
      "measure_type": "B"
    },
    {
      "value": "2009",
      "date": "2025-03-12 11:00:00",
      "interval_length": "PT60M",
      "measure_type": "B"
    },
    {
      "value": "944",
      "date": "2025-03-12 12:00:00",
      "interval_length": "PT60M",
      "measure_type": "B"
    },
    {
      "value": "4468",
      "date": "2025-03-12 13:00:00",
      "interval_length": "PT60M",
      "measure_type": "B"
    },
    {
      "value": "399",
      "date": "2025-03-12 14:00:00",
      "interval_length": "PT60M",
      "measure_type": "B"
    },
    {
      "value": "14",
      "date": "2025-03-12 15:00:00",
      "interval_length": "PT60M",
      "measure_type": "B"
    },
    {
      "value": "180",
      "date": "2025-03-12 16:00:00",
      "interval_length": "PT60M",
      "measure_type": "B"
    },
    {
      "value": "93",
      "date": "2025-03-12 17:00:00",
      "interval_length": "PT60M",
      "measure_type": "B"
    },
    {
      "value": "215",
      "date": "2025-03-12 18:00:00",
      "interval_length": "PT60M",
      "measure_type": "B"
    },
    {
      "value": "3297",
      "date": "2025-03-12 19:00:00",
      "interval_length": "PT60M",
      "measure_type": "B"
    },
    {
      "value": "2104",
      "date": "2025-03-12 20:00:00",
      "interval_length": "PT60M",
      "measure_type": "B"
    },
    {
      "value": "794",
      "date": "2025-03-12 21:00:00",
      "interval_length": "PT60M",
      "measure_type": "B"
    },
    {
      "value": "2441",
      "date": "2025-03-12 22:00:00",
      "interval_length": "PT60M",
      "measure_type": "B"
    },
    {
      "value": "795",
      "date": "2025-03-12 23:00:00",
      "interval_length": "PT60M",
      "measure_type": "B"
    },
    {
      "value": "1475",
      "date": "2025-03-13 00:00:00",
      "interval_length": "PT60M",
      "measure_type": "B"
    }
  ]
}