{
  "usage_point_id": "14889146046840",
  "start": "2025-03-09",
  "end": "2025-03-10",
  "quality": "BRUT",
  "reading_type": {
    "unit": "W",
    "measurement_kind": "power",
    "aggregate": "average"
  },
  "interval_reading": [
    {
      "value": "179",
      "date": "2025-03-09 01:00:00",
      "interval_length": "PT60M",
      "measure_type": "B"
    },
    {
      "value": "181",
      "date": "2025-03-09 02:00:00",
      "interval_length": "PT60M",
      "measure_type": "B"
    },
    {
      "value": "134",
      "date": "2025-03-09 03:00:00",
      "interval_length": "PT60M",
      "measure_type": "B"
    },
    {
      "value": "171",
      "date": "2025-03-09 04:00:00",
      "interval_length": "PT60M",
      "measure_type": "B"
    },
    {
      "value": "152",
      "date": "2025-03-09 05:00:00",
      "interval_length": "PT60M",
      "measure_type": "B"
    },
    {
      "value": "171",
      "date": "2025-03-09 06:00:00",
      "interval_length": "PT60M",
      "measure_type": "B"
    },
    {
      "value": "120",
      "date": "2025-03-09 07:00:00",
      "interval_length": "PT60M",
      "measure_type": "B"
    },
    {
      "value": "160",
      "date": "2025-03-09 08:00:00",
      "interval_length": "PT60M",
      "measure_type": "B"
    },
    {
      "value": "414",
      "date": "2025-03-09 09:00:00",
      "interval_length": "PT60M",
      "measure_type": "B"
    },
    {
      "value": "817",
      "date": "2025-03-09 10:00:00",
      "interval_length": "PT60M",
      "measure_type": "B"
    },
    {
      "value": "699",
      "date": "2025-03-09 11:00:00",
      "interval_length": "PT60M",
      "measure_type": "B"
    },
    {
      "value": "8",
      "date": "2025-03-09 12:00:00",
      "interval_length": "PT60M",
      "measure_type": "B"
    },
    {
      "value": "731",
      "date": "2025-03-09 13:00:00",
      "interval_length": "PT60M",
      "measure_type": "B"
    },
    {
      "value": "315",
      "date": "2025-03-09 14:00:00",
      "interval_length": "PT60M",
      "measure_type": "B"
    },
    {
      "value": "1048",
      "date": "2025-03-09 15:00:00",
      "interval_length": "PT60M",
      "measure_type": "B"
    },
    {
      "value": "517",
      "date": "2025-03-09 16:00:00",
      "interval_length": "PT60M",
      "measure_type": "B"
    },
    {
      "value": "365",
      "date": "2025-03-09 17:00:00",
      "interval_length": "PT60M",
      "measure_type": "B"
    },
    {
      "value": "831",
      "date": "2025-03-09 18:00:00",
      "interval_length": "PT60M",
      "measure_type": "B"
    },
    {
      "value": "1684",
      "date": "2025-03-09 19:00:00",
      "interval_length": "PT60M",
      "measure_type": "B"
    },
    {
      "value": "1097",
      "date": "2025-03-09 20:00:00",
      "interval_length": "PT60M",
      "measure_type": "B"
    },
    {
      "value": "506",
      "date": "2025-03-09 21:00:00",
      "interval_length": "PT60M",
      "measure_type": "B"
    },
    {
      "value": "675",
      "date": "2025-03-09 22:00:00",
      "interval_length": "PT60M",
      "measure_type": "B"
    },
    {
      "value": "681",
      "date": "2025-03-09 23:00:00",
      "interval_length": "PT60M",
      "measure_type": "B"
    },
    {
      "value": "697",
      "date": "2025-03-10 00:00:00",
      "interval_length": "PT60M",
      "measure_type": "B"
    }
  ]
}