{
  "usage_point_id": "14889146046840",
  "start": "2025-03-02",
  "end": "2025-03-03",
  "quality": "BRUT",
  "reading_type": {
    "unit": "W",
    "measurement_kind": "power",
    "aggregate": "average"
  },
  "interval_reading": [
    {
      "value": "1311",
      "date": "2025-03-02 01:00:00",
      "interval_length": "PT60M",
      "measure_type": "B"
    },
    {
      "value": "1990",
      "date": "2025-03-02 02:00:00",
      "interval_length": "PT60M",
      "measure_type": "B"
    },
    {
      "value": "1619",
      "date": "2025-03-02 03:00:00",
      "interval_length": "PT60M",
      "measure_type": "B"
    },
    {
      "value": "1237",
      "date": "2025-03-02 04:00:00",
      "interval_length": "PT60M",
      "measure_type": "B"
    },
    {
      "value": "1136",
      "date": "2025-03-02 05:00:00",
      "interval_length": "PT60M",
      "measure_type": "B"
    },
    {
      "value": "838",
      "date": "2025-03-02 06:00:00",
      "interval_length": "PT60M",
      "measure_type": "B"
    },
    {
      "value": "178",
      "date": "2025-03-02 07:00:00",
      "interval_length": "PT60M",
      "measure_type": "B"
    },
    {
      "value": "119",
      "date": "2025-03-02 08:00:00",
      "interval_length": "PT60M",
      "measure_type": "B"
    },
    {
      "value": "165",
      "date": "2025-03-02 09:00:00",
      "interval_length": "PT60M",
      "measure_type": "B"
    },
    {
      "value": "168",
      "date": "2025-03-02 10:00:00",
      "interval_length": "PT60M",
      "measure_type": "B"
    },
    {
      "value": "98",
      "date": "2025-03-02 11:00:00",
      "interval_length": "PT60M",
      "measure_type": "B"
    },
    {
      "value": "811",
      "date": "2025-03-02 12:00:00",
      "interval_length": "PT60M",
      "measure_type": "B"
    },
    {
      "value": "270",
      "date": "2025-03-02 13:00:00",
      "interval_length": "PT60M",
      "measure_type": "B"
    },
    {
      "value": "0",
      "date": "2025-03-02 14:00:00",
      "interval_length": "PT60M",
      "measure_type": "B"
    },
    {
      "value": "85",
      "date": "2025-03-02 15:00:00",
      "interval_length": "PT60M",
      "measure_type": "B"
    },
    {
      "value": "0",
      "date": "2025-03-02 16:00:00",
      "interval_length": "PT60M",
      "measure_type": "B"
    },
    {
      "value": "0",
      "date": "2025-03-02 17:00:00",
      "interval_length": "PT60M",
      "measure_type": "B"
    },
    {
      "value": "0",
      "date": "2025-03-02 18:00:00",
      "interval_length": "PT60M",
      "measure_type": "B"
    },
    {
      "value": "62",
      "date": "2025-03-02 19:00:00",
      "interval_length": "PT60M",
      "measure_type": "B"
    },
    {
      "value": "142",
      "date": "2025-03-02 20:00:00",
      "interval_length": "PT60M",
      "measure_type": "B"
    },
    {
      "value": "191",
      "date": "2025-03-02 21:00:00",
      "interval_length": "PT60M",
      "measure_type": "B"
    },
    {
      "value": "577",
      "date": "2025-03-02 22:00:00",
      "interval_length": "PT60M",
      "measure_type": "B"
    },
    {
      "value": "436",
      "date": "2025-03-02 23:00:00",
      "interval_length": "PT60M",
      "measure_type": "B"
    },
    {
      "value": "427",
      "date": "2025-03-03 00:00:00",
      "interval_length": "PT60M",
      "measure_type": "B"
    }
  ]
}