{
  "usage_point_id": "14889146046840",
  "start": "2025-03-01",
  "end": "2025-03-02",
  "quality": "BRUT",
  "reading_type": {
    "unit": "W",
    "measurement_kind": "power",
    "aggregate": "average"
  },
  "interval_reading": [
    {
      "value": "1268",
      "date": "2025-03-01 01:00:00",
      "interval_length": "PT60M",
      "measure_type": "B"
    },
    {
      "value": "1603",
      "date": "2025-03-01 02:00:00",
      "interval_length": "PT60M",
      "measure_type": "B"
    },
    {
      "value": "1481",
      "date": "2025-03-01 03:00:00",
      "interval_length": "PT60M",
      "measure_type": "B"
    },
    {
      "value": "1156",
      "date": "2025-03-01 04:00:00",
      "interval_length": "PT60M",
      "measure_type": "B"
    },
    {
      "value": "1029",
      "date": "2025-03-01 05:00:00",
      "interval_length": "PT60M",
      "measure_type": "B"
    },
    {
      "value": "751",
      "date": "2025-03-01 06:00:00",
      "interval_length": "PT60M",
      "measure_type": "B"
    },
    {
      "value": "134",
      "date": "2025-03-01 07:00:00",
      "interval_length": "PT60M",
      "measure_type": "B"
    },
    {
      "value": "236",
      "date": "2025-03-01 08:00:00",
      "interval_length": "PT60M",
      "measure_type": "B"
    },
    {
      "value": "512",
      "date": "2025-03-01 09:00:00",
      "interval_length": "PT60M",
      "measure_type": "B"
    },
    {
      "value": "651",
      "date": "2025-03-01 10:00:00",
      "interval_length": "PT60M",
      "measure_type": "B"
    },
    {
      "value": "63",
      "date": "2025-03-01 11:00:00",
      "interval_length": "PT60M",
      "measure_type": "B"
    },
    {
      "value": "28",
      "date": "2025-03-01 12:00:00",
      "interval_length": "PT60M",
      "measure_type": "B"
    },
    {
      "value": "9",
      "date": "2025-03-01 13:00:00",
      "interval_length": "PT60M",
      "measure_type": "B"
    },
    {
      "value": "656",
      "date": "2025-03-01 14:00:00",
      "interval_length": "PT60M",
      "measure_type": "B"
    },
    {
      "value": "0",
      "date": "2025-03-01 15:00:00",
      "interval_length": "PT60M",
      "measure_type": "B"
    },
    {
      "value": "0",
      "date": "2025-03-01 16:00:00",
      "interval_length": "PT60M",
      "measure_type": "B"
    },
    {
      "value": "0",
      "date": "2025-03-01 17:00:00",
      "interval_length": "PT60M",
      "measure_type": "B"
    },
    {
      "value": "0",
      "date": "2025-03-01 18:00:00",
      "interval_length": "PT60M",
      "measure_type": "B"
    },
    {
      "value": "137",
      "date": "2025-03-01 19:00:00",
      "interval_length": "PT60M",
      "measure_type": "B"
    },
    {
      "value": "651",
      "date": "2025-03-01 20:00:00",
      "interval_length": "PT60M",
      "measure_type": "B"
    },
    {
      "value": "883",
      "date": "2025-03-01 21:00:00",
      "interval_length": "PT60M",
      "measure_type": "B"
    },
    {
      "value": "615",
      "date": "2025-03-01 22:00:00",
      "interval_length": "PT60M",
      "measure_type": "B"
    },
    {
      "value": "546",
      "date": "2025-03-01 23:00:00",
      "interval_length": "PT60M",
      "measure_type": "B"
    },
    {
      "value": "589",
      "date": "2025-03-02 00:00:00",
      "interval_length": "PT60M",
      "measure_type": "B"
    }
  ]
}