{
  "usage_point_id": "14889146046840",
  "start": "2025-03-17",
  "end": "2025-03-18",
  "quality": "BRUT",
  "reading_type": {
    "unit": "W",
    "measurement_kind": "power",
    "aggregate": "average"
  },
  "interval_reading": [
    {
      "value": "1306",
      "date": "2025-03-17 01:00:00",
      "interval_length": "PT60M",
      "measure_type": "B"
    },
    {
      "value": "1583",
      "date": "2025-03-17 02:00:00",
      "interval_length": "PT60M",
      "measure_type": "B"
    },
    {
      "value": "524",
      "date": "2025-03-17 03:00:00",
      "interval_length": "PT60M",
      "measure_type": "B"
    },
    {
      "value": "167",
      "date": "2025-03-17 04:00:00",
      "interval_length": "PT60M",
      "measure_type": "B"
    },
    {
      "value": "1279",
      "date": "2025-03-17 05:00:00",
      "interval_length": "PT60M",
      "measure_type": "B"
    },
    {
      "value": "1350",
      "date": "2025-03-17 06:00:00",
      "interval_length": "PT60M",
      "measure_type": "B"
    },
    {
      "value": "233",
      "date": "2025-03-17 07:00:00",
      "interval_length": "PT60M",
      "measure_type": "B"
    },
    {
      "value": "297",
      "date": "2025-03-17 08:00:00",
      "interval_length": "PT60M",
      "measure_type": "B"
    },
    {
      "value": "155",
      "date": "2025-03-17 09:00:00",
      "interval_length": "PT60M",
      "measure_type": "B"
    },
    {
      "value": "1236",
      "date": "2025-03-17 10:00:00",
      "interval_length": "PT60M",
      "measure_type": "B"
    },
    {
      "value": "97",
      "date": "2025-03-17 11:00:00",
      "interval_length": "PT60M",
      "measure_type": "B"
    },
    {
      "value": "0",
      "date": "2025-03-17 12:00:00",
      "interval_length": "PT60M",
      "measure_type": "B"
    },
    {
      "value": "305",
      "date": "2025-03-17 13:00:00",
      "interval_length": "PT60M",
      "measure_type": "B"
    },
    {
      "value": "54",
      "date": "2025-03-17 14:00:00",
      "interval_length": "PT60M",
      "measure_type": "B"
    },
    {
      "value": "65",
      "date": "2025-03-17 15:00:00",
      "interval_length": "PT60M",
      "measure_type": "B"
    },
    {
      "value": "586",
      "date": "2025-03-17 16:00:00",
      "interval_length": "PT60M",
      "measure_type": "B"
    },
    {
      "value": "20",
      "date": "2025-03-17 17:00:00",
      "interval_length": "PT60M",
      "measure_type": "B"
    },
    {
      "value": "55",
      "date": "2025-03-17 18:00:00",
      "interval_length": "PT60M",
      "measure_type": "B"
    },
    {
      "value": "1383",
      "date": "2025-03-17 19:00:00",
      "interval_length": "PT60M",
      "measure_type": "B"
    },
    {
      "value": "337",
      "date": "2025-03-17 20:00:00",
      "interval_length": "PT60M",
      "measure_type": "B"
    },
    {
      "value": "1067",
      "date": "2025-03-17 21:00:00",
      "interval_length": "PT60M",
      "measure_type": "B"
    },
    {
      "value": "275",
      "date": "2025-03-17 22:00:00",
      "interval_length": "PT60M",
      "measure_type": "B"
    },
    {
      "value": "316",
      "date": "2025-03-17 23:00:00",
      "interval_length": "PT60M",
      "measure_type": "B"
    },
    {
      "value": "279",
      "date": "2025-03-18 00:00:00",
      "interval_length": "PT60M",
      "measure_type": "B"
    }
  ]
}