{
  "usage_point_id": "14889146046840",
  "start": "2025-03-24",
  "end": "2025-03-25",
  "quality": "BRUT",
  "reading_type": {
    "unit": "W",
    "measurement_kind": "power",
    "aggregate": "average"
  },
  "interval_reading": [
    {
      "value": "882",
      "date": "2025-03-24 01:00:00",
      "interval_length": "PT60M",
      "measure_type": "B"
    },
    {
      "value": "515",
      "date": "2025-03-24 02:00:00",
      "interval_length": "PT60M",
      "measure_type": "B"
    },
    {
      "value": "1181",
      "date": "2025-03-24 03:00:00",
      "interval_length": "PT60M",
      "measure_type": "B"
    },
    {
      "value": "1010",
      "date": "2025-03-24 04:00:00",
      "interval_length": "PT60M",
      "measure_type": "B"
    },
    {
      "value": "282",
      "date": "2025-03-24 05:00:00",
      "interval_length": "PT60M",
      "measure_type": "B"
    },
    {
      "value": "138",
      "date": "2025-03-24 06:00:00",
      "interval_length": "PT60M",
      "measure_type": "B"
    },
    {
      "value": "156",
      "date": "2025-03-24 07:00:00",
      "interval_length": "PT60M",
      "measure_type": "B"
    },
    {
      "value": "706",
      "date": "2025-03-24 08:00:00",
      "interval_length": "PT60M",
      "measure_type": "B"
    },
    {
      "value": "264",
      "date": "2025-03-24 09:00:00",
      "interval_length": "PT60M",
      "measure_type": "B"
    },
    {
      "value": "42",
      "date": "2025-03-24 10:00:00",
      "interval_length": "PT60M",
      "measure_type": "B"
    },
    {
      "value": "44",
      "date": "2025-03-24 11:00:00",
      "interval_length": "PT60M",
      "measure_type": "B"
    },
    {
      "value": "105",
      "date": "2025-03-24 12:00:00",
      "interval_length": "PT60M",
      "measure_type": "B"
    },
    {
      "value": "229",
      "date": "2025-03-24 13:00:00",
      "interval_length": "PT60M",
      "measure_type": "B"
    },
    {
      "value": "137",
      "date": "2025-03-24 14:00:00",
      "interval_length": "PT60M",
      "measure_type": "B"
    },
    {
      "value": "602",
      "date": "2025-03-24 15:00:00",
      "interval_length": "PT60M",
      "measure_type": "B"
    },
    {
      "value": "104",
      "date": "2025-03-24 16:00:00",
      "interval_length": "PT60M",
      "measure_type": "B"
    },
    {
      "value": "168",
      "date": "2025-03-24 17:00:00",
      "interval_length": "PT60M",
      "measure_type": "B"
    },
    {
      "value": "34",
      "date": "2025-03-24 18:00:00",
      "interval_length": "PT60M",
      "measure_type": "B"
    },
    {
      "value": "87",
      "date": "2025-03-24 19:00:00",
      "interval_length": "PT60M",
      "measure_type": "B"
    },
    {
      "value": "1999",
      "date": "2025-03-24 20:00:00",
      "interval_length": "PT60M",
      "measure_type": "B"
    },
    {
      "value": "760",
      "date": "2025-03-24 21:00:00",
      "interval_length": "PT60M",
      "measure_type": "B"
    },
    {
      "value": "484",
      "date": "2025-03-24 22:00:00",
      "interval_length": "PT60M",
      "measure_type": "B"
    },
    {
      "value": "341",
      "date": "2025-03-24 23:00:00",
      "interval_length": "PT60M",
      "measure_type": "B"
    },
    {
      "value": "228",
      "date": "2025-03-25 00:00:00",
      "interval_length": "PT60M",
      "measure_type": "B"
    }
  ]
}