{
  "usage_point_id": "14889146046840",
  "start": "2025-03-18",
  "end": "2025-03-19",
  "quality": "BRUT",
  "reading_type": {
    "unit": "W",
    "measurement_kind": "power",
    "aggregate": "average"
  },
  "interval_reading": [
    {
      "value": "1585",
      "date": "2025-03-18 01:00:00",
      "interval_length": "PT60M",
      "measure_type": "B"
    },
    {
      "value": "1722",
      "date": "2025-03-18 02:00:00",
      "interval_length": "PT60M",
      "measure_type": "B"
    },
    {
      "value": "1057",
      "date": "2025-03-18 03:00:00",
      "interval_length": "PT60M",
      "measure_type": "B"
    },
    {
      "value": "1043",
      "date": "2025-03-18 04:00:00",
      "interval_length": "PT60M",
      "measure_type": "B"
    },
    {
      "value": "927",
      "date": "2025-03-18 05:00:00",
      "interval_length": "PT60M",
      "measure_type": "B"
    },
    {
      "value": "317",
      "date": "2025-03-18 06:00:00",
      "interval_length": "PT60M",
      "measure_type": "B"
    },
    {
      "value": "103",
      "date": "2025-03-18 07:00:00",
      "interval_length": "PT60M",
      "measure_type": "B"
    },
    {
      "value": "83",
      "date": "2025-03-18 08:00:00",
      "interval_length": "PT60M",
      "measure_type": "B"
    },
    {
      "value": "602",
      "date": "2025-03-18 09:00:00",
      "interval_length": "PT60M",
      "measure_type": "B"
    },
    {
      "value": "757",
      "date": "2025-03-18 10:00:00",
      "interval_length": "PT60M",
      "measure_type": "B"
    },
    {
      "value": "13",
      "date": "2025-03-18 11:00:00",
      "interval_length": "PT60M",
      "measure_type": "B"
    },
    {
      "value": "0",
      "date": "2025-03-18 12:00:00",
      "interval_length": "PT60M",
      "measure_type": "B"
    },
    {
      "value": "0",
      "date": "2025-03-18 13:00:00",
      "interval_length": "PT60M",
      "measure_type": "B"
    },
    {
      "value": "152",
      "date": "2025-03-18 14:00:00",
      "interval_length": "PT60M",
      "measure_type": "B"
    },
    {
      "value": "235",
      "date": "2025-03-18 15:00:00",
      "interval_length": "PT60M",
      "measure_type": "B"
    },
    {
      "value": "0",
      "date": "2025-03-18 16:00:00",
      "interval_length": "PT60M",
      "measure_type": "B"
    },
    {
      "value": "0",
      "date": "2025-03-18 17:00:00",
      "interval_length": "PT60M",
      "measure_type": "B"
    },
    {
      "value": "0",
      "date": "2025-03-18 18:00:00",
      "interval_length": "PT60M",
      "measure_type": "B"
    },
    {
      "value": "30",
      "date": "2025-03-18 19:00:00",
      "interval_length": "PT60M",
      "measure_type": "B"
    },
    {
      "value": "168",
      "date": "2025-03-18 20:00:00",
      "interval_length": "PT60M",
      "measure_type": "B"
    },
    {
      "value": "323",
      "date": "2025-03-18 21:00:00",
      "interval_length": "PT60M",
      "measure_type": "B"
    },
    {
      "value": "301",
      "date": "2025-03-18 22:00:00",
      "interval_length": "PT60M",
      "measure_type": "B"
    },
    {
      "value": "275",
      "date": "2025-03-18 23:00:00",
      "interval_length": "PT60M",
      "measure_type": "B"
    },
    {
      "value": "267",
      "date": "2025-03-19 00:00:00",
      "interval_length": "PT60M",
      "measure_type": "B"
    }
  ]
}