{
  "usage_point_id": "14889146046840",
  "start": "2025-03-16",
  "end": "2025-03-17",
  "quality": "BRUT",
  "reading_type": {
    "unit": "W",
    "measurement_kind": "power",
    "aggregate": "average"
  },
  "interval_reading": [
    {
      "value": "439",
      "date": "2025-03-16 01:00:00",
      "interval_length": "PT60M",
      "measure_type": "B"
    },
    {
      "value": "642",
      "date": "2025-03-16 02:00:00",
      "interval_length": "PT60M",
      "measure_type": "B"
    },
    {
      "value": "217",
      "date": "2025-03-16 03:00:00",
      "interval_length": "PT60M",
      "measure_type": "B"
    },
    {
      "value": "646",
      "date": "2025-03-16 04:00:00",
      "interval_length": "PT60M",
      "measure_type": "B"
    },
    {
      "value": "1575",
      "date": "2025-03-16 05:00:00",
      "interval_length": "PT60M",
      "measure_type": "B"
    },
    {
      "value": "1609",
      "date": "2025-03-16 06:00:00",
      "interval_length": "PT60M",
      "measure_type": "B"
    },
    {
      "value": "1550",
      "date": "2025-03-16 07:00:00",
      "interval_length": "PT60M",
      "measure_type": "B"
    },
    {
      "value": "1268",
      "date": "2025-03-16 08:00:00",
      "interval_length": "PT60M",
      "measure_type": "B"
    },
    {
      "value": "1152",
      "date": "2025-03-16 09:00:00",
      "interval_length": "PT60M",
      "measure_type": "B"
    },
    {
      "value": "958",
      "date": "2025-03-16 10:00:00",
      "interval_length": "PT60M",
      "measure_type": "B"
    },
    {
      "value": "222",
      "date": "2025-03-16 11:00:00",
      "interval_length": "PT60M",
      "measure_type": "B"
    },
    {
      "value": "1662",
      "date": "2025-03-16 12:00:00",
      "interval_length": "PT60M",
      "measure_type": "B"
    },
    {
      "value": "1068",
      "date": "2025-03-16 13:00:00",
      "interval_length": "PT60M",
      "measure_type": "B"
    },
    {
      "value": "296",
      "date": "2025-03-16 14:00:00",
      "interval_length": "PT60M",
      "measure_type": "B"
    },
    {
      "value": "46",
      "date": "2025-03-16 15:00:00",
      "interval_length": "PT60M",
      "measure_type": "B"
    },
    {
      "value": "41",
      "date": "2025-03-16 16:00:00",
      "interval_length": "PT60M",
      "measure_type": "B"
    },
    {
      "value": "5",
      "date": "2025-03-16 17:00:00",
      "interval_length": "PT60M",
      "measure_type": "B"
    },
    {
      "value": "52",
      "date": "2025-03-16 18:00:00",
      "interval_length": "PT60M",
      "measure_type": "B"
    },
    {
      "value": "310",
      "date": "2025-03-16 19:00:00",
      "interval_length": "PT60M",
      "measure_type": "B"
    },
    {
      "value": "545",
      "date": "2025-03-16 20:00:00",
      "interval_length": "PT60M",
      "measure_type": "B"
    },
    {
      "value": "1584",
      "date": "2025-03-16 21:00:00",
      "interval_length": "PT60M",
      "measure_type": "B"
    },
    {
      "value": "425",
      "date": "2025-03-16 22:00:00",
      "interval_length": "PT60M",
      "measure_type": "B"
    },
    {
      "value": "471",
      "date": "2025-03-16 23:00:00",
      "interval_length": "PT60M",
      "measure_type": "B"
    },
    {
      "value": "466",
      "date": "2025-03-17 00:00:00",
      "interval_length": "PT60M",
      "measure_type": "B"
    }
  ]
}