{
  "usage_point_id": "14889146046840",
  "start": "2025-03-03",
  "end": "2025-03-04",
  "quality": "BRUT",
  "reading_type": {
    "unit": "W",
    "measurement_kind": "power",
    "aggregate": "average"
  },
  "interval_reading": [
    {
      "value": "1404",
      "date": "2025-03-03 01:00:00",
      "interval_length": "PT60M",
      "measure_type": "B"
    },
    {
      "value": "148",
      "date": "2025-03-03 02:00:00",
      "interval_length": "PT60M",
      "measure_type": "B"
    },
    {
      "value": "743",
      "date": "2025-03-03 03:00:00",
      "interval_length": "PT60M",
      "measure_type": "B"
    },
    {
      "value": "1615",
      "date": "2025-03-03 04:00:00",
      "interval_length": "PT60M",
      "measure_type": "B"
    },
    {
      "value": "1553",
      "date": "2025-03-03 05:00:00",
      "interval_length": "PT60M",
      "measure_type": "B"
    },
    {
      "value": "1301",
      "date": "2025-03-03 06:00:00",
      "interval_length": "PT60M",
      "measure_type": "B"
    },
    {
      "value": "1202",
      "date": "2025-03-03 07:00:00",
      "interval_length": "PT60M",
      "measure_type": "B"
    },
    {
      "value": "846",
      "date": "2025-03-03 08:00:00",
      "interval_length": "PT60M",
      "measure_type": "B"
    },
    {
      "value": "242",
      "date": "2025-03-03 09:00:00",
      "interval_length": "PT60M",
      "measure_type": "B"
    },
    {
      "value": "132",
      "date": "2025-03-03 10:00:00",
      "interval_length": "PT60M",
      "measure_type": "B"
    },
    {
      "value": "645",
      "date": "2025-03-03 11:00:00",
      "interval_length": "PT60M",
      "measure_type": "B"
    },
    {
      "value": "2",
      "date": "2025-03-03 12:00:00",
      "interval_length": "PT60M",
      "measure_type": "B"
    },
    {
      "value": "944",
      "date": "2025-03-03 13:00:00",
      "interval_length": "PT60M",
      "measure_type": "B"
    },
    {
      "value": "0",
      "date": "2025-03-03 14:00:00",
      "interval_length": "PT60M",
      "measure_type": "B"
    },
    {
      "value": "0",
      "date": "2025-03-03 15:00:00",
      "interval_length": "PT60M",
      "measure_type": "B"
    },
    {
      "value": "0",
      "date": "2025-03-03 16:00:00",
      "interval_length": "PT60M",
      "measure_type": "B"
    },
    {
      "value": "0",
      "date": "2025-03-03 17:00:00",
      "interval_length": "PT60M",
      "measure_type": "B"
    },
    {
      "value": "0",
      "date": "2025-03-03 18:00:00",
      "interval_length": "PT60M",
      "measure_type": "B"
    },
    {
      "value": "756",
      "date": "2025-03-03 19:00:00",
      "interval_length": "PT60M",
      "measure_type": "B"
    },
    {
      "value": "679",
      "date": "2025-03-03 20:00:00",
      "interval_length": "PT60M",
      "measure_type": "B"
    },
    {
      "value": "425",
      "date": "2025-03-03 21:00:00",
      "interval_length": "PT60M",
      "measure_type": "B"
    },
    {
      "value": "589",
      "date": "2025-03-03 22:00:00",
      "interval_length": "PT60M",
      "measure_type": "B"
    },
    {
      "value": "1378",
      "date": "2025-03-03 23:00:00",
      "interval_length": "PT60M",
      "measure_type": "B"
    },
    {
      "value": "271",
      "date": "2025-03-04 00:00:00",
      "interval_length": "PT60M",
      "measure_type": "B"
    }
  ]
}