{
  "usage_point_id": "14889146046840",
  "start": "2025-03-05",
  "end": "2025-03-06",
  "quality": "BRUT",
  "reading_type": {
    "unit": "W",
    "measurement_kind": "power",
    "aggregate": "average"
  },
  "interval_reading": [
    {
      "value": "1201",
      "date": "2025-03-05 01:00:00",
      "interval_length": "PT60M",
      "measure_type": "B"
    },
    {
      "value": "768",
      "date": "2025-03-05 02:00:00",
      "interval_length": "PT60M",
      "measure_type": "B"
    },
    {
      "value": "1579",
      "date": "2025-03-05 03:00:00",
      "interval_length": "PT60M",
      "measure_type": "B"
    },
    {
      "value": "1169",
      "date": "2025-03-05 04:00:00",
      "interval_length": "PT60M",
      "measure_type": "B"
    },
    {
      "value": "875",
      "date": "2025-03-05 05:00:00",
      "interval_length": "PT60M",
      "measure_type": "B"
    },
    {
      "value": "366",
      "date": "2025-03-05 06:00:00",
      "interval_length": "PT60M",
      "measure_type": "B"
    },
    {
      "value": "132",
      "date": "2025-03-05 07:00:00",
      "interval_length": "PT60M",
      "measure_type": "B"
    },
    {
      "value": "181",
      "date": "2025-03-05 08:00:00",
      "interval_length": "PT60M",
      "measure_type": "B"
    },
    {
      "value": "327",
      "date": "2025-03-05 09:00:00",
      "interval_length": "PT60M",
      "measure_type": "B"
    },
    {
      "value": "1099",
      "date": "2025-03-05 10:00:00",
      "interval_length": "PT60M",
      "measure_type": "B"
    },
    {
      "value": "113",
      "date": "2025-03-05 11:00:00",
      "interval_length": "PT60M",
      "measure_type": "B"
    },
    {
      "value": "0",
      "date": "2025-03-05 12:00:00",
      "interval_length": "PT60M",
      "measure_type": "B"
    },
    {
      "value": "0",
      "date": "2025-03-05 13:00:00",
      "interval_length": "PT60M",
      "measure_type": "B"
    },
    {
      "value": "0",
      "date": "2025-03-05 14:00:00",
      "interval_length": "PT60M",
      "measure_type": "B"
    },
    {
      "value": "0",
      "date": "2025-03-05 15:00:00",
      "interval_length": "PT60M",
      "measure_type": "B"
    },
    {
      "value": "0",
      "date": "2025-03-05 16:00:00",
      "interval_length": "PT60M",
      "measure_type": "B"
    },
    {
      "value": "0",
      "date": "2025-03-05 17:00:00",
      "interval_length": "PT60M",
      "measure_type": "B"
    },
    {
      "value": "2",
      "date": "2025-03-05 18:00:00",
      "interval_length": "PT60M",
      "measure_type": "B"
    },
    {
      "value": "1286",
      "date": "2025-03-05 19:00:00",
      "interval_length": "PT60M",
      "measure_type": "B"
    },
    {
      "value": "127",
      "date": "2025-03-05 20:00:00",
      "interval_length": "PT60M",
      "measure_type": "B"
    },
    {
      "value": "120",
      "date": "2025-03-05 21:00:00",
      "interval_length": "PT60M",
      "measure_type": "B"
    },
    {
      "value": "446",
      "date": "2025-03-05 22:00:00",
      "interval_length": "PT60M",
      "measure_type": "B"
    },
    {
      "value": "1028",
      "date": "2025-03-05 23:00:00",
      "interval_length": "PT60M",
      "measure_type": "B"
    },
    {
      "value": "926",
      "date": "2025-03-06 00:00:00",
      "interval_length": "PT60M",
      "measure_type": "B"
    }
  ]
}