{
  "usage_point_id": "14889146046840",
  "start": "2025-03-15",
  "end": "2025-03-16",
  "quality": "BRUT",
  "reading_type": {
    "unit": "W",
    "measurement_kind": "power",
    "aggregate": "average"
  },
  "interval_reading": [
    {
      "value": "882",
      "date": "2025-03-15 01:00:00",
      "interval_length": "PT60M",
      "measure_type": "B"
    },
    {
      "value": "158",
      "date": "2025-03-15 02:00:00",
      "interval_length": "PT60M",
      "measure_type": "B"
    },
    {
      "value": "464",
      "date": "2025-03-15 03:00:00",
      "interval_length": "PT60M",
      "measure_type": "B"
    },
    {
      "value": "1613",
      "date": "2025-03-15 04:00:00",
      "interval_length": "PT60M",
      "measure_type": "B"
    },
    {
      "value": "1340",
      "date": "2025-03-15 05:00:00",
      "interval_length": "PT60M",
      "measure_type": "B"
    },
    {
      "value": "123",
      "date": "2025-03-15 06:00:00",
      "interval_length": "PT60M",
      "measure_type": "B"
    },
    {
      "value": "254",
      "date": "2025-03-15 07:00:00",
      "interval_length": "PT60M",
      "measure_type": "B"
    },
    {
      "value": "1559",
      "date": "2025-03-15 08:00:00",
      "interval_length": "PT60M",
      "measure_type": "B"
    },
    {
      "value": "1662",
      "date": "2025-03-15 09:00:00",
      "interval_length": "PT60M",
      "measure_type": "B"
    },
    {
      "value": "330",
      "date": "2025-03-15 10:00:00",
      "interval_length": "PT60M",
      "measure_type": "B"
    },
    {
      "value": "484",
      "date": "2025-03-15 11:00:00",
      "interval_length": "PT60M",
      "measure_type": "B"
    },
    {
      "value": "0",
      "date": "2025-03-15 12:00:00",
      "interval_length": "PT60M",
      "measure_type": "B"
    },
    {
      "value": "162",
      "date": "2025-03-15 13:00:00",
      "interval_length": "PT60M",
      "measure_type": "B"
    },
    {
      "value": "176",
      "date": "2025-03-15 14:00:00",
      "interval_length": "PT60M",
      "measure_type": "B"
    },
    {
      "value": "700",
      "date": "2025-03-15 15:00:00",
      "interval_length": "PT60M",
      "measure_type": "B"
    },
    {
      "value": "137",
      "date": "2025-03-15 16:00:00",
      "interval_length": "PT60M",
      "measure_type": "B"
    },
    {
      "value": "192",
      "date": "2025-03-15 17:00:00",
      "interval_length": "PT60M",
      "measure_type": "B"
    },
    {
      "value": "279",
      "date": "2025-03-15 18:00:00",
      "interval_length": "PT60M",
      "measure_type": "B"
    },
    {
      "value": "138",
      "date": "2025-03-15 19:00:00",
      "interval_length": "PT60M",
      "measure_type": "B"
    },
    {
      "value": "1533",
      "date": "2025-03-15 20:00:00",
      "interval_length": "PT60M",
      "measure_type": "B"
    },
    {
      "value": "1425",
      "date": "2025-03-15 21:00:00",
      "interval_length": "PT60M",
      "measure_type": "B"
    },
    {
      "value": "1003",
      "date": "2025-03-15 22:00:00",
      "interval_length": "PT60M",
      "measure_type": "B"
    },
    {
      "value": "409",
      "date": "2025-03-15 23:00:00",
      "interval_length": "PT60M",
      "measure_type": "B"
    },
    {
      "value": "2444",
      "date": "2025-03-16 00:00:00",
      "interval_length": "PT60M",
      "measure_type": "B"
    }
  ]
}