{
  "usage_point_id": "14889146046840",
  "start": "2025-03-11",
  "end": "2025-03-12",
  "quality": "BRUT",
  "reading_type": {
    "unit": "W",
    "measurement_kind": "power",
    "aggregate": "average"
  },
  "interval_reading": [
    {
      "value": "687",
      "date": "2025-03-11 01:00:00",
      "interval_length": "PT60M",
      "measure_type": "B"
    },
    {
      "value": "388",
      "date": "2025-03-11 02:00:00",
      "interval_length": "PT60M",
      "measure_type": "B"
    },
    {
      "value": "143",
      "date": "2025-03-11 03:00:00",
      "interval_length": "PT60M",
      "measure_type": "B"
    },
    {
      "value": "147",
      "date": "2025-03-11 04:00:00",
      "interval_length": "PT60M",
      "measure_type": "B"
    },
    {
      "value": "748",
      "date": "2025-03-11 05:00:00",
      "interval_length": "PT60M",
      "measure_type": "B"
    },
    {
      "value": "1461",
      "date": "2025-03-11 06:00:00",
      "interval_length": "PT60M",
      "measure_type": "B"
    },
    {
      "value": "1119",
      "date": "2025-03-11 07:00:00",
      "interval_length": "PT60M",
      "measure_type": "B"
    },
    {
      "value": "811",
      "date": "2025-03-11 08:00:00",
      "interval_length": "PT60M",
      "measure_type": "B"
    },
    {
      "value": "529",
      "date": "2025-03-11 09:00:00",
      "interval_length": "PT60M",
      "measure_type": "B"
    },
    {
      "value": "1840",
      "date": "2025-03-11 10:00:00",
      "interval_length": "PT60M",
      "measure_type": "B"
    },
    {
      "value": "92",
      "date": "2025-03-11 11:00:00",
      "interval_length": "PT60M",
      "measure_type": "B"
    },
    {
      "value": "644",
      "date": "2025-03-11 12:00:00",
      "interval_length": "PT60M",
      "measure_type": "B"
    },
    {
      "value": "0",
      "date": "2025-03-11 13:00:00",
      "interval_length": "PT60M",
      "measure_type": "B"
    },
    {
      "value": "0",
      "date": "2025-03-11 14:00:00",
      "interval_length": "PT60M",
      "measure_type": "B"
    },
    {
      "value": "0",
      "date": "2025-03-11 15:00:00",
      "interval_length": "PT60M",
      "measure_type": "B"
    },
    {
      "value": "0",
      "date": "2025-03-11 16:00:00",
      "interval_length": "PT60M",
      "measure_type": "B"
    },
    {
      "value": "0",
      "date": "2025-03-11 17:00:00",
      "interval_length": "PT60M",
      "measure_type": "B"
    },
    {
      "value": "56",
      "date": "2025-03-11 18:00:00",
      "interval_length": "PT60M",
      "measure_type": "B"
    },
    {
      "value": "115",
      "date": "2025-03-11 19:00:00",
      "interval_length": "PT60M",
      "measure_type": "B"
    },
    {
      "value": "1371",
      "date": "2025-03-11 20:00:00",
      "interval_length": "PT60M",
      "measure_type": "B"
    },
    {
      "value": "923",
      "date": "2025-03-11 21:00:00",
      "interval_length": "PT60M",
      "measure_type": "B"
    },
    {
      "value": "663",
      "date": "2025-03-11 22:00:00",
      "interval_length": "PT60M",
      "measure_type": "B"
    },
    {
      "value": "1185",
      "date": "2025-03-11 23:00:00",
      "interval_length": "PT60M",
      "measure_type": "B"
    },
    {
      "value": "682",
      "date": "2025-03-12 00:00:00",
      "interval_length": "PT60M",
      "measure_type": "B"
    }
  ]
}