{
  "usage_point_id": "14889146046840",
  "start": "2025-03-10",
  "end": "2025-03-11",
  "quality": "BRUT",
  "reading_type": {
    "unit": "W",
    "measurement_kind": "power",
    "aggregate": "average"
  },
  "interval_reading": [
    {
      "value": "1129",
      "date": "2025-03-10 01:00:00",
      "interval_length": "PT60M",
      "measure_type": "B"
    },
    {
      "value": "156",
      "date": "2025-03-10 02:00:00",
      "interval_length": "PT60M",
      "measure_type": "B"
    },
    {
      "value": "164",
      "date": "2025-03-10 03:00:00",
      "interval_length": "PT60M",
      "measure_type": "B"
    },
    {
      "value": "173",
      "date": "2025-03-10 04:00:00",
      "interval_length": "PT60M",
      "measure_type": "B"
    },
    {
      "value": "114",
      "date": "2025-03-10 05:00:00",
      "interval_length": "PT60M",
      "measure_type": "B"
    },
    {
      "value": "269",
      "date": "2025-03-10 06:00:00",
      "interval_length": "PT60M",
      "measure_type": "B"
    },
    {
      "value": "1090",
      "date": "2025-03-10 07:00:00",
      "interval_length": "PT60M",
      "measure_type": "B"
    },
    {
      "value": "782",
      "date": "2025-03-10 08:00:00",
      "interval_length": "PT60M",
      "measure_type": "B"
    },
    {
      "value": "733",
      "date": "2025-03-10 09:00:00",
      "interval_length": "PT60M",
      "measure_type": "B"
    },
    {
      "value": "106",
      "date": "2025-03-10 10:00:00",
      "interval_length": "PT60M",
      "measure_type": "B"
    },
    {
      "value": "868",
      "date": "2025-03-10 11:00:00",
      "interval_length": "PT60M",
      "measure_type": "B"
    },
    {
      "value": "982",
      "date": "2025-03-10 12:00:00",
      "interval_length": "PT60M",
      "measure_type": "B"
    },
    {
      "value": "717",
      "date": "2025-03-10 13:00:00",
      "interval_length": "PT60M",
      "measure_type": "B"
    },
    {
      "value": "7",
      "date": "2025-03-10 14:00:00",
      "interval_length": "PT60M",
      "measure_type": "B"
    },
    {
      "value": "384",
      "date": "2025-03-10 15:00:00",
      "interval_length": "PT60M",
      "measure_type": "B"
    },
    {
      "value": "160",
      "date": "2025-03-10 16:00:00",
      "interval_length": "PT60M",
      "measure_type": "B"
    },
    {
      "value": "0",
      "date": "2025-03-10 17:00:00",
      "interval_length": "PT60M",
      "measure_type": "B"
    },
    {
      "value": "17",
      "date": "2025-03-10 18:00:00",
      "interval_length": "PT60M",
      "measure_type": "B"
    },
    {
      "value": "51",
      "date": "2025-03-10 19:00:00",
      "interval_length": "PT60M",
      "measure_type": "B"
    },
    {
      "value": "1149",
      "date": "2025-03-10 20:00:00",
      "interval_length": "PT60M",
      "measure_type": "B"
    },
    {
      "value": "4416",
      "date": "2025-03-10 21:00:00",
      "interval_length": "PT60M",
      "measure_type": "B"
    },
    {
      "value": "994",
      "date": "2025-03-10 22:00:00",
      "interval_length": "PT60M",
      "measure_type": "B"
    },
    {
      "value": "538",
      "date": "2025-03-10 23:00:00",
      "interval_length": "PT60M",
      "measure_type": "B"
    },
    {
      "value": "495",
      "date": "2025-03-11 00:00:00",
      "interval_length": "PT60M",
      "measure_type": "B"
    }
  ]
}