{
  "usage_point_id": "14889146046840",
  "start": "2025-03-22",
  "end": "2025-03-23",
  "quality": "BRUT",
  "reading_type": {
    "unit": "W",
    "measurement_kind": "power",
    "aggregate": "average"
  },
  "interval_reading": [
    {
      "value": "154",
      "date": "2025-03-22 01:00:00",
      "interval_length": "PT60M",
      "measure_type": "B"
    },
    {
      "value": "491",
      "date": "2025-03-22 02:00:00",
      "interval_length": "PT60M",
      "measure_type": "B"
    },
    {
      "value": "152",
      "date": "2025-03-22 03:00:00",
      "interval_length": "PT60M",
      "measure_type": "B"
    },
    {
      "value": "511",
      "date": "2025-03-22 04:00:00",
      "interval_length": "PT60M",
      "measure_type": "B"
    },
    {
      "value": "888",
      "date": "2025-03-22 05:00:00",
      "interval_length": "PT60M",
      "measure_type": "B"
    },
    {
      "value": "605",
      "date": "2025-03-22 06:00:00",
      "interval_length": "PT60M",
      "measure_type": "B"
    },
    {
      "value": "119",
      "date": "2025-03-22 07:00:00",
      "interval_length": "PT60M",
      "measure_type": "B"
    },
    {
      "value": "228",
      "date": "2025-03-22 08:00:00",
      "interval_length": "PT60M",
      "measure_type": "B"
    },
    {
      "value": "73",
      "date": "2025-03-22 09:00:00",
      "interval_length": "PT60M",
      "measure_type": "B"
    },
    {
      "value": "93",
      "date": "2025-03-22 10:00:00",
      "interval_length": "PT60M",
      "measure_type": "B"
    },
    {
      "value": "784",
      "date": "2025-03-22 11:00:00",
      "interval_length": "PT60M",
      "measure_type": "B"
    },
    {
      "value": "1284",
      "date": "2025-03-22 12:00:00",
      "interval_length": "PT60M",
      "measure_type": "B"
    },
    {
      "value": "2276",
      "date": "2025-03-22 13:00:00",
      "interval_length": "PT60M",
      "measure_type": "B"
    },
    {
      "value": "38",
      "date": "2025-03-22 14:00:00",
      "interval_length": "PT60M",
      "measure_type": "B"
    },
    {
      "value": "791",
      "date": "2025-03-22 15:00:00",
      "interval_length": "PT60M",
      "measure_type": "B"
    },
    {
      "value": "65",
      "date": "2025-03-22 16:00:00",
      "interval_length": "PT60M",
      "measure_type": "B"
    },
    {
      "value": "61",
      "date": "2025-03-22 17:00:00",
      "interval_length": "PT60M",
      "measure_type": "B"
    },
    {
      "value": "347",
      "date": "2025-03-22 18:00:00",
      "interval_length": "PT60M",
      "measure_type": "B"
    },
    {
      "value": "113",
      "date": "2025-03-22 19:00:00",
      "interval_length": "PT60M",
      "measure_type": "B"
    },
    {
      "value": "1002",
      "date": "2025-03-22 20:00:00",
      "interval_length": "PT60M",
      "measure_type": "B"
    },
    {
      "value": "1818",
      "date": "2025-03-22 21:00:00",
      "interval_length": "PT60M",
      "measure_type": "B"
    },
    {
      "value": "408",
      "date": "2025-03-22 22:00:00",
      "interval_length": "PT60M",
      "measure_type": "B"
    },
    {
      "value": "440",
      "date": "2025-03-22 23:00:00",
      "interval_length": "PT60M",
      "measure_type": "B"
    },
    {
      "value": "503",
      "date": "2025-03-23 00:00:00",
      "interval_length": "PT60M",
      "measure_type": "B"
    }
  ]
}