{
  "usage_point_id": "14889146046840",
  "start": "2025-03-21",
  "end": "2025-03-22",
  "quality": "BRUT",
  "reading_type": {
    "unit": "W",
    "measurement_kind": "power",
    "aggregate": "average"
  },
  "interval_reading": [
    {
      "value": "1020",
      "date": "2025-03-21 01:00:00",
      "interval_length": "PT60M",
      "measure_type": "B"
    },
    {
      "value": "284",
      "date": "2025-03-21 02:00:00",
      "interval_length": "PT60M",
      "measure_type": "B"
    },
    {
      "value": "647",
      "date": "2025-03-21 03:00:00",
      "interval_length": "PT60M",
      "measure_type": "B"
    },
    {
      "value": "1157",
      "date": "2025-03-21 04:00:00",
      "interval_length": "PT60M",
      "measure_type": "B"
    },
    {
      "value": "478",
      "date": "2025-03-21 05:00:00",
      "interval_length": "PT60M",
      "measure_type": "B"
    },
    {
      "value": "272",
      "date": "2025-03-21 06:00:00",
      "interval_length": "PT60M",
      "measure_type": "B"
    },
    {
      "value": "253",
      "date": "2025-03-21 07:00:00",
      "interval_length": "PT60M",
      "measure_type": "B"
    },
    {
      "value": "451",
      "date": "2025-03-21 08:00:00",
      "interval_length": "PT60M",
      "measure_type": "B"
    },
    {
      "value": "109",
      "date": "2025-03-21 09:00:00",
      "interval_length": "PT60M",
      "measure_type": "B"
    },
    {
      "value": "51",
      "date": "2025-03-21 10:00:00",
      "interval_length": "PT60M",
      "measure_type": "B"
    },
    {
      "value": "430",
      "date": "2025-03-21 11:00:00",
      "interval_length": "PT60M",
      "measure_type": "B"
    },
    {
      "value": "49",
      "date": "2025-03-21 12:00:00",
      "interval_length": "PT60M",
      "measure_type": "B"
    },
    {
      "value": "0",
      "date": "2025-03-21 13:00:00",
      "interval_length": "PT60M",
      "measure_type": "B"
    },
    {
      "value": "0",
      "date": "2025-03-21 14:00:00",
      "interval_length": "PT60M",
      "measure_type": "B"
    },
    {
      "value": "14",
      "date": "2025-03-21 15:00:00",
      "interval_length": "PT60M",
      "measure_type": "B"
    },
    {
      "value": "0",
      "date": "2025-03-21 16:00:00",
      "interval_length": "PT60M",
      "measure_type": "B"
    },
    {
      "value": "0",
      "date": "2025-03-21 17:00:00",
      "interval_length": "PT60M",
      "measure_type": "B"
    },
    {
      "value": "21",
      "date": "2025-03-21 18:00:00",
      "interval_length": "PT60M",
      "measure_type": "B"
    },
    {
      "value": "118",
      "date": "2025-03-21 19:00:00",
      "interval_length": "PT60M",
      "measure_type": "B"
    },
    {
      "value": "212",
      "date": "2025-03-21 20:00:00",
      "interval_length": "PT60M",
      "measure_type": "B"
    },
    {
      "value": "863",
      "date": "2025-03-21 21:00:00",
      "interval_length": "PT60M",
      "measure_type": "B"
    },
    {
      "value": "1633",
      "date": "2025-03-21 22:00:00",
      "interval_length": "PT60M",
      "measure_type": "B"
    },
    {
      "value": "311",
      "date": "2025-03-21 23:00:00",
      "interval_length": "PT60M",
      "measure_type": "B"
    },
    {
      "value": "224",
      "date": "2025-03-22 00:00:00",
      "interval_length": "PT60M",
      "measure_type": "B"
    }
  ]
}