{
  "usage_point_id": "14889146046840",
  "start": "2025-03-06",
  "end": "2025-03-07",
  "quality": "BRUT",
  "reading_type": {
    "unit": "W",
    "measurement_kind": "power",
    "aggregate": "average"
  },
  "interval_reading": [
    {
      "value": "1109",
      "date": "2025-03-06 01:00:00",
      "interval_length": "PT60M",
      "measure_type": "B"
    },
    {
      "value": "113",
      "date": "2025-03-06 02:00:00",
      "interval_length": "PT60M",
      "measure_type": "B"
    },
    {
      "value": "172",
      "date": "2025-03-06 03:00:00",
      "interval_length": "PT60M",
      "measure_type": "B"
    },
    {
      "value": "151",
      "date": "2025-03-06 04:00:00",
      "interval_length": "PT60M",
      "measure_type": "B"
    },
    {
      "value": "139",
      "date": "2025-03-06 05:00:00",
      "interval_length": "PT60M",
      "measure_type": "B"
    },
    {
      "value": "376",
      "date": "2025-03-06 06:00:00",
      "interval_length": "PT60M",
      "measure_type": "B"
    },
    {
      "value": "1518",
      "date": "2025-03-06 07:00:00",
      "interval_length": "PT60M",
      "measure_type": "B"
    },
    {
      "value": "1084",
      "date": "2025-03-06 08:00:00",
      "interval_length": "PT60M",
      "measure_type": "B"
    },
    {
      "value": "636",
      "date": "2025-03-06 09:00:00",
      "interval_length": "PT60M",
      "measure_type": "B"
    },
    {
      "value": "252",
      "date": "2025-03-06 10:00:00",
      "interval_length": "PT60M",
      "measure_type": "B"
    },
    {
      "value": "8",
      "date": "2025-03-06 11:00:00",
      "interval_length": "PT60M",
      "measure_type": "B"
    },
    {
      "value": "1",
      "date": "2025-03-06 12:00:00",
      "interval_length": "PT60M",
      "measure_type": "B"
    },
    {
      "value": "0",
      "date": "2025-03-06 13:00:00",
      "interval_length": "PT60M",
      "measure_type": "B"
    },
    {
      "value": "0",
      "date": "2025-03-06 14:00:00",
      "interval_length": "PT60M",
      "measure_type": "B"
    },
    {
      "value": "2",
      "date": "2025-03-06 15:00:00",
      "interval_length": "PT60M",
      "measure_type": "B"
    },
    {
      "value": "3",
      "date": "2025-03-06 16:00:00",
      "interval_length": "PT60M",
      "measure_type": "B"
    },
    {
      "value": "6",
      "date": "2025-03-06 17:00:00",
      "interval_length": "PT60M",
      "measure_type": "B"
    },
    {
      "value": "12",
      "date": "2025-03-06 18:00:00",
      "interval_length": "PT60M",
      "measure_type": "B"
    },
    {
      "value": "158",
      "date": "2025-03-06 19:00:00",
      "interval_length": "PT60M",
      "measure_type": "B"
    },
    {
      "value": "147",
      "date": "2025-03-06 20:00:00",
      "interval_length": "PT60M",
      "measure_type": "B"
    },
    {
      "value": "157",
      "date": "2025-03-06 21:00:00",
      "interval_length": "PT60M",
      "measure_type": "B"
    },
    {
      "value": "198",
      "date": "2025-03-06 22:00:00",
      "interval_length": "PT60M",
      "measure_type": "B"
    },
    {
      "value": "1118",
      "date": "2025-03-06 23:00:00",
      "interval_length": "PT60M",
      "measure_type": "B"
    },
    {
      "value": "165",
      "date": "2025-03-07 00:00:00",
      "interval_length": "PT60M",
      "measure_type": "B"
    }
  ]
}