{
  "usage_point_id": "14889146046840",
  "start": "2025-03-20",
  "end": "2025-03-21",
  "quality": "BRUT",
  "reading_type": {
    "unit": "W",
    "measurement_kind": "power",
    "aggregate": "average"
  },
  "interval_reading": [
    {
      "value": "133",
      "date": "2025-03-20 01:00:00",
      "interval_length": "PT60M",
      "measure_type": "B"
    },
    {
      "value": "152",
      "date": "2025-03-20 02:00:00",
      "interval_length": "PT60M",
      "measure_type": "B"
    },
    {
      "value": "228",
      "date": "2025-03-20 03:00:00",
      "interval_length": "PT60M",
      "measure_type": "B"
    },
    {
      "value": "147",
      "date": "2025-03-20 04:00:00",
      "interval_length": "PT60M",
      "measure_type": "B"
    },
    {
      "value": "174",
      "date": "2025-03-20 05:00:00",
      "interval_length": "PT60M",
      "measure_type": "B"
    },
    {
      "value": "933",
      "date": "2025-03-20 06:00:00",
      "interval_length": "PT60M",
      "measure_type": "B"
    },
    {
      "value": "408",
      "date": "2025-03-20 07:00:00",
      "interval_length": "PT60M",
      "measure_type": "B"
    },
    {
      "value": "108",
      "date": "2025-03-20 08:00:00",
      "interval_length": "PT60M",
      "measure_type": "B"
    },
    {
      "value": "780",
      "date": "2025-03-20 09:00:00",
      "interval_length": "PT60M",
      "measure_type": "B"
    },
    {
      "value": "329",
      "date": "2025-03-20 10:00:00",
      "interval_length": "PT60M",
      "measure_type": "B"
    },
    {
      "value": "0",
      "date": "2025-03-20 11:00:00",
      "interval_length": "PT60M",
      "measure_type": "B"
    },
    {
      "value": "885",
      "date": "2025-03-20 12:00:00",
      "interval_length": "PT60M",
      "measure_type": "B"
    },
    {
      "value": "29",
      "date": "2025-03-20 13:00:00",
      "interval_length": "PT60M",
      "measure_type": "B"
    },
    {
      "value": "178",
      "date": "2025-03-20 14:00:00",
      "interval_length": "PT60M",
      "measure_type": "B"
    },
    {
      "value": "639",
      "date": "2025-03-20 15:00:00",
      "interval_length": "PT60M",
      "measure_type": "B"
    },
    {
      "value": "495",
      "date": "2025-03-20 16:00:00",
      "interval_length": "PT60M",
      "measure_type": "B"
    },
    {
      "value": "22",
      "date": "2025-03-20 17:00:00",
      "interval_length": "PT60M",
      "measure_type": "B"
    },
    {
      "value": "68",
      "date": "2025-03-20 18:00:00",
      "interval_length": "PT60M",
      "measure_type": "B"
    },
    {
      "value": "919",
      "date": "2025-03-20 19:00:00",
      "interval_length": "PT60M",
      "measure_type": "B"
    },
    {
      "value": "1254",
      "date": "2025-03-20 20:00:00",
      "interval_length": "PT60M",
      "measure_type": "B"
    },
    {
      "value": "307",
      "date": "2025-03-20 21:00:00",
      "interval_length": "PT60M",
      "measure_type": "B"
    },
    {
      "value": "548",
      "date": "2025-03-20 22:00:00",
      "interval_length": "PT60M",
      "measure_type": "B"
    },
    {
      "value": "354",
      "date": "2025-03-20 23:00:00",
      "interval_length": "PT60M",
      "measure_type": "B"
    },
    {
      "value": "438",
      "date": "2025-03-21 00:00:00",
      "interval_length": "PT60M",
      "measure_type": "B"
    }
  ]
}