{
  "usage_point_id": "14889146046840",
  "start": "2025-03-14",
  "end": "2025-03-15",
  "quality": "BRUT",
  "reading_type": {
    "unit": "W",
    "measurement_kind": "power",
    "aggregate": "average"
  },
  "interval_reading": [
    {
      "value": "1506",
      "date": "2025-03-14 01:00:00",
      "interval_length": "PT60M",
      "measure_type": "B"
    },
    {
      "value": "1559",
      "date": "2025-03-14 02:00:00",
      "interval_length": "PT60M",
      "measure_type": "B"
    },
    {
      "value": "1388",
      "date": "2025-03-14 03:00:00",
      "interval_length": "PT60M",
      "measure_type": "B"
    },
    {
      "value": "1561",
      "date": "2025-03-14 04:00:00",
      "interval_length": "PT60M",
      "measure_type": "B"
    },
    {
      "value": "1421",
      "date": "2025-03-14 05:00:00",
      "interval_length": "PT60M",
      "measure_type": "B"
    },
    {
      "value": "167",
      "date": "2025-03-14 06:00:00",
      "interval_length": "PT60M",
      "measure_type": "B"
    },
    {
      "value": "118",
      "date": "2025-03-14 07:00:00",
      "interval_length": "PT60M",
      "measure_type": "B"
    },
    {
      "value": "849",
      "date": "2025-03-14 08:00:00",
      "interval_length": "PT60M",
      "measure_type": "B"
    },
    {
      "value": "1597",
      "date": "2025-03-14 09:00:00",
      "interval_length": "PT60M",
      "measure_type": "B"
    },
    {
      "value": "657",
      "date": "2025-03-14 10:00:00",
      "interval_length": "PT60M",
      "measure_type": "B"
    },
    {
      "value": "556",
      "date": "2025-03-14 11:00:00",
      "interval_length": "PT60M",
      "measure_type": "B"
    },
    {
      "value": "0",
      "date": "2025-03-14 12:00:00",
      "interval_length": "PT60M",
      "measure_type": "B"
    },
    {
      "value": "65",
      "date": "2025-03-14 13:00:00",
      "interval_length": "PT60M",
      "measure_type": "B"
    },
    {
      "value": "52",
      "date": "2025-03-14 14:00:00",
      "interval_length": "PT60M",
      "measure_type": "B"
    },
    {
      "value": "1661",
      "date": "2025-03-14 15:00:00",
      "interval_length": "PT60M",
      "measure_type": "B"
    },
    {
      "value": "762",
      "date": "2025-03-14 16:00:00",
      "interval_length": "PT60M",
      "measure_type": "B"
    },
    {
      "value": "290",
      "date": "2025-03-14 17:00:00",
      "interval_length": "PT60M",
      "measure_type": "B"
    },
    {
      "value": "25",
      "date": "2025-03-14 18:00:00",
      "interval_length": "PT60M",
      "measure_type": "B"
    },
    {
      "value": "165",
      "date": "2025-03-14 19:00:00",
      "interval_length": "PT60M",
      "measure_type": "B"
    },
    {
      "value": "774",
      "date": "2025-03-14 20:00:00",
      "interval_length": "PT60M",
      "measure_type": "B"
    },
    {
      "value": "576",
      "date": "2025-03-14 21:00:00",
      "interval_length": "PT60M",
      "measure_type": "B"
    },
    {
      "value": "152",
      "date": "2025-03-14 22:00:00",
      "interval_length": "PT60M",
      "measure_type": "B"
    },
    {
      "value": "1698",
      "date": "2025-03-14 23:00:00",
      "interval_length": "PT60M",
      "measure_type": "B"
    },
    {
      "value": "1857",
      "date": "2025-03-15 00:00:00",
      "interval_length": "PT60M",
      "measure_type": "B"
    }
  ]
}