{
  "usage_point_id": "14889146046840",
  "start": "2025-03-23",
  "end": "2025-03-24",
  "quality": "BRUT",
  "reading_type": {
    "unit": "W",
    "measurement_kind": "power",
    "aggregate": "average"
  },
  "interval_reading": [
    {
      "value": "1387",
      "date": "2025-03-23 01:00:00",
      "interval_length": "PT60M",
      "measure_type": "B"
    },
    {
      "value": "200",
      "date": "2025-03-23 02:00:00",
      "interval_length": "PT60M",
      "measure_type": "B"
    },
    {
      "value": "1060",
      "date": "2025-03-23 03:00:00",
      "interval_length": "PT60M",
      "measure_type": "B"
    },
    {
      "value": "683",
      "date": "2025-03-23 04:00:00",
      "interval_length": "PT60M",
      "measure_type": "B"
    },
    {
      "value": "172",
      "date": "2025-03-23 05:00:00",
      "interval_length": "PT60M",
      "measure_type": "B"
    },
    {
      "value": "394",
      "date": "2025-03-23 06:00:00",
      "interval_length": "PT60M",
      "measure_type": "B"
    },
    {
      "value": "1077",
      "date": "2025-03-23 07:00:00",
      "interval_length": "PT60M",
      "measure_type": "B"
    },
    {
      "value": "283",
      "date": "2025-03-23 08:00:00",
      "interval_length": "PT60M",
      "measure_type": "B"
    },
    {
      "value": "419",
      "date": "2025-03-23 09:00:00",
      "interval_length": "PT60M",
      "measure_type": "B"
    },
    {
      "value": "988",
      "date": "2025-03-23 10:00:00",
      "interval_length": "PT60M",
      "measure_type": "B"
    },
    {
      "value": "762",
      "date": "2025-03-23 11:00:00",
      "interval_length": "PT60M",
      "measure_type": "B"
    },
    {
      "value": "940",
      "date": "2025-03-23 12:00:00",
      "interval_length": "PT60M",
      "measure_type": "B"
    },
    {
      "value": "1363",
      "date": "2025-03-23 13:00:00",
      "interval_length": "PT60M",
      "measure_type": "B"
    },
    {
      "value": "1173",
      "date": "2025-03-23 14:00:00",
      "interval_length": "PT60M",
      "measure_type": "B"
    },
    {
      "value": "134",
      "date": "2025-03-23 15:00:00",
      "interval_length": "PT60M",
      "measure_type": "B"
    },
    {
      "value": "91",
      "date": "2025-03-23 16:00:00",
      "interval_length": "PT60M",
      "measure_type": "B"
    },
    {
      "value": "57",
      "date": "2025-03-23 17:00:00",
      "interval_length": "PT60M",
      "measure_type": "B"
    },
    {
      "value": "159",
      "date": "2025-03-23 18:00:00",
      "interval_length": "PT60M",
      "measure_type": "B"
    },
    {
      "value": "191",
      "date": "2025-03-23 19:00:00",
      "interval_length": "PT60M",
      "measure_type": "B"
    },
    {
      "value": "1021",
      "date": "2025-03-23 20:00:00",
      "interval_length": "PT60M",
      "measure_type": "B"
    },
    {
      "value": "1290",
      "date": "2025-03-23 21:00:00",
      "interval_length": "PT60M",
      "measure_type": "B"
    },
    {
      "value": "894",
      "date": "2025-03-23 22:00:00",
      "interval_length": "PT60M",
      "measure_type": "B"
    },
    {
      "value": "322",
      "date": "2025-03-23 23:00:00",
      "interval_length": "PT60M",
      "measure_type": "B"
    },
    {
      "value": "422",
      "date": "2025-03-24 00:00:00",
      "interval_length": "PT60M",
      "measure_type": "B"
    }
  ]
}