{
  "usage_point_id": "14889146046840",
  "start": "2025-03-04",
  "end": "2025-03-05",
  "quality": "BRUT",
  "reading_type": {
    "unit": "W",
    "measurement_kind": "power",
    "aggregate": "average"
  },
  "interval_reading": [
    {
      "value": "269",
      "date": "2025-03-04 01:00:00",
      "interval_length": "PT60M",
      "measure_type": "B"
    },
    {
      "value": "132",
      "date": "2025-03-04 02:00:00",
      "interval_length": "PT60M",
      "measure_type": "B"
    },
    {
      "value": "111",
      "date": "2025-03-04 03:00:00",
      "interval_length": "PT60M",
      "measure_type": "B"
    },
    {
      "value": "1233",
      "date": "2025-03-04 04:00:00",
      "interval_length": "PT60M",
      "measure_type": "B"
    },
    {
      "value": "1595",
      "date": "2025-03-04 05:00:00",
      "interval_length": "PT60M",
      "measure_type": "B"
    },
    {
      "value": "1389",
      "date": "2025-03-04 06:00:00",
      "interval_length": "PT60M",
      "measure_type": "B"
    },
    {
      "value": "1070",
      "date": "2025-03-04 07:00:00",
      "interval_length": "PT60M",
      "measure_type": "B"
    },
    {
      "value": "562",
      "date": "2025-03-04 08:00:00",
      "interval_length": "PT60M",
      "measure_type": "B"
    },
    {
      "value": "331",
      "date": "2025-03-04 09:00:00",
      "interval_length": "PT60M",
      "measure_type": "B"
    },
    {
      "value": "76",
      "date": "2025-03-04 10:00:00",
      "interval_length": "PT60M",
      "measure_type": "B"
    },
    {
      "value": "2810",
      "date": "2025-03-04 11:00:00",
      "interval_length": "PT60M",
      "measure_type": "B"
    },
    {
      "value": "321",
      "date": "2025-03-04 12:00:00",
      "interval_length": "PT60M",
      "measure_type": "B"
    },
    {
      "value": "13",
      "date": "2025-03-04 13:00:00",
      "interval_length": "PT60M",
      "measure_type": "B"
    },
    {
      "value": "0",
      "date": "2025-03-04 14:00:00",
      "interval_length": "PT60M",
      "measure_type": "B"
    },
    {
      "value": "0",
      "date": "2025-03-04 15:00:00",
      "interval_length": "PT60M",
      "measure_type": "B"
    },
    {
      "value": "0",
      "date": "2025-03-04 16:00:00",
      "interval_length": "PT60M",
      "measure_type": "B"
    },
    {
      "value": "0",
      "date": "2025-03-04 17:00:00",
      "interval_length": "PT60M",
      "measure_type": "B"
    },
    {
      "value": "0",
      "date": "2025-03-04 18:00:00",
      "interval_length": "PT60M",
      "measure_type": "B"
    },
    {
      "value": "107",
      "date": "2025-03-04 19:00:00",
      "interval_length": "PT60M",
      "measure_type": "B"
    },
    {
      "value": "104",
      "date": "2025-03-04 20:00:00",
      "interval_length": "PT60M",
      "measure_type": "B"
    },
    {
      "value": "136",
      "date": "2025-03-04 21:00:00",
      "interval_length": "PT60M",
      "measure_type": "B"
    },
    {
      "value": "584",
      "date": "2025-03-04 22:00:00",
      "interval_length": "PT60M",
      "measure_type": "B"
    },
    {
      "value": "443",
      "date": "2025-03-04 23:00:00",
      "interval_length": "PT60M",
      "measure_type": "B"
    },
    {
      "value": "471",
      "date": "2025-03-05 00:00:00",
      "interval_length": "PT60M",
      "measure_type": "B"
    }
  ]
}