{
  "usage_point_id": "14889146046840",
  "start": "2025-03-07",
  "end": "2025-03-08",
  "quality": "BRUT",
  "reading_type": {
    "unit": "W",
    "measurement_kind": "power",
    "aggregate": "average"
  },
  "interval_reading": [
    {
      "value": "202",
      "date": "2025-03-07 01:00:00",
      "interval_length": "PT60M",
      "measure_type": "B"
    },
    {
      "value": "743",
      "date": "2025-03-07 02:00:00",
      "interval_length": "PT60M",
      "measure_type": "B"
    },
    {
      "value": "553",
      "date": "2025-03-07 03:00:00",
      "interval_length": "PT60M",
      "measure_type": "B"
    },
    {
      "value": "496",
      "date": "2025-03-07 04:00:00",
      "interval_length": "PT60M",
      "measure_type": "B"
    },
    {
      "value": "467",
      "date": "2025-03-07 05:00:00",
      "interval_length": "PT60M",
      "measure_type": "B"
    },
    {
      "value": "280",
      "date": "2025-03-07 06:00:00",
      "interval_length": "PT60M",
      "measure_type": "B"
    },
    {
      "value": "165",
      "date": "2025-03-07 07:00:00",
      "interval_length": "PT60M",
      "measure_type": "B"
    },
    {
      "value": "107",
      "date": "2025-03-07 08:00:00",
      "interval_length": "PT60M",
      "measure_type": "B"
    },
    {
      "value": "78",
      "date": "2025-03-07 09:00:00",
      "interval_length": "PT60M",
      "measure_type": "B"
    },
    {
      "value": "45",
      "date": "2025-03-07 10:00:00",
      "interval_length": "PT60M",
      "measure_type": "B"
    },
    {
      "value": "7",
      "date": "2025-03-07 11:00:00",
      "interval_length": "PT60M",
      "measure_type": "B"
    },
    {
      "value": "18",
      "date": "2025-03-07 12:00:00",
      "interval_length": "PT60M",
      "measure_type": "B"
    },
    {
      "value": "19",
      "date": "2025-03-07 13:00:00",
      "interval_length": "PT60M",
      "measure_type": "B"
    },
    {
      "value": "28",
      "date": "2025-03-07 14:00:00",
      "interval_length": "PT60M",
      "measure_type": "B"
    },
    {
      "value": "29",
      "date": "2025-03-07 15:00:00",
      "interval_length": "PT60M",
      "measure_type": "B"
    },
    {
      "value": "75",
      "date": "2025-03-07 16:00:00",
      "interval_length": "PT60M",
      "measure_type": "B"
    },
    {
      "value": "50",
      "date": "2025-03-07 17:00:00",
      "interval_length": "PT60M",
      "measure_type": "B"
    },
    {
      "value": "542",
      "date": "2025-03-07 18:00:00",
      "interval_length": "PT60M",
      "measure_type": "B"
    },
    {
      "value": "1710",
      "date": "2025-03-07 19:00:00",
      "interval_length": "PT60M",
      "measure_type": "B"
    },
    {
      "value": "249",
      "date": "2025-03-07 20:00:00",
      "interval_length": "PT60M",
      "measure_type": "B"
    },
    {
      "value": "551",
      "date": "2025-03-07 21:00:00",
      "interval_length": "PT60M",
      "measure_type": "B"
    },
    {
      "value": "1535",
      "date": "2025-03-07 22:00:00",
      "interval_length": "PT60M",
      "measure_type": "B"
    },
    {
      "value": "2250",
      "date": "2025-03-07 23:00:00",
      "interval_length": "PT60M",
      "measure_type": "B"
    },
    {
      "value": "485",
      "date": "2025-03-08 00:00:00",
      "interval_length": "PT60M",
      "measure_type": "B"
    }
  ]
}