{
  "usage_point_id": "14889146046840",
  "start": "2025-03-08",
  "end": "2025-03-09",
  "quality": "BRUT",
  "reading_type": {
    "unit": "W",
    "measurement_kind": "power",
    "aggregate": "average"
  },
  "interval_reading": [
    {
      "value": "207",
      "date": "2025-03-08 01:00:00",
      "interval_length": "PT60M",
      "measure_type": "B"
    },
    {
      "value": "205",
      "date": "2025-03-08 02:00:00",
      "interval_length": "PT60M",
      "measure_type": "B"
    },
    {
      "value": "148",
      "date": "2025-03-08 03:00:00",
      "interval_length": "PT60M",
      "measure_type": "B"
    },
    {
      "value": "173",
      "date": "2025-03-08 04:00:00",
      "interval_length": "PT60M",
      "measure_type": "B"
    },
    {
      "value": "623",
      "date": "2025-03-08 05:00:00",
      "interval_length": "PT60M",
      "measure_type": "B"
    },
    {
      "value": "841",
      "date": "2025-03-08 06:00:00",
      "interval_length": "PT60M",
      "measure_type": "B"
    },
    {
      "value": "620",
      "date": "2025-03-08 07:00:00",
      "interval_length": "PT60M",
      "measure_type": "B"
    },
    {
      "value": "879",
      "date": "2025-03-08 08:00:00",
      "interval_length": "PT60M",
      "measure_type": "B"
    },
    {
      "value": "1347",
      "date": "2025-03-08 09:00:00",
      "interval_length": "PT60M",
      "measure_type": "B"
    },
    {
      "value": "1365",
      "date": "2025-03-08 10:00:00",
      "interval_length": "PT60M",
      "measure_type": "B"
    },
    {
      "value": "508",
      "date": "2025-03-08 11:00:00",
      "interval_length": "PT60M",
      "measure_type": "B"
    },
    {
      "value": "11",
      "date": "2025-03-08 12:00:00",
      "interval_length": "PT60M",
      "measure_type": "B"
    },
    {
      "value": "173",
      "date": "2025-03-08 13:00:00",
      "interval_length": "PT60M",
      "measure_type": "B"
    },
    {
      "value": "2414",
      "date": "2025-03-08 14:00:00",
      "interval_length": "PT60M",
      "measure_type": "B"
    },
    {
      "value": "0",
      "date": "2025-03-08 15:00:00",
      "interval_length": "PT60M",
      "measure_type": "B"
    },
    {
      "value": "0",
      "date": "2025-03-08 16:00:00",
      "interval_length": "PT60M",
      "measure_type": "B"
    },
    {
      "value": "0",
      "date": "2025-03-08 17:00:00",
      "interval_length": "PT60M",
      "measure_type": "B"
    },
    {
      "value": "55",
      "date": "2025-03-08 18:00:00",
      "interval_length": "PT60M",
      "measure_type": "B"
    },
    {
      "value": "199",
      "date": "2025-03-08 19:00:00",
      "interval_length": "PT60M",
      "measure_type": "B"
    },
    {
      "value": "1386",
      "date": "2025-03-08 20:00:00",
      "interval_length": "PT60M",
      "measure_type": "B"
    },
    {
      "value": "1501",
      "date": "2025-03-08 21:00:00",
      "interval_length": "PT60M",
      "measure_type": "B"
    },
    {
      "value": "1923",
      "date": "2025-03-08 22:00:00",
      "interval_length": "PT60M",
      "measure_type": "B"
    },
    {
      "value": "792",
      "date": "2025-03-08 23:00:00",
      "interval_length": "PT60M",
      "measure_type": "B"
    },
    {
      "value": "1386",
      "date": "2025-03-09 00:00:00",
      "interval_length": "PT60M",
      "measure_type": "B"
    }
  ]
}