{
  "usage_point_id": "14889146046840",
  "start": "2025-03-13",
  "end": "2025-03-14",
  "quality": "BRUT",
  "reading_type": {
    "unit": "W",
    "measurement_kind": "power",
    "aggregate": "average"
  },
  "interval_reading": [
    {
      "value": "1277",
      "date": "2025-03-13 01:00:00",
      "interval_length": "PT60M",
      "measure_type": "B"
    },
    {
      "value": "228",
      "date": "2025-03-13 02:00:00",
      "interval_length": "PT60M",
      "measure_type": "B"
    },
    {
      "value": "179",
      "date": "2025-03-13 03:00:00",
      "interval_length": "PT60M",
      "measure_type": "B"
    },
    {
      "value": "138",
      "date": "2025-03-13 04:00:00",
      "interval_length": "PT60M",
      "measure_type": "B"
    },
    {
      "value": "1165",
      "date": "2025-03-13 05:00:00",
      "interval_length": "PT60M",
      "measure_type": "B"
    },
    {
      "value": "1573",
      "date": "2025-03-13 06:00:00",
      "interval_length": "PT60M",
      "measure_type": "B"
    },
    {
      "value": "1421",
      "date": "2025-03-13 07:00:00",
      "interval_length": "PT60M",
      "measure_type": "B"
    },
    {
      "value": "1253",
      "date": "2025-03-13 08:00:00",
      "interval_length": "PT60M",
      "measure_type": "B"
    },
    {
      "value": "1283",
      "date": "2025-03-13 09:00:00",
      "interval_length": "PT60M",
      "measure_type": "B"
    },
    {
      "value": "984",
      "date": "2025-03-13 10:00:00",
      "interval_length": "PT60M",
      "measure_type": "B"
    },
    {
      "value": "1334",
      "date": "2025-03-13 11:00:00",
      "interval_length": "PT60M",
      "measure_type": "B"
    },
    {
      "value": "333",
      "date": "2025-03-13 12:00:00",
      "interval_length": "PT60M",
      "measure_type": "B"
    },
    {
      "value": "12",
      "date": "2025-03-13 13:00:00",
      "interval_length": "PT60M",
      "measure_type": "B"
    },
    {
      "value": "18",
      "date": "2025-03-13 14:00:00",
      "interval_length": "PT60M",
      "measure_type": "B"
    },
    {
      "value": "18",
      "date": "2025-03-13 15:00:00",
      "interval_length": "PT60M",
      "measure_type": "B"
    },
    {
      "value": "45",
      "date": "2025-03-13 16:00:00",
      "interval_length": "PT60M",
      "measure_type": "B"
    },
    {
      "value": "7",
      "date": "2025-03-13 17:00:00",
      "interval_length": "PT60M",
      "measure_type": "B"
    },
    {
      "value": "14",
      "date": "2025-03-13 18:00:00",
      "interval_length": "PT60M",
      "measure_type": "B"
    },
    {
      "value": "52",
      "date": "2025-03-13 19:00:00",
      "interval_length": "PT60M",
      "measure_type": "B"
    },
    {
      "value": "181",
      "date": "2025-03-13 20:00:00",
      "interval_length": "PT60M",
      "measure_type": "B"
    },
    {
      "value": "793",
      "date": "2025-03-13 21:00:00",
      "interval_length": "PT60M",
      "measure_type": "B"
    },
    {
      "value": "415",
      "date": "2025-03-13 22:00:00",
      "interval_length": "PT60M",
      "measure_type": "B"
    },
    {
      "value": "358",
      "date": "2025-03-13 23:00:00",
      "interval_length": "PT60M",
      "measure_type": "B"
    },
    {
      "value": "1410",
      "date": "2025-03-14 00:00:00",
      "interval_length": "PT60M",
      "measure_type": "B"
    }
  ]
}