{
  "usage_point_id": "14889146046840",
  "start": "2025-03-19",
  "end": "2025-03-20",
  "quality": "BRUT",
  "reading_type": {
    "unit": "W",
    "measurement_kind": "power",
    "aggregate": "average"
  },
  "interval_reading": [
    {
      "value": "796",
      "date": "2025-03-19 01:00:00",
      "interval_length": "PT60M",
      "measure_type": "B"
    },
    {
      "value": "123",
      "date": "2025-03-19 02:00:00",
      "interval_length": "PT60M",
      "measure_type": "B"
    },
    {
      "value": "93",
      "date": "2025-03-19 03:00:00",
      "interval_length": "PT60M",
      "measure_type": "B"
    },
    {
      "value": "150",
      "date": "2025-03-19 04:00:00",
      "interval_length": "PT60M",
      "measure_type": "B"
    },
    {
      "value": "125",
      "date": "2025-03-19 05:00:00",
      "interval_length": "PT60M",
      "measure_type": "B"
    },
    {
      "value": "134",
      "date": "2025-03-19 06:00:00",
      "interval_length": "PT60M",
      "measure_type": "B"
    },
    {
      "value": "880",
      "date": "2025-03-19 07:00:00",
      "interval_length": "PT60M",
      "measure_type": "B"
    },
    {
      "value": "870",
      "date": "2025-03-19 08:00:00",
      "interval_length": "PT60M",
      "measure_type": "B"
    },
    {
      "value": "60",
      "date": "2025-03-19 09:00:00",
      "interval_length": "PT60M",
      "measure_type": "B"
    },
    {
      "value": "837",
      "date": "2025-03-19 10:00:00",
      "interval_length": "PT60M",
      "measure_type": "B"
    },
    {
      "value": "36",
      "date": "2025-03-19 11:00:00",
      "interval_length": "PT60M",
      "measure_type": "B"
    },
    {
      "value": "0",
      "date": "2025-03-19 12:00:00",
      "interval_length": "PT60M",
      "measure_type": "B"
    },
    {
      "value": "337",
      "date": "2025-03-19 13:00:00",
      "interval_length": "PT60M",
      "measure_type": "B"
    },
    {
      "value": "11",
      "date": "2025-03-19 14:00:00",
      "interval_length": "PT60M",
      "measure_type": "B"
    },
    {
      "value": "0",
      "date": "2025-03-19 15:00:00",
      "interval_length": "PT60M",
      "measure_type": "B"
    },
    {
      "value": "10",
      "date": "2025-03-19 16:00:00",
      "interval_length": "PT60M",
      "measure_type": "B"
    },
    {
      "value": "9",
      "date": "2025-03-19 17:00:00",
      "interval_length": "PT60M",
      "measure_type": "B"
    },
    {
      "value": "10",
      "date": "2025-03-19 18:00:00",
      "interval_length": "PT60M",
      "measure_type": "B"
    },
    {
      "value": "47",
      "date": "2025-03-19 19:00:00",
      "interval_length": "PT60M",
      "measure_type": "B"
    },
    {
      "value": "528",
      "date": "2025-03-19 20:00:00",
      "interval_length": "PT60M",
      "measure_type": "B"
    },
    {
      "value": "1882",
      "date": "2025-03-19 21:00:00",
      "interval_length": "PT60M",
      "measure_type": "B"
    },
    {
      "value": "971",
      "date": "2025-03-19 22:00:00",
      "interval_length": "PT60M",
      "measure_type": "B"
    },
    {
      "value": "570",
      "date": "2025-03-19 23:00:00",
      "interval_length": "PT60M",
      "measure_type": "B"
    },
    {
      "value": "386",
      "date": "2025-03-20 00:00:00",
      "interval_length": "PT60M",
      "measure_type": "B"
    }
  ]
}