{
  "usage_point_id": "14889146046840",
  "start": "2025-07-18",
  "end": "2025-07-19",
  "quality": "BRUT",
  "reading_type": {
    "unit": "W",
    "measurement_kind": "power",
    "aggregate": "average"
  },
  "interval_reading": [
    {
      "value": "1460",
      "date": "2025-07-18 00:30:00",
      "interval_length": "PT30M",
      "measure_type": "B"
    },
    {
      "value": "432",
      "date": "2025-07-18 01:00:00",
      "interval_length": "PT30M",
      "measure_type": "B"
    },
    {
      "value": "390",
      "date": "2025-07-18 01:30:00",
      "interval_length": "PT30M",
      "measure_type": "B"
    },
    {
      "value": "358",
      "date": "2025-07-18 02:00:00",
      "interval_length": "PT30M",
      "measure_type": "B"
    },
    {
      "value": "268",
      "date": "2025-07-18 02:30:00",
      "interval_length": "PT30M",
      "measure_type": "B"
    },
    {
      "value": "164",
      "date": "2025-07-18 03:00:00",
      "interval_length": "PT30M",
      "measure_type": "B"
    },
    {
      "value": "240",
      "date": "2025-07-18 03:30:00",
      "interval_length": "PT30M",
      "measure_type": "B"
    },
    {
      "value": "158",
      "date": "2025-07-18 04:00:00",
      "interval_length": "PT30M",
      "measure_type": "B"
    },
    {
      "value": "216",
      "date": "2025-07-18 04:30:00",
      "interval_length": "PT30M",
      "measure_type": "B"
    },
    {
      "value": "232",
      "date": "2025-07-18 05:00:00",
      "interval_length": "PT30M",
      "measure_type": "B"
    },
    {
      "value": "178",
      "date": "2025-07-18 05:30:00",
      "interval_length": "PT30M",
      "measure_type": "B"
    },
    {
      "value": "212",
      "date": "2025-07-18 06:00:00",
      "interval_length": "PT30M",
      "measure_type": "B"
    },
    {
      "value": "154",
      "date": "2025-07-18 06:30:00",
      "interval_length": "PT30M",
      "measure_type": "B"
    },
    {
      "value": "196",
      "date": "2025-07-18 07:00:00",
      "interval_length": "PT30M",
      "measure_type": "B"
    },
    {
      "value": "178",
      "date": "2025-07-18 07:30:00",
      "interval_length": "PT30M",
      "measure_type": "B"
    },
    {
      "value": "290",
      "date": "2025-07-18 08:00:00",
      "interval_length": "PT30M",
      "measure_type": "B"
    },
    {
      "value": "240",
      "date": "2025-07-18 08:30:00",
      "interval_length": "PT30M",
      "measure_type": "B"
    },
    {
      "value": "102",
      "date": "2025-07-18 09:00:00",
      "interval_length": "PT30M",
      "measure_type": "B"
    },
    {
      "value": "690",
      "date": "2025-07-18 09:30:00",
      "interval_length": "PT30M",
      "measure_type": "B"
    },
    {
      "value": "324",
      "date": "2025-07-18 10:00:00",
      "interval_length": "PT30M",
      "measure_type": "B"
    },
    {
      "value": "2",
      "date": "2025-07-18 10:30:00",
      "interval_length": "PT30M",
      "measure_type": "B"
    },
    {
      "value": "12",
      "date": "2025-07-18 11:00:00",
      "interval_length": "PT30M",
      "measure_type": "B"
    },
    {
      "value": "0",
      "date": "2025-07-18 11:30:00",
      "interval_length": "PT30M",
      "measure_type": "B"
    },
    {
      "value": "0",
      "date": "2025-07-18 12:00:00",
      "interval_length": "PT30M",
      "measure_type": "B"
    },
    {
      "value": "8",
      "date": "2025-07-18 12:30:00",
      "interval_length": "PT30M",
      "measure_type": "B"
    },
    {
      "value": "0",
      "date": "2025-07-18 13:00:00",
      "interval_length": "PT30M",
      "measure_type": "B"
    },
    {
      "value": "78",
      "date": "2025-07-18 13:30:00",
      "interval_length": "PT30M",
      "measure_type": "B"
    },
    {
      "value": "408",
      "date": "2025-07-18 14:00:00",
      "interval_length": "PT30M",
      "measure_type": "B"
    },
    {
      "value": "176",
      "date": "2025-07-18 14:30:00",
      "interval_length": "PT30M",
      "measure_type": "B"
    },
    {
      "value": "18",
      "date": "2025-07-18 15:00:00",
      "interval_length": "PT30M",
      "measure_type": "B"
    },
    {
      "value": "350",
      "date": "2025-07-18 15:30:00",
      "interval_length": "PT30M",
      "measure_type": "B"
    },
    {
      "value": "0",
      "date": "2025-07-18 16:00:00",
      "interval_length": "PT30M",
      "measure_type": "B"
    },
    {
      "value": "626",
      "date": "2025-07-18 16:30:00",
      "interval_length": "PT30M",
      "measure_type": "B"
    },
    {
      "value": "226",
      "date": "2025-07-18 17:00:00",
      "interval_length": "PT30M",
      "measure_type": "B"
    },
    {
      "value": "72",
      "date": "2025-07-18 17:30:00",
      "interval_length": "PT30M",
      "measure_type": "B"
    },
    {
      "value": "14",
      "date": "2025-07-18 18:00:00",
      "interval_length": "PT30M",
      "measure_type": "B"
    },
    {
      "value": "86",
      "date": "2025-07-18 18:30:00",
      "interval_length": "PT30M",
      "measure_type": "B"
    },
    {
      "value": "50",
      "date": "2025-07-18 19:00:00",
      "interval_length": "PT30M",
      "measure_type": "B"
    },
    {
      "value": "90",
      "date": "2025-07-18 19:30:00",
      "interval_length": "PT30M",
      "measure_type": "B"
    },
    {
      "value": "90",
      "date": "2025-07-18 20:00:00",
      "interval_length": "PT30M",
      "measure_type": "B"
    },
    {
      "value": "174",
      "date": "2025-07-18 20:30:00",
      "interval_length": "PT30M",
      "measure_type": "B"
    },
    {
      "value": "348",
      "date": "2025-07-18 21:00:00",
      "interval_length": "PT30M",
      "measure_type": "B"
    },
    {
      "value": "260",
      "date": "2025-07-18 21:30:00",
      "interval_length": "PT30M",
      "measure_type": "B"
    },
    {
      "value": "264",
      "date": "2025-07-18 22:00:00",
      "interval_length": "PT30M",
      "measure_type": "B"
    },
    {
      "value": "318",
      "date": "2025-07-18 22:30:00",
      "interval_length": "PT30M",
      "measure_type": "B"
    },
    {
      "value": "388",
      "date": "2025-07-18 23:00:00",
      "interval_length": "PT30M",
      "measure_type": "B"
    },
    {
      "value": "422",
      "date": "2025-07-18 23:30:00",
      "interval_length": "PT30M",
      "measure_type": "B"
    },
    {
      "value": "602",
      "date": "2025-07-19 00:00:00",
      "interval_length": "PT30M",
      "measure_type": "B"
    }
  ]
}