{
  "usage_point_id": "14889146046840",
  "start": "2025-05-07",
  "end": "2025-05-08",
  "quality": "BRUT",
  "reading_type": {
    "unit": "W",
    "measurement_kind": "power",
    "aggregate": "average"
  },
  "interval_reading": [
    {
      "value": "196",
      "date": "2025-05-07 00:30:00",
      "interval_length": "PT30M",
      "measure_type": "B"
    },
    {
      "value": "176",
      "date": "2025-05-07 01:00:00",
      "interval_length": "PT30M",
      "measure_type": "B"
    },
    {
      "value": "166",
      "date": "2025-05-07 01:30:00",
      "interval_length": "PT30M",
      "measure_type": "B"
    },
    {
      "value": "96",
      "date": "2025-05-07 02:00:00",
      "interval_length": "PT30M",
      "measure_type": "B"
    },
    {
      "value": "126",
      "date": "2025-05-07 02:30:00",
      "interval_length": "PT30M",
      "measure_type": "B"
    },
    {
      "value": "214",
      "date": "2025-05-07 03:00:00",
      "interval_length": "PT30M",
      "measure_type": "B"
    },
    {
      "value": "162",
      "date": "2025-05-07 03:30:00",
      "interval_length": "PT30M",
      "measure_type": "B"
    },
    {
      "value": "132",
      "date": "2025-05-07 04:00:00",
      "interval_length": "PT30M",
      "measure_type": "B"
    },
    {
      "value": "184",
      "date": "2025-05-07 04:30:00",
      "interval_length": "PT30M",
      "measure_type": "B"
    },
    {
      "value": "154",
      "date": "2025-05-07 05:00:00",
      "interval_length": "PT30M",
      "measure_type": "B"
    },
    {
      "value": "1152",
      "date": "2025-05-07 05:30:00",
      "interval_length": "PT30M",
      "measure_type": "B"
    },
    {
      "value": "1502",
      "date": "2025-05-07 06:00:00",
      "interval_length": "PT30M",
      "measure_type": "B"
    },
    {
      "value": "1526",
      "date": "2025-05-07 06:30:00",
      "interval_length": "PT30M",
      "measure_type": "B"
    },
    {
      "value": "1124",
      "date": "2025-05-07 07:00:00",
      "interval_length": "PT30M",
      "measure_type": "B"
    },
    {
      "value": "780",
      "date": "2025-05-07 07:30:00",
      "interval_length": "PT30M",
      "measure_type": "B"
    },
    {
      "value": "548",
      "date": "2025-05-07 08:00:00",
      "interval_length": "PT30M",
      "measure_type": "B"
    },
    {
      "value": "312",
      "date": "2025-05-07 08:30:00",
      "interval_length": "PT30M",
      "measure_type": "B"
    },
    {
      "value": "312",
      "date": "2025-05-07 09:00:00",
      "interval_length": "PT30M",
      "measure_type": "B"
    },
    {
      "value": "134",
      "date": "2025-05-07 09:30:00",
      "interval_length": "PT30M",
      "measure_type": "B"
    },
    {
      "value": "0",
      "date": "2025-05-07 10:00:00",
      "interval_length": "PT30M",
      "measure_type": "B"
    },
    {
      "value": "0",
      "date": "2025-05-07 10:30:00",
      "interval_length": "PT30M",
      "measure_type": "B"
    },
    {
      "value": "0",
      "date": "2025-05-07 11:00:00",
      "interval_length": "PT30M",
      "measure_type": "B"
    },
    {
      "value": "0",
      "date": "2025-05-07 11:30:00",
      "interval_length": "PT30M",
      "measure_type": "B"
    },
    {
      "value": "0",
      "date": "2025-05-07 12:00:00",
      "interval_length": "PT30M",
      "measure_type": "B"
    },
    {
      "value": "0",
      "date": "2025-05-07 12:30:00",
      "interval_length": "PT30M",
      "measure_type": "B"
    },
    {
      "value": "0",
      "date": "2025-05-07 13:00:00",
      "interval_length": "PT30M",
      "measure_type": "B"
    },
    {
      "value": "14",
      "date": "2025-05-07 13:30:00",
      "interval_length": "PT30M",
      "measure_type": "B"
    },
    {
      "value": "0",
      "date": "2025-05-07 14:00:00",
      "interval_length": "PT30M",
      "measure_type": "B"
    },
    {
      "value": "0",
      "date": "2025-05-07 14:30:00",
      "interval_length": "PT30M",
      "measure_type": "B"
    },
    {
      "value": "0",
      "date": "2025-05-07 15:00:00",
      "interval_length": "PT30M",
      "measure_type": "B"
    },
    {
      "value": "0",
      "date": "2025-05-07 15:30:00",
      "interval_length": "PT30M",
      "measure_type": "B"
    },
    {
      "value": "34",
      "date": "2025-05-07 16:00:00",
      "interval_length": "PT30M",
      "measure_type": "B"
    },
    {
      "value": "0",
      "date": "2025-05-07 16:30:00",
      "interval_length": "PT30M",
      "measure_type": "B"
    },
    {
      "value": "0",
      "date": "2025-05-07 17:00:00",
      "interval_length": "PT30M",
      "measure_type": "B"
    },
    {
      "value": "14",
      "date": "2025-05-07 17:30:00",
      "interval_length": "PT30M",
      "measure_type": "B"
    },
    {
      "value": "16",
      "date": "2025-05-07 18:00:00",
      "interval_length": "PT30M",
      "measure_type": "B"
    },
    {
      "value": "168",
      "date": "2025-05-07 18:30:00",
      "interval_length": "PT30M",
      "measure_type": "B"
    },
    {
      "value": "76",
      "date": "2025-05-07 19:00:00",
      "interval_length": "PT30M",
      "measure_type": "B"
    },
    {
      "value": "274",
      "date": "2025-05-07 19:30:00",
      "interval_length": "PT30M",
      "measure_type": "B"
    },
    {
      "value": "2308",
      "date": "2025-05-07 20:00:00",
      "interval_length": "PT30M",
      "measure_type": "B"
    },
    {
      "value": "440",
      "date": "2025-05-07 20:30:00",
      "interval_length": "PT30M",
      "measure_type": "B"
    },
    {
      "value": "258",
      "date": "2025-05-07 21:00:00",
      "interval_length": "PT30M",
      "measure_type": "B"
    },
    {
      "value": "194",
      "date": "2025-05-07 21:30:00",
      "interval_length": "PT30M",
      "measure_type": "B"
    },
    {
      "value": "208",
      "date": "2025-05-07 22:00:00",
      "interval_length": "PT30M",
      "measure_type": "B"
    },
    {
      "value": "422",
      "date": "2025-05-07 22:30:00",
      "interval_length": "PT30M",
      "measure_type": "B"
    },
    {
      "value": "334",
      "date": "2025-05-07 23:00:00",
      "interval_length": "PT30M",
      "measure_type": "B"
    },
    {
      "value": "364",
      "date": "2025-05-07 23:30:00",
      "interval_length": "PT30M",
      "measure_type": "B"
    },
    {
      "value": "386",
      "date": "2025-05-08 00:00:00",
      "interval_length": "PT30M",
      "measure_type": "B"
    }
  ]
}