{
  "usage_point_id": "14889146046840",
  "start": "2025-11-13",
  "end": "2025-11-14",
  "quality": "BRUT",
  "reading_type": {
    "unit": "W",
    "measurement_kind": "power",
    "aggregate": "average"
  },
  "interval_reading": [
    {
      "value": "1132",
      "date": "2025-11-13 00:30:00",
      "interval_length": "PT30M",
      "measure_type": "B"
    },
    {
      "value": "294",
      "date": "2025-11-13 01:00:00",
      "interval_length": "PT30M",
      "measure_type": "B"
    },
    {
      "value": "254",
      "date": "2025-11-13 01:30:00",
      "interval_length": "PT30M",
      "measure_type": "B"
    },
    {
      "value": "216",
      "date": "2025-11-13 02:00:00",
      "interval_length": "PT30M",
      "measure_type": "B"
    },
    {
      "value": "208",
      "date": "2025-11-13 02:30:00",
      "interval_length": "PT30M",
      "measure_type": "B"
    },
    {
      "value": "260",
      "date": "2025-11-13 03:00:00",
      "interval_length": "PT30M",
      "measure_type": "B"
    },
    {
      "value": "198",
      "date": "2025-11-13 03:30:00",
      "interval_length": "PT30M",
      "measure_type": "B"
    },
    {
      "value": "258",
      "date": "2025-11-13 04:00:00",
      "interval_length": "PT30M",
      "measure_type": "B"
    },
    {
      "value": "212",
      "date": "2025-11-13 04:30:00",
      "interval_length": "PT30M",
      "measure_type": "B"
    },
    {
      "value": "358",
      "date": "2025-11-13 05:00:00",
      "interval_length": "PT30M",
      "measure_type": "B"
    },
    {
      "value": "892",
      "date": "2025-11-13 05:30:00",
      "interval_length": "PT30M",
      "measure_type": "B"
    },
    {
      "value": "760",
      "date": "2025-11-13 06:00:00",
      "interval_length": "PT30M",
      "measure_type": "B"
    },
    {
      "value": "654",
      "date": "2025-11-13 06:30:00",
      "interval_length": "PT30M",
      "measure_type": "B"
    },
    {
      "value": "592",
      "date": "2025-11-13 07:00:00",
      "interval_length": "PT30M",
      "measure_type": "B"
    },
    {
      "value": "546",
      "date": "2025-11-13 07:30:00",
      "interval_length": "PT30M",
      "measure_type": "B"
    },
    {
      "value": "592",
      "date": "2025-11-13 08:00:00",
      "interval_length": "PT30M",
      "measure_type": "B"
    },
    {
      "value": "714",
      "date": "2025-11-13 08:30:00",
      "interval_length": "PT30M",
      "measure_type": "B"
    },
    {
      "value": "556",
      "date": "2025-11-13 09:00:00",
      "interval_length": "PT30M",
      "measure_type": "B"
    },
    {
      "value": "198",
      "date": "2025-11-13 09:30:00",
      "interval_length": "PT30M",
      "measure_type": "B"
    },
    {
      "value": "148",
      "date": "2025-11-13 10:00:00",
      "interval_length": "PT30M",
      "measure_type": "B"
    },
    {
      "value": "170",
      "date": "2025-11-13 10:30:00",
      "interval_length": "PT30M",
      "measure_type": "B"
    },
    {
      "value": "34",
      "date": "2025-11-13 11:00:00",
      "interval_length": "PT30M",
      "measure_type": "B"
    },
    {
      "value": "0",
      "date": "2025-11-13 11:30:00",
      "interval_length": "PT30M",
      "measure_type": "B"
    },
    {
      "value": "0",
      "date": "2025-11-13 12:00:00",
      "interval_length": "PT30M",
      "measure_type": "B"
    },
    {
      "value": "8",
      "date": "2025-11-13 12:30:00",
      "interval_length": "PT30M",
      "measure_type": "B"
    },
    {
      "value": "62",
      "date": "2025-11-13 13:00:00",
      "interval_length": "PT30M",
      "measure_type": "B"
    },
    {
      "value": "72",
      "date": "2025-11-13 13:30:00",
      "interval_length": "PT30M",
      "measure_type": "B"
    },
    {
      "value": "376",
      "date": "2025-11-13 14:00:00",
      "interval_length": "PT30M",
      "measure_type": "B"
    },
    {
      "value": "186",
      "date": "2025-11-13 14:30:00",
      "interval_length": "PT30M",
      "measure_type": "B"
    },
    {
      "value": "150",
      "date": "2025-11-13 15:00:00",
      "interval_length": "PT30M",
      "measure_type": "B"
    },
    {
      "value": "484",
      "date": "2025-11-13 15:30:00",
      "interval_length": "PT30M",
      "measure_type": "B"
    },
    {
      "value": "128",
      "date": "2025-11-13 16:00:00",
      "interval_length": "PT30M",
      "measure_type": "B"
    },
    {
      "value": "180",
      "date": "2025-11-13 16:30:00",
      "interval_length": "PT30M",
      "measure_type": "B"
    },
    {
      "value": "176",
      "date": "2025-11-13 17:00:00",
      "interval_length": "PT30M",
      "measure_type": "B"
    },
    {
      "value": "490",
      "date": "2025-11-13 17:30:00",
      "interval_length": "PT30M",
      "measure_type": "B"
    },
    {
      "value": "248",
      "date": "2025-11-13 18:00:00",
      "interval_length": "PT30M",
      "measure_type": "B"
    },
    {
      "value": "404",
      "date": "2025-11-13 18:30:00",
      "interval_length": "PT30M",
      "measure_type": "B"
    },
    {
      "value": "368",
      "date": "2025-11-13 19:00:00",
      "interval_length": "PT30M",
      "measure_type": "B"
    },
    {
      "value": "470",
      "date": "2025-11-13 19:30:00",
      "interval_length": "PT30M",
      "measure_type": "B"
    },
    {
      "value": "436",
      "date": "2025-11-13 20:00:00",
      "interval_length": "PT30M",
      "measure_type": "B"
    },
    {
      "value": "1342",
      "date": "2025-11-13 20:30:00",
      "interval_length": "PT30M",
      "measure_type": "B"
    },
    {
      "value": "1830",
      "date": "2025-11-13 21:00:00",
      "interval_length": "PT30M",
      "measure_type": "B"
    },
    {
      "value": "426",
      "date": "2025-11-13 21:30:00",
      "interval_length": "PT30M",
      "measure_type": "B"
    },
    {
      "value": "470",
      "date": "2025-11-13 22:00:00",
      "interval_length": "PT30M",
      "measure_type": "B"
    },
    {
      "value": "416",
      "date": "2025-11-13 22:30:00",
      "interval_length": "PT30M",
      "measure_type": "B"
    },
    {
      "value": "434",
      "date": "2025-11-13 23:00:00",
      "interval_length": "PT30M",
      "measure_type": "B"
    },
    {
      "value": "476",
      "date": "2025-11-13 23:30:00",
      "interval_length": "PT30M",
      "measure_type": "B"
    },
    {
      "value": "386",
      "date": "2025-11-14 00:00:00",
      "interval_length": "PT30M",
      "measure_type": "B"
    }
  ]
}