{
  "usage_point_id": "14889146046840",
  "start": "2025-10-20",
  "end": "2025-10-21",
  "quality": "BRUT",
  "reading_type": {
    "unit": "W",
    "measurement_kind": "power",
    "aggregate": "average"
  },
  "interval_reading": [
    {
      "value": "1336",
      "date": "2025-10-20 00:30:00",
      "interval_length": "PT30M",
      "measure_type": "B"
    },
    {
      "value": "360",
      "date": "2025-10-20 01:00:00",
      "interval_length": "PT30M",
      "measure_type": "B"
    },
    {
      "value": "298",
      "date": "2025-10-20 01:30:00",
      "interval_length": "PT30M",
      "measure_type": "B"
    },
    {
      "value": "106",
      "date": "2025-10-20 02:00:00",
      "interval_length": "PT30M",
      "measure_type": "B"
    },
    {
      "value": "198",
      "date": "2025-10-20 02:30:00",
      "interval_length": "PT30M",
      "measure_type": "B"
    },
    {
      "value": "136",
      "date": "2025-10-20 03:00:00",
      "interval_length": "PT30M",
      "measure_type": "B"
    },
    {
      "value": "192",
      "date": "2025-10-20 03:30:00",
      "interval_length": "PT30M",
      "measure_type": "B"
    },
    {
      "value": "192",
      "date": "2025-10-20 04:00:00",
      "interval_length": "PT30M",
      "measure_type": "B"
    },
    {
      "value": "130",
      "date": "2025-10-20 04:30:00",
      "interval_length": "PT30M",
      "measure_type": "B"
    },
    {
      "value": "154",
      "date": "2025-10-20 05:00:00",
      "interval_length": "PT30M",
      "measure_type": "B"
    },
    {
      "value": "184",
      "date": "2025-10-20 05:30:00",
      "interval_length": "PT30M",
      "measure_type": "B"
    },
    {
      "value": "154",
      "date": "2025-10-20 06:00:00",
      "interval_length": "PT30M",
      "measure_type": "B"
    },
    {
      "value": "226",
      "date": "2025-10-20 06:30:00",
      "interval_length": "PT30M",
      "measure_type": "B"
    },
    {
      "value": "558",
      "date": "2025-10-20 07:00:00",
      "interval_length": "PT30M",
      "measure_type": "B"
    },
    {
      "value": "718",
      "date": "2025-10-20 07:30:00",
      "interval_length": "PT30M",
      "measure_type": "B"
    },
    {
      "value": "716",
      "date": "2025-10-20 08:00:00",
      "interval_length": "PT30M",
      "measure_type": "B"
    },
    {
      "value": "590",
      "date": "2025-10-20 08:30:00",
      "interval_length": "PT30M",
      "measure_type": "B"
    },
    {
      "value": "534",
      "date": "2025-10-20 09:00:00",
      "interval_length": "PT30M",
      "measure_type": "B"
    },
    {
      "value": "232",
      "date": "2025-10-20 09:30:00",
      "interval_length": "PT30M",
      "measure_type": "B"
    },
    {
      "value": "304",
      "date": "2025-10-20 10:00:00",
      "interval_length": "PT30M",
      "measure_type": "B"
    },
    {
      "value": "102",
      "date": "2025-10-20 10:30:00",
      "interval_length": "PT30M",
      "measure_type": "B"
    },
    {
      "value": "0",
      "date": "2025-10-20 11:00:00",
      "interval_length": "PT30M",
      "measure_type": "B"
    },
    {
      "value": "506",
      "date": "2025-10-20 11:30:00",
      "interval_length": "PT30M",
      "measure_type": "B"
    },
    {
      "value": "1290",
      "date": "2025-10-20 12:00:00",
      "interval_length": "PT30M",
      "measure_type": "B"
    },
    {
      "value": "86",
      "date": "2025-10-20 12:30:00",
      "interval_length": "PT30M",
      "measure_type": "B"
    },
    {
      "value": "290",
      "date": "2025-10-20 13:00:00",
      "interval_length": "PT30M",
      "measure_type": "B"
    },
    {
      "value": "542",
      "date": "2025-10-20 13:30:00",
      "interval_length": "PT30M",
      "measure_type": "B"
    },
    {
      "value": "374",
      "date": "2025-10-20 14:00:00",
      "interval_length": "PT30M",
      "measure_type": "B"
    },
    {
      "value": "8",
      "date": "2025-10-20 14:30:00",
      "interval_length": "PT30M",
      "measure_type": "B"
    },
    {
      "value": "18",
      "date": "2025-10-20 15:00:00",
      "interval_length": "PT30M",
      "measure_type": "B"
    },
    {
      "value": "0",
      "date": "2025-10-20 15:30:00",
      "interval_length": "PT30M",
      "measure_type": "B"
    },
    {
      "value": "0",
      "date": "2025-10-20 16:00:00",
      "interval_length": "PT30M",
      "measure_type": "B"
    },
    {
      "value": "32",
      "date": "2025-10-20 16:30:00",
      "interval_length": "PT30M",
      "measure_type": "B"
    },
    {
      "value": "32",
      "date": "2025-10-20 17:00:00",
      "interval_length": "PT30M",
      "measure_type": "B"
    },
    {
      "value": "80",
      "date": "2025-10-20 17:30:00",
      "interval_length": "PT30M",
      "measure_type": "B"
    },
    {
      "value": "958",
      "date": "2025-10-20 18:00:00",
      "interval_length": "PT30M",
      "measure_type": "B"
    },
    {
      "value": "1414",
      "date": "2025-10-20 18:30:00",
      "interval_length": "PT30M",
      "measure_type": "B"
    },
    {
      "value": "134",
      "date": "2025-10-20 19:00:00",
      "interval_length": "PT30M",
      "measure_type": "B"
    },
    {
      "value": "218",
      "date": "2025-10-20 19:30:00",
      "interval_length": "PT30M",
      "measure_type": "B"
    },
    {
      "value": "208",
      "date": "2025-10-20 20:00:00",
      "interval_length": "PT30M",
      "measure_type": "B"
    },
    {
      "value": "468",
      "date": "2025-10-20 20:30:00",
      "interval_length": "PT30M",
      "measure_type": "B"
    },
    {
      "value": "364",
      "date": "2025-10-20 21:00:00",
      "interval_length": "PT30M",
      "measure_type": "B"
    },
    {
      "value": "296",
      "date": "2025-10-20 21:30:00",
      "interval_length": "PT30M",
      "measure_type": "B"
    },
    {
      "value": "458",
      "date": "2025-10-20 22:00:00",
      "interval_length": "PT30M",
      "measure_type": "B"
    },
    {
      "value": "314",
      "date": "2025-10-20 22:30:00",
      "interval_length": "PT30M",
      "measure_type": "B"
    },
    {
      "value": "340",
      "date": "2025-10-20 23:00:00",
      "interval_length": "PT30M",
      "measure_type": "B"
    },
    {
      "value": "350",
      "date": "2025-10-20 23:30:00",
      "interval_length": "PT30M",
      "measure_type": "B"
    },
    {
      "value": "354",
      "date": "2025-10-21 00:00:00",
      "interval_length": "PT30M",
      "measure_type": "B"
    }
  ]
}