{
  "usage_point_id": "14889146046840",
  "start": "2025-10-03",
  "end": "2025-10-04",
  "quality": "BRUT",
  "reading_type": {
    "unit": "W",
    "measurement_kind": "power",
    "aggregate": "average"
  },
  "interval_reading": [
    {
      "value": "428",
      "date": "2025-10-03 00:30:00",
      "interval_length": "PT30M",
      "measure_type": "B"
    },
    {
      "value": "350",
      "date": "2025-10-03 01:00:00",
      "interval_length": "PT30M",
      "measure_type": "B"
    },
    {
      "value": "346",
      "date": "2025-10-03 01:30:00",
      "interval_length": "PT30M",
      "measure_type": "B"
    },
    {
      "value": "374",
      "date": "2025-10-03 02:00:00",
      "interval_length": "PT30M",
      "measure_type": "B"
    },
    {
      "value": "366",
      "date": "2025-10-03 02:30:00",
      "interval_length": "PT30M",
      "measure_type": "B"
    },
    {
      "value": "254",
      "date": "2025-10-03 03:00:00",
      "interval_length": "PT30M",
      "measure_type": "B"
    },
    {
      "value": "200",
      "date": "2025-10-03 03:30:00",
      "interval_length": "PT30M",
      "measure_type": "B"
    },
    {
      "value": "146",
      "date": "2025-10-03 04:00:00",
      "interval_length": "PT30M",
      "measure_type": "B"
    },
    {
      "value": "174",
      "date": "2025-10-03 04:30:00",
      "interval_length": "PT30M",
      "measure_type": "B"
    },
    {
      "value": "120",
      "date": "2025-10-03 05:00:00",
      "interval_length": "PT30M",
      "measure_type": "B"
    },
    {
      "value": "246",
      "date": "2025-10-03 05:30:00",
      "interval_length": "PT30M",
      "measure_type": "B"
    },
    {
      "value": "156",
      "date": "2025-10-03 06:00:00",
      "interval_length": "PT30M",
      "measure_type": "B"
    },
    {
      "value": "170",
      "date": "2025-10-03 06:30:00",
      "interval_length": "PT30M",
      "measure_type": "B"
    },
    {
      "value": "890",
      "date": "2025-10-03 07:00:00",
      "interval_length": "PT30M",
      "measure_type": "B"
    },
    {
      "value": "1092",
      "date": "2025-10-03 07:30:00",
      "interval_length": "PT30M",
      "measure_type": "B"
    },
    {
      "value": "762",
      "date": "2025-10-03 08:00:00",
      "interval_length": "PT30M",
      "measure_type": "B"
    },
    {
      "value": "554",
      "date": "2025-10-03 08:30:00",
      "interval_length": "PT30M",
      "measure_type": "B"
    },
    {
      "value": "484",
      "date": "2025-10-03 09:00:00",
      "interval_length": "PT30M",
      "measure_type": "B"
    },
    {
      "value": "522",
      "date": "2025-10-03 09:30:00",
      "interval_length": "PT30M",
      "measure_type": "B"
    },
    {
      "value": "262",
      "date": "2025-10-03 10:00:00",
      "interval_length": "PT30M",
      "measure_type": "B"
    },
    {
      "value": "384",
      "date": "2025-10-03 10:30:00",
      "interval_length": "PT30M",
      "measure_type": "B"
    },
    {
      "value": "312",
      "date": "2025-10-03 11:00:00",
      "interval_length": "PT30M",
      "measure_type": "B"
    },
    {
      "value": "108",
      "date": "2025-10-03 11:30:00",
      "interval_length": "PT30M",
      "measure_type": "B"
    },
    {
      "value": "840",
      "date": "2025-10-03 12:00:00",
      "interval_length": "PT30M",
      "measure_type": "B"
    },
    {
      "value": "708",
      "date": "2025-10-03 12:30:00",
      "interval_length": "PT30M",
      "measure_type": "B"
    },
    {
      "value": "666",
      "date": "2025-10-03 13:00:00",
      "interval_length": "PT30M",
      "measure_type": "B"
    },
    {
      "value": "982",
      "date": "2025-10-03 13:30:00",
      "interval_length": "PT30M",
      "measure_type": "B"
    },
    {
      "value": "574",
      "date": "2025-10-03 14:00:00",
      "interval_length": "PT30M",
      "measure_type": "B"
    },
    {
      "value": "162",
      "date": "2025-10-03 14:30:00",
      "interval_length": "PT30M",
      "measure_type": "B"
    },
    {
      "value": "80",
      "date": "2025-10-03 15:00:00",
      "interval_length": "PT30M",
      "measure_type": "B"
    },
    {
      "value": "38",
      "date": "2025-10-03 15:30:00",
      "interval_length": "PT30M",
      "measure_type": "B"
    },
    {
      "value": "14",
      "date": "2025-10-03 16:00:00",
      "interval_length": "PT30M",
      "measure_type": "B"
    },
    {
      "value": "40",
      "date": "2025-10-03 16:30:00",
      "interval_length": "PT30M",
      "measure_type": "B"
    },
    {
      "value": "130",
      "date": "2025-10-03 17:00:00",
      "interval_length": "PT30M",
      "measure_type": "B"
    },
    {
      "value": "74",
      "date": "2025-10-03 17:30:00",
      "interval_length": "PT30M",
      "measure_type": "B"
    },
    {
      "value": "148",
      "date": "2025-10-03 18:00:00",
      "interval_length": "PT30M",
      "measure_type": "B"
    },
    {
      "value": "1134",
      "date": "2025-10-03 18:30:00",
      "interval_length": "PT30M",
      "measure_type": "B"
    },
    {
      "value": "1144",
      "date": "2025-10-03 19:00:00",
      "interval_length": "PT30M",
      "measure_type": "B"
    },
    {
      "value": "188",
      "date": "2025-10-03 19:30:00",
      "interval_length": "PT30M",
      "measure_type": "B"
    },
    {
      "value": "226",
      "date": "2025-10-03 20:00:00",
      "interval_length": "PT30M",
      "measure_type": "B"
    },
    {
      "value": "418",
      "date": "2025-10-03 20:30:00",
      "interval_length": "PT30M",
      "measure_type": "B"
    },
    {
      "value": "368",
      "date": "2025-10-03 21:00:00",
      "interval_length": "PT30M",
      "measure_type": "B"
    },
    {
      "value": "380",
      "date": "2025-10-03 21:30:00",
      "interval_length": "PT30M",
      "measure_type": "B"
    },
    {
      "value": "364",
      "date": "2025-10-03 22:00:00",
      "interval_length": "PT30M",
      "measure_type": "B"
    },
    {
      "value": "348",
      "date": "2025-10-03 22:30:00",
      "interval_length": "PT30M",
      "measure_type": "B"
    },
    {
      "value": "364",
      "date": "2025-10-03 23:00:00",
      "interval_length": "PT30M",
      "measure_type": "B"
    },
    {
      "value": "416",
      "date": "2025-10-03 23:30:00",
      "interval_length": "PT30M",
      "measure_type": "B"
    },
    {
      "value": "566",
      "date": "2025-10-04 00:00:00",
      "interval_length": "PT30M",
      "measure_type": "B"
    }
  ]
}