{
  "usage_point_id": "14889146046840",
  "start": "2025-06-10",
  "end": "2025-06-11",
  "quality": "BRUT",
  "reading_type": {
    "unit": "W",
    "measurement_kind": "power",
    "aggregate": "average"
  },
  "interval_reading": [
    {
      "value": "354",
      "date": "2025-06-10 00:30:00",
      "interval_length": "PT30M",
      "measure_type": "B"
    },
    {
      "value": "390",
      "date": "2025-06-10 01:00:00",
      "interval_length": "PT30M",
      "measure_type": "B"
    },
    {
      "value": "190",
      "date": "2025-06-10 01:30:00",
      "interval_length": "PT30M",
      "measure_type": "B"
    },
    {
      "value": "234",
      "date": "2025-06-10 02:00:00",
      "interval_length": "PT30M",
      "measure_type": "B"
    },
    {
      "value": "132",
      "date": "2025-06-10 02:30:00",
      "interval_length": "PT30M",
      "measure_type": "B"
    },
    {
      "value": "162",
      "date": "2025-06-10 03:00:00",
      "interval_length": "PT30M",
      "measure_type": "B"
    },
    {
      "value": "172",
      "date": "2025-06-10 03:30:00",
      "interval_length": "PT30M",
      "measure_type": "B"
    },
    {
      "value": "146",
      "date": "2025-06-10 04:00:00",
      "interval_length": "PT30M",
      "measure_type": "B"
    },
    {
      "value": "238",
      "date": "2025-06-10 04:30:00",
      "interval_length": "PT30M",
      "measure_type": "B"
    },
    {
      "value": "136",
      "date": "2025-06-10 05:00:00",
      "interval_length": "PT30M",
      "measure_type": "B"
    },
    {
      "value": "158",
      "date": "2025-06-10 05:30:00",
      "interval_length": "PT30M",
      "measure_type": "B"
    },
    {
      "value": "164",
      "date": "2025-06-10 06:00:00",
      "interval_length": "PT30M",
      "measure_type": "B"
    },
    {
      "value": "148",
      "date": "2025-06-10 06:30:00",
      "interval_length": "PT30M",
      "measure_type": "B"
    },
    {
      "value": "358",
      "date": "2025-06-10 07:00:00",
      "interval_length": "PT30M",
      "measure_type": "B"
    },
    {
      "value": "108",
      "date": "2025-06-10 07:30:00",
      "interval_length": "PT30M",
      "measure_type": "B"
    },
    {
      "value": "146",
      "date": "2025-06-10 08:00:00",
      "interval_length": "PT30M",
      "measure_type": "B"
    },
    {
      "value": "102",
      "date": "2025-06-10 08:30:00",
      "interval_length": "PT30M",
      "measure_type": "B"
    },
    {
      "value": "16",
      "date": "2025-06-10 09:00:00",
      "interval_length": "PT30M",
      "measure_type": "B"
    },
    {
      "value": "0",
      "date": "2025-06-10 09:30:00",
      "interval_length": "PT30M",
      "measure_type": "B"
    },
    {
      "value": "0",
      "date": "2025-06-10 10:00:00",
      "interval_length": "PT30M",
      "measure_type": "B"
    },
    {
      "value": "0",
      "date": "2025-06-10 10:30:00",
      "interval_length": "PT30M",
      "measure_type": "B"
    },
    {
      "value": "436",
      "date": "2025-06-10 11:00:00",
      "interval_length": "PT30M",
      "measure_type": "B"
    },
    {
      "value": "0",
      "date": "2025-06-10 11:30:00",
      "interval_length": "PT30M",
      "measure_type": "B"
    },
    {
      "value": "84",
      "date": "2025-06-10 12:00:00",
      "interval_length": "PT30M",
      "measure_type": "B"
    },
    {
      "value": "1468",
      "date": "2025-06-10 12:30:00",
      "interval_length": "PT30M",
      "measure_type": "B"
    },
    {
      "value": "4",
      "date": "2025-06-10 13:00:00",
      "interval_length": "PT30M",
      "measure_type": "B"
    },
    {
      "value": "0",
      "date": "2025-06-10 13:30:00",
      "interval_length": "PT30M",
      "measure_type": "B"
    },
    {
      "value": "208",
      "date": "2025-06-10 14:00:00",
      "interval_length": "PT30M",
      "measure_type": "B"
    },
    {
      "value": "190",
      "date": "2025-06-10 14:30:00",
      "interval_length": "PT30M",
      "measure_type": "B"
    },
    {
      "value": "66",
      "date": "2025-06-10 15:00:00",
      "interval_length": "PT30M",
      "measure_type": "B"
    },
    {
      "value": "0",
      "date": "2025-06-10 15:30:00",
      "interval_length": "PT30M",
      "measure_type": "B"
    },
    {
      "value": "0",
      "date": "2025-06-10 16:00:00",
      "interval_length": "PT30M",
      "measure_type": "B"
    },
    {
      "value": "0",
      "date": "2025-06-10 16:30:00",
      "interval_length": "PT30M",
      "measure_type": "B"
    },
    {
      "value": "0",
      "date": "2025-06-10 17:00:00",
      "interval_length": "PT30M",
      "measure_type": "B"
    },
    {
      "value": "0",
      "date": "2025-06-10 17:30:00",
      "interval_length": "PT30M",
      "measure_type": "B"
    },
    {
      "value": "0",
      "date": "2025-06-10 18:00:00",
      "interval_length": "PT30M",
      "measure_type": "B"
    },
    {
      "value": "486",
      "date": "2025-06-10 18:30:00",
      "interval_length": "PT30M",
      "measure_type": "B"
    },
    {
      "value": "576",
      "date": "2025-06-10 19:00:00",
      "interval_length": "PT30M",
      "measure_type": "B"
    },
    {
      "value": "66",
      "date": "2025-06-10 19:30:00",
      "interval_length": "PT30M",
      "measure_type": "B"
    },
    {
      "value": "42",
      "date": "2025-06-10 20:00:00",
      "interval_length": "PT30M",
      "measure_type": "B"
    },
    {
      "value": "330",
      "date": "2025-06-10 20:30:00",
      "interval_length": "PT30M",
      "measure_type": "B"
    },
    {
      "value": "170",
      "date": "2025-06-10 21:00:00",
      "interval_length": "PT30M",
      "measure_type": "B"
    },
    {
      "value": "238",
      "date": "2025-06-10 21:30:00",
      "interval_length": "PT30M",
      "measure_type": "B"
    },
    {
      "value": "200",
      "date": "2025-06-10 22:00:00",
      "interval_length": "PT30M",
      "measure_type": "B"
    },
    {
      "value": "240",
      "date": "2025-06-10 22:30:00",
      "interval_length": "PT30M",
      "measure_type": "B"
    },
    {
      "value": "310",
      "date": "2025-06-10 23:00:00",
      "interval_length": "PT30M",
      "measure_type": "B"
    },
    {
      "value": "352",
      "date": "2025-06-10 23:30:00",
      "interval_length": "PT30M",
      "measure_type": "B"
    },
    {
      "value": "444",
      "date": "2025-06-11 00:00:00",
      "interval_length": "PT30M",
      "measure_type": "B"
    }
  ]
}