{
  "usage_point_id": "14889146046840",
  "start": "2025-10-24",
  "end": "2025-10-25",
  "quality": "BRUT",
  "reading_type": {
    "unit": "W",
    "measurement_kind": "power",
    "aggregate": "average"
  },
  "interval_reading": [
    {
      "value": "1642",
      "date": "2025-10-24 00:30:00",
      "interval_length": "PT30M",
      "measure_type": "B"
    },
    {
      "value": "304",
      "date": "2025-10-24 01:00:00",
      "interval_length": "PT30M",
      "measure_type": "B"
    },
    {
      "value": "350",
      "date": "2025-10-24 01:30:00",
      "interval_length": "PT30M",
      "measure_type": "B"
    },
    {
      "value": "364",
      "date": "2025-10-24 02:00:00",
      "interval_length": "PT30M",
      "measure_type": "B"
    },
    {
      "value": "284",
      "date": "2025-10-24 02:30:00",
      "interval_length": "PT30M",
      "measure_type": "B"
    },
    {
      "value": "332",
      "date": "2025-10-24 03:00:00",
      "interval_length": "PT30M",
      "measure_type": "B"
    },
    {
      "value": "86",
      "date": "2025-10-24 03:30:00",
      "interval_length": "PT30M",
      "measure_type": "B"
    },
    {
      "value": "968",
      "date": "2025-10-24 04:00:00",
      "interval_length": "PT30M",
      "measure_type": "B"
    },
    {
      "value": "1286",
      "date": "2025-10-24 04:30:00",
      "interval_length": "PT30M",
      "measure_type": "B"
    },
    {
      "value": "1126",
      "date": "2025-10-24 05:00:00",
      "interval_length": "PT30M",
      "measure_type": "B"
    },
    {
      "value": "998",
      "date": "2025-10-24 05:30:00",
      "interval_length": "PT30M",
      "measure_type": "B"
    },
    {
      "value": "796",
      "date": "2025-10-24 06:00:00",
      "interval_length": "PT30M",
      "measure_type": "B"
    },
    {
      "value": "574",
      "date": "2025-10-24 06:30:00",
      "interval_length": "PT30M",
      "measure_type": "B"
    },
    {
      "value": "596",
      "date": "2025-10-24 07:00:00",
      "interval_length": "PT30M",
      "measure_type": "B"
    },
    {
      "value": "522",
      "date": "2025-10-24 07:30:00",
      "interval_length": "PT30M",
      "measure_type": "B"
    },
    {
      "value": "562",
      "date": "2025-10-24 08:00:00",
      "interval_length": "PT30M",
      "measure_type": "B"
    },
    {
      "value": "788",
      "date": "2025-10-24 08:30:00",
      "interval_length": "PT30M",
      "measure_type": "B"
    },
    {
      "value": "258",
      "date": "2025-10-24 09:00:00",
      "interval_length": "PT30M",
      "measure_type": "B"
    },
    {
      "value": "288",
      "date": "2025-10-24 09:30:00",
      "interval_length": "PT30M",
      "measure_type": "B"
    },
    {
      "value": "488",
      "date": "2025-10-24 10:00:00",
      "interval_length": "PT30M",
      "measure_type": "B"
    },
    {
      "value": "530",
      "date": "2025-10-24 10:30:00",
      "interval_length": "PT30M",
      "measure_type": "B"
    },
    {
      "value": "442",
      "date": "2025-10-24 11:00:00",
      "interval_length": "PT30M",
      "measure_type": "B"
    },
    {
      "value": "1434",
      "date": "2025-10-24 11:30:00",
      "interval_length": "PT30M",
      "measure_type": "B"
    },
    {
      "value": "0",
      "date": "2025-10-24 12:00:00",
      "interval_length": "PT30M",
      "measure_type": "B"
    },
    {
      "value": "0",
      "date": "2025-10-24 12:30:00",
      "interval_length": "PT30M",
      "measure_type": "B"
    },
    {
      "value": "0",
      "date": "2025-10-24 13:00:00",
      "interval_length": "PT30M",
      "measure_type": "B"
    },
    {
      "value": "44",
      "date": "2025-10-24 13:30:00",
      "interval_length": "PT30M",
      "measure_type": "B"
    },
    {
      "value": "4",
      "date": "2025-10-24 14:00:00",
      "interval_length": "PT30M",
      "measure_type": "B"
    },
    {
      "value": "0",
      "date": "2025-10-24 14:30:00",
      "interval_length": "PT30M",
      "measure_type": "B"
    },
    {
      "value": "0",
      "date": "2025-10-24 15:00:00",
      "interval_length": "PT30M",
      "measure_type": "B"
    },
    {
      "value": "4",
      "date": "2025-10-24 15:30:00",
      "interval_length": "PT30M",
      "measure_type": "B"
    },
    {
      "value": "0",
      "date": "2025-10-24 16:00:00",
      "interval_length": "PT30M",
      "measure_type": "B"
    },
    {
      "value": "0",
      "date": "2025-10-24 16:30:00",
      "interval_length": "PT30M",
      "measure_type": "B"
    },
    {
      "value": "0",
      "date": "2025-10-24 17:00:00",
      "interval_length": "PT30M",
      "measure_type": "B"
    },
    {
      "value": "20",
      "date": "2025-10-24 17:30:00",
      "interval_length": "PT30M",
      "measure_type": "B"
    },
    {
      "value": "40",
      "date": "2025-10-24 18:00:00",
      "interval_length": "PT30M",
      "measure_type": "B"
    },
    {
      "value": "180",
      "date": "2025-10-24 18:30:00",
      "interval_length": "PT30M",
      "measure_type": "B"
    },
    {
      "value": "234",
      "date": "2025-10-24 19:00:00",
      "interval_length": "PT30M",
      "measure_type": "B"
    },
    {
      "value": "1450",
      "date": "2025-10-24 19:30:00",
      "interval_length": "PT30M",
      "measure_type": "B"
    },
    {
      "value": "1678",
      "date": "2025-10-24 20:00:00",
      "interval_length": "PT30M",
      "measure_type": "B"
    },
    {
      "value": "418",
      "date": "2025-10-24 20:30:00",
      "interval_length": "PT30M",
      "measure_type": "B"
    },
    {
      "value": "330",
      "date": "2025-10-24 21:00:00",
      "interval_length": "PT30M",
      "measure_type": "B"
    },
    {
      "value": "278",
      "date": "2025-10-24 21:30:00",
      "interval_length": "PT30M",
      "measure_type": "B"
    },
    {
      "value": "390",
      "date": "2025-10-24 22:00:00",
      "interval_length": "PT30M",
      "measure_type": "B"
    },
    {
      "value": "306",
      "date": "2025-10-24 22:30:00",
      "interval_length": "PT30M",
      "measure_type": "B"
    },
    {
      "value": "310",
      "date": "2025-10-24 23:00:00",
      "interval_length": "PT30M",
      "measure_type": "B"
    },
    {
      "value": "370",
      "date": "2025-10-24 23:30:00",
      "interval_length": "PT30M",
      "measure_type": "B"
    },
    {
      "value": "288",
      "date": "2025-10-25 00:00:00",
      "interval_length": "PT30M",
      "measure_type": "B"
    }
  ]
}