{
  "usage_point_id": "14889146046840",
  "start": "2025-10-18",
  "end": "2025-10-19",
  "quality": "BRUT",
  "reading_type": {
    "unit": "W",
    "measurement_kind": "power",
    "aggregate": "average"
  },
  "interval_reading": [
    {
      "value": "286",
      "date": "2025-10-18 00:30:00",
      "interval_length": "PT30M",
      "measure_type": "B"
    },
    {
      "value": "244",
      "date": "2025-10-18 01:00:00",
      "interval_length": "PT30M",
      "measure_type": "B"
    },
    {
      "value": "124",
      "date": "2025-10-18 01:30:00",
      "interval_length": "PT30M",
      "measure_type": "B"
    },
    {
      "value": "160",
      "date": "2025-10-18 02:00:00",
      "interval_length": "PT30M",
      "measure_type": "B"
    },
    {
      "value": "214",
      "date": "2025-10-18 02:30:00",
      "interval_length": "PT30M",
      "measure_type": "B"
    },
    {
      "value": "160",
      "date": "2025-10-18 03:00:00",
      "interval_length": "PT30M",
      "measure_type": "B"
    },
    {
      "value": "200",
      "date": "2025-10-18 03:30:00",
      "interval_length": "PT30M",
      "measure_type": "B"
    },
    {
      "value": "130",
      "date": "2025-10-18 04:00:00",
      "interval_length": "PT30M",
      "measure_type": "B"
    },
    {
      "value": "180",
      "date": "2025-10-18 04:30:00",
      "interval_length": "PT30M",
      "measure_type": "B"
    },
    {
      "value": "216",
      "date": "2025-10-18 05:00:00",
      "interval_length": "PT30M",
      "measure_type": "B"
    },
    {
      "value": "118",
      "date": "2025-10-18 05:30:00",
      "interval_length": "PT30M",
      "measure_type": "B"
    },
    {
      "value": "172",
      "date": "2025-10-18 06:00:00",
      "interval_length": "PT30M",
      "measure_type": "B"
    },
    {
      "value": "220",
      "date": "2025-10-18 06:30:00",
      "interval_length": "PT30M",
      "measure_type": "B"
    },
    {
      "value": "144",
      "date": "2025-10-18 07:00:00",
      "interval_length": "PT30M",
      "measure_type": "B"
    },
    {
      "value": "300",
      "date": "2025-10-18 07:30:00",
      "interval_length": "PT30M",
      "measure_type": "B"
    },
    {
      "value": "722",
      "date": "2025-10-18 08:00:00",
      "interval_length": "PT30M",
      "measure_type": "B"
    },
    {
      "value": "394",
      "date": "2025-10-18 08:30:00",
      "interval_length": "PT30M",
      "measure_type": "B"
    },
    {
      "value": "182",
      "date": "2025-10-18 09:00:00",
      "interval_length": "PT30M",
      "measure_type": "B"
    },
    {
      "value": "880",
      "date": "2025-10-18 09:30:00",
      "interval_length": "PT30M",
      "measure_type": "B"
    },
    {
      "value": "1048",
      "date": "2025-10-18 10:00:00",
      "interval_length": "PT30M",
      "measure_type": "B"
    },
    {
      "value": "792",
      "date": "2025-10-18 10:30:00",
      "interval_length": "PT30M",
      "measure_type": "B"
    },
    {
      "value": "474",
      "date": "2025-10-18 11:00:00",
      "interval_length": "PT30M",
      "measure_type": "B"
    },
    {
      "value": "82",
      "date": "2025-10-18 11:30:00",
      "interval_length": "PT30M",
      "measure_type": "B"
    },
    {
      "value": "0",
      "date": "2025-10-18 12:00:00",
      "interval_length": "PT30M",
      "measure_type": "B"
    },
    {
      "value": "1692",
      "date": "2025-10-18 12:30:00",
      "interval_length": "PT30M",
      "measure_type": "B"
    },
    {
      "value": "102",
      "date": "2025-10-18 13:00:00",
      "interval_length": "PT30M",
      "measure_type": "B"
    },
    {
      "value": "24",
      "date": "2025-10-18 13:30:00",
      "interval_length": "PT30M",
      "measure_type": "B"
    },
    {
      "value": "92",
      "date": "2025-10-18 14:00:00",
      "interval_length": "PT30M",
      "measure_type": "B"
    },
    {
      "value": "2936",
      "date": "2025-10-18 14:30:00",
      "interval_length": "PT30M",
      "measure_type": "B"
    },
    {
      "value": "2580",
      "date": "2025-10-18 15:00:00",
      "interval_length": "PT30M",
      "measure_type": "B"
    },
    {
      "value": "424",
      "date": "2025-10-18 15:30:00",
      "interval_length": "PT30M",
      "measure_type": "B"
    },
    {
      "value": "0",
      "date": "2025-10-18 16:00:00",
      "interval_length": "PT30M",
      "measure_type": "B"
    },
    {
      "value": "538",
      "date": "2025-10-18 16:30:00",
      "interval_length": "PT30M",
      "measure_type": "B"
    },
    {
      "value": "1016",
      "date": "2025-10-18 17:00:00",
      "interval_length": "PT30M",
      "measure_type": "B"
    },
    {
      "value": "28",
      "date": "2025-10-18 17:30:00",
      "interval_length": "PT30M",
      "measure_type": "B"
    },
    {
      "value": "956",
      "date": "2025-10-18 18:00:00",
      "interval_length": "PT30M",
      "measure_type": "B"
    },
    {
      "value": "992",
      "date": "2025-10-18 18:30:00",
      "interval_length": "PT30M",
      "measure_type": "B"
    },
    {
      "value": "424",
      "date": "2025-10-18 19:00:00",
      "interval_length": "PT30M",
      "measure_type": "B"
    },
    {
      "value": "3296",
      "date": "2025-10-18 19:30:00",
      "interval_length": "PT30M",
      "measure_type": "B"
    },
    {
      "value": "3280",
      "date": "2025-10-18 20:00:00",
      "interval_length": "PT30M",
      "measure_type": "B"
    },
    {
      "value": "830",
      "date": "2025-10-18 20:30:00",
      "interval_length": "PT30M",
      "measure_type": "B"
    },
    {
      "value": "466",
      "date": "2025-10-18 21:00:00",
      "interval_length": "PT30M",
      "measure_type": "B"
    },
    {
      "value": "420",
      "date": "2025-10-18 21:30:00",
      "interval_length": "PT30M",
      "measure_type": "B"
    },
    {
      "value": "362",
      "date": "2025-10-18 22:00:00",
      "interval_length": "PT30M",
      "measure_type": "B"
    },
    {
      "value": "392",
      "date": "2025-10-18 22:30:00",
      "interval_length": "PT30M",
      "measure_type": "B"
    },
    {
      "value": "348",
      "date": "2025-10-18 23:00:00",
      "interval_length": "PT30M",
      "measure_type": "B"
    },
    {
      "value": "378",
      "date": "2025-10-18 23:30:00",
      "interval_length": "PT30M",
      "measure_type": "B"
    },
    {
      "value": "626",
      "date": "2025-10-19 00:00:00",
      "interval_length": "PT30M",
      "measure_type": "B"
    }
  ]
}