{
  "usage_point_id": "14889146046840",
  "start": "2025-05-04",
  "end": "2025-05-05",
  "quality": "BRUT",
  "reading_type": {
    "unit": "W",
    "measurement_kind": "power",
    "aggregate": "average"
  },
  "interval_reading": [
    {
      "value": "376",
      "date": "2025-05-04 00:30:00",
      "interval_length": "PT30M",
      "measure_type": "B"
    },
    {
      "value": "350",
      "date": "2025-05-04 01:00:00",
      "interval_length": "PT30M",
      "measure_type": "B"
    },
    {
      "value": "266",
      "date": "2025-05-04 01:30:00",
      "interval_length": "PT30M",
      "measure_type": "B"
    },
    {
      "value": "188",
      "date": "2025-05-04 02:00:00",
      "interval_length": "PT30M",
      "measure_type": "B"
    },
    {
      "value": "182",
      "date": "2025-05-04 02:30:00",
      "interval_length": "PT30M",
      "measure_type": "B"
    },
    {
      "value": "186",
      "date": "2025-05-04 03:00:00",
      "interval_length": "PT30M",
      "measure_type": "B"
    },
    {
      "value": "128",
      "date": "2025-05-04 03:30:00",
      "interval_length": "PT30M",
      "measure_type": "B"
    },
    {
      "value": "218",
      "date": "2025-05-04 04:00:00",
      "interval_length": "PT30M",
      "measure_type": "B"
    },
    {
      "value": "200",
      "date": "2025-05-04 04:30:00",
      "interval_length": "PT30M",
      "measure_type": "B"
    },
    {
      "value": "186",
      "date": "2025-05-04 05:00:00",
      "interval_length": "PT30M",
      "measure_type": "B"
    },
    {
      "value": "158",
      "date": "2025-05-04 05:30:00",
      "interval_length": "PT30M",
      "measure_type": "B"
    },
    {
      "value": "146",
      "date": "2025-05-04 06:00:00",
      "interval_length": "PT30M",
      "measure_type": "B"
    },
    {
      "value": "194",
      "date": "2025-05-04 06:30:00",
      "interval_length": "PT30M",
      "measure_type": "B"
    },
    {
      "value": "182",
      "date": "2025-05-04 07:00:00",
      "interval_length": "PT30M",
      "measure_type": "B"
    },
    {
      "value": "236",
      "date": "2025-05-04 07:30:00",
      "interval_length": "PT30M",
      "measure_type": "B"
    },
    {
      "value": "248",
      "date": "2025-05-04 08:00:00",
      "interval_length": "PT30M",
      "measure_type": "B"
    },
    {
      "value": "134",
      "date": "2025-05-04 08:30:00",
      "interval_length": "PT30M",
      "measure_type": "B"
    },
    {
      "value": "152",
      "date": "2025-05-04 09:00:00",
      "interval_length": "PT30M",
      "measure_type": "B"
    },
    {
      "value": "242",
      "date": "2025-05-04 09:30:00",
      "interval_length": "PT30M",
      "measure_type": "B"
    },
    {
      "value": "190",
      "date": "2025-05-04 10:00:00",
      "interval_length": "PT30M",
      "measure_type": "B"
    },
    {
      "value": "24",
      "date": "2025-05-04 10:30:00",
      "interval_length": "PT30M",
      "measure_type": "B"
    },
    {
      "value": "18",
      "date": "2025-05-04 11:00:00",
      "interval_length": "PT30M",
      "measure_type": "B"
    },
    {
      "value": "0",
      "date": "2025-05-04 11:30:00",
      "interval_length": "PT30M",
      "measure_type": "B"
    },
    {
      "value": "0",
      "date": "2025-05-04 12:00:00",
      "interval_length": "PT30M",
      "measure_type": "B"
    },
    {
      "value": "0",
      "date": "2025-05-04 12:30:00",
      "interval_length": "PT30M",
      "measure_type": "B"
    },
    {
      "value": "0",
      "date": "2025-05-04 13:00:00",
      "interval_length": "PT30M",
      "measure_type": "B"
    },
    {
      "value": "0",
      "date": "2025-05-04 13:30:00",
      "interval_length": "PT30M",
      "measure_type": "B"
    },
    {
      "value": "0",
      "date": "2025-05-04 14:00:00",
      "interval_length": "PT30M",
      "measure_type": "B"
    },
    {
      "value": "0",
      "date": "2025-05-04 14:30:00",
      "interval_length": "PT30M",
      "measure_type": "B"
    },
    {
      "value": "0",
      "date": "2025-05-04 15:00:00",
      "interval_length": "PT30M",
      "measure_type": "B"
    },
    {
      "value": "0",
      "date": "2025-05-04 15:30:00",
      "interval_length": "PT30M",
      "measure_type": "B"
    },
    {
      "value": "0",
      "date": "2025-05-04 16:00:00",
      "interval_length": "PT30M",
      "measure_type": "B"
    },
    {
      "value": "0",
      "date": "2025-05-04 16:30:00",
      "interval_length": "PT30M",
      "measure_type": "B"
    },
    {
      "value": "0",
      "date": "2025-05-04 17:00:00",
      "interval_length": "PT30M",
      "measure_type": "B"
    },
    {
      "value": "0",
      "date": "2025-05-04 17:30:00",
      "interval_length": "PT30M",
      "measure_type": "B"
    },
    {
      "value": "672",
      "date": "2025-05-04 18:00:00",
      "interval_length": "PT30M",
      "measure_type": "B"
    },
    {
      "value": "636",
      "date": "2025-05-04 18:30:00",
      "interval_length": "PT30M",
      "measure_type": "B"
    },
    {
      "value": "8",
      "date": "2025-05-04 19:00:00",
      "interval_length": "PT30M",
      "measure_type": "B"
    },
    {
      "value": "0",
      "date": "2025-05-04 19:30:00",
      "interval_length": "PT30M",
      "measure_type": "B"
    },
    {
      "value": "10",
      "date": "2025-05-04 20:00:00",
      "interval_length": "PT30M",
      "measure_type": "B"
    },
    {
      "value": "174",
      "date": "2025-05-04 20:30:00",
      "interval_length": "PT30M",
      "measure_type": "B"
    },
    {
      "value": "170",
      "date": "2025-05-04 21:00:00",
      "interval_length": "PT30M",
      "measure_type": "B"
    },
    {
      "value": "200",
      "date": "2025-05-04 21:30:00",
      "interval_length": "PT30M",
      "measure_type": "B"
    },
    {
      "value": "220",
      "date": "2025-05-04 22:00:00",
      "interval_length": "PT30M",
      "measure_type": "B"
    },
    {
      "value": "280",
      "date": "2025-05-04 22:30:00",
      "interval_length": "PT30M",
      "measure_type": "B"
    },
    {
      "value": "456",
      "date": "2025-05-04 23:00:00",
      "interval_length": "PT30M",
      "measure_type": "B"
    },
    {
      "value": "336",
      "date": "2025-05-04 23:30:00",
      "interval_length": "PT30M",
      "measure_type": "B"
    },
    {
      "value": "370",
      "date": "2025-05-05 00:00:00",
      "interval_length": "PT30M",
      "measure_type": "B"
    }
  ]
}