{
  "usage_point_id": "14889146046840",
  "start": "2025-08-10",
  "end": "2025-08-11",
  "quality": "BRUT",
  "reading_type": {
    "unit": "W",
    "measurement_kind": "power",
    "aggregate": "average"
  },
  "interval_reading": [
    {
      "value": "1758",
      "date": "2025-08-10 00:30:00",
      "interval_length": "PT30M",
      "measure_type": "B"
    },
    {
      "value": "348",
      "date": "2025-08-10 01:00:00",
      "interval_length": "PT30M",
      "measure_type": "B"
    },
    {
      "value": "290",
      "date": "2025-08-10 01:30:00",
      "interval_length": "PT30M",
      "measure_type": "B"
    },
    {
      "value": "180",
      "date": "2025-08-10 02:00:00",
      "interval_length": "PT30M",
      "measure_type": "B"
    },
    {
      "value": "198",
      "date": "2025-08-10 02:30:00",
      "interval_length": "PT30M",
      "measure_type": "B"
    },
    {
      "value": "214",
      "date": "2025-08-10 03:00:00",
      "interval_length": "PT30M",
      "measure_type": "B"
    },
    {
      "value": "180",
      "date": "2025-08-10 03:30:00",
      "interval_length": "PT30M",
      "measure_type": "B"
    },
    {
      "value": "220",
      "date": "2025-08-10 04:00:00",
      "interval_length": "PT30M",
      "measure_type": "B"
    },
    {
      "value": "158",
      "date": "2025-08-10 04:30:00",
      "interval_length": "PT30M",
      "measure_type": "B"
    },
    {
      "value": "172",
      "date": "2025-08-10 05:00:00",
      "interval_length": "PT30M",
      "measure_type": "B"
    },
    {
      "value": "202",
      "date": "2025-08-10 05:30:00",
      "interval_length": "PT30M",
      "measure_type": "B"
    },
    {
      "value": "160",
      "date": "2025-08-10 06:00:00",
      "interval_length": "PT30M",
      "measure_type": "B"
    },
    {
      "value": "222",
      "date": "2025-08-10 06:30:00",
      "interval_length": "PT30M",
      "measure_type": "B"
    },
    {
      "value": "182",
      "date": "2025-08-10 07:00:00",
      "interval_length": "PT30M",
      "measure_type": "B"
    },
    {
      "value": "202",
      "date": "2025-08-10 07:30:00",
      "interval_length": "PT30M",
      "measure_type": "B"
    },
    {
      "value": "284",
      "date": "2025-08-10 08:00:00",
      "interval_length": "PT30M",
      "measure_type": "B"
    },
    {
      "value": "146",
      "date": "2025-08-10 08:30:00",
      "interval_length": "PT30M",
      "measure_type": "B"
    },
    {
      "value": "168",
      "date": "2025-08-10 09:00:00",
      "interval_length": "PT30M",
      "measure_type": "B"
    },
    {
      "value": "0",
      "date": "2025-08-10 09:30:00",
      "interval_length": "PT30M",
      "measure_type": "B"
    },
    {
      "value": "182",
      "date": "2025-08-10 10:00:00",
      "interval_length": "PT30M",
      "measure_type": "B"
    },
    {
      "value": "0",
      "date": "2025-08-10 10:30:00",
      "interval_length": "PT30M",
      "measure_type": "B"
    },
    {
      "value": "0",
      "date": "2025-08-10 11:00:00",
      "interval_length": "PT30M",
      "measure_type": "B"
    },
    {
      "value": "0",
      "date": "2025-08-10 11:30:00",
      "interval_length": "PT30M",
      "measure_type": "B"
    },
    {
      "value": "0",
      "date": "2025-08-10 12:00:00",
      "interval_length": "PT30M",
      "measure_type": "B"
    },
    {
      "value": "330",
      "date": "2025-08-10 12:30:00",
      "interval_length": "PT30M",
      "measure_type": "B"
    },
    {
      "value": "156",
      "date": "2025-08-10 13:00:00",
      "interval_length": "PT30M",
      "measure_type": "B"
    },
    {
      "value": "0",
      "date": "2025-08-10 13:30:00",
      "interval_length": "PT30M",
      "measure_type": "B"
    },
    {
      "value": "0",
      "date": "2025-08-10 14:00:00",
      "interval_length": "PT30M",
      "measure_type": "B"
    },
    {
      "value": "0",
      "date": "2025-08-10 14:30:00",
      "interval_length": "PT30M",
      "measure_type": "B"
    },
    {
      "value": "0",
      "date": "2025-08-10 15:00:00",
      "interval_length": "PT30M",
      "measure_type": "B"
    },
    {
      "value": "0",
      "date": "2025-08-10 15:30:00",
      "interval_length": "PT30M",
      "measure_type": "B"
    },
    {
      "value": "0",
      "date": "2025-08-10 16:00:00",
      "interval_length": "PT30M",
      "measure_type": "B"
    },
    {
      "value": "0",
      "date": "2025-08-10 16:30:00",
      "interval_length": "PT30M",
      "measure_type": "B"
    },
    {
      "value": "0",
      "date": "2025-08-10 17:00:00",
      "interval_length": "PT30M",
      "measure_type": "B"
    },
    {
      "value": "0",
      "date": "2025-08-10 17:30:00",
      "interval_length": "PT30M",
      "measure_type": "B"
    },
    {
      "value": "0",
      "date": "2025-08-10 18:00:00",
      "interval_length": "PT30M",
      "measure_type": "B"
    },
    {
      "value": "0",
      "date": "2025-08-10 18:30:00",
      "interval_length": "PT30M",
      "measure_type": "B"
    },
    {
      "value": "0",
      "date": "2025-08-10 19:00:00",
      "interval_length": "PT30M",
      "measure_type": "B"
    },
    {
      "value": "0",
      "date": "2025-08-10 19:30:00",
      "interval_length": "PT30M",
      "measure_type": "B"
    },
    {
      "value": "50",
      "date": "2025-08-10 20:00:00",
      "interval_length": "PT30M",
      "measure_type": "B"
    },
    {
      "value": "98",
      "date": "2025-08-10 20:30:00",
      "interval_length": "PT30M",
      "measure_type": "B"
    },
    {
      "value": "194",
      "date": "2025-08-10 21:00:00",
      "interval_length": "PT30M",
      "measure_type": "B"
    },
    {
      "value": "164",
      "date": "2025-08-10 21:30:00",
      "interval_length": "PT30M",
      "measure_type": "B"
    },
    {
      "value": "244",
      "date": "2025-08-10 22:00:00",
      "interval_length": "PT30M",
      "measure_type": "B"
    },
    {
      "value": "424",
      "date": "2025-08-10 22:30:00",
      "interval_length": "PT30M",
      "measure_type": "B"
    },
    {
      "value": "350",
      "date": "2025-08-10 23:00:00",
      "interval_length": "PT30M",
      "measure_type": "B"
    },
    {
      "value": "410",
      "date": "2025-08-10 23:30:00",
      "interval_length": "PT30M",
      "measure_type": "B"
    },
    {
      "value": "638",
      "date": "2025-08-11 00:00:00",
      "interval_length": "PT30M",
      "measure_type": "B"
    }
  ]
}