{
  "usage_point_id": "14889146046840",
  "start": "2025-10-23",
  "end": "2025-10-24",
  "quality": "BRUT",
  "reading_type": {
    "unit": "W",
    "measurement_kind": "power",
    "aggregate": "average"
  },
  "interval_reading": [
    {
      "value": "342",
      "date": "2025-10-23 00:30:00",
      "interval_length": "PT30M",
      "measure_type": "B"
    },
    {
      "value": "162",
      "date": "2025-10-23 01:00:00",
      "interval_length": "PT30M",
      "measure_type": "B"
    },
    {
      "value": "118",
      "date": "2025-10-23 01:30:00",
      "interval_length": "PT30M",
      "measure_type": "B"
    },
    {
      "value": "190",
      "date": "2025-10-23 02:00:00",
      "interval_length": "PT30M",
      "measure_type": "B"
    },
    {
      "value": "132",
      "date": "2025-10-23 02:30:00",
      "interval_length": "PT30M",
      "measure_type": "B"
    },
    {
      "value": "218",
      "date": "2025-10-23 03:00:00",
      "interval_length": "PT30M",
      "measure_type": "B"
    },
    {
      "value": "106",
      "date": "2025-10-23 03:30:00",
      "interval_length": "PT30M",
      "measure_type": "B"
    },
    {
      "value": "158",
      "date": "2025-10-23 04:00:00",
      "interval_length": "PT30M",
      "measure_type": "B"
    },
    {
      "value": "212",
      "date": "2025-10-23 04:30:00",
      "interval_length": "PT30M",
      "measure_type": "B"
    },
    {
      "value": "128",
      "date": "2025-10-23 05:00:00",
      "interval_length": "PT30M",
      "measure_type": "B"
    },
    {
      "value": "144",
      "date": "2025-10-23 05:30:00",
      "interval_length": "PT30M",
      "measure_type": "B"
    },
    {
      "value": "170",
      "date": "2025-10-23 06:00:00",
      "interval_length": "PT30M",
      "measure_type": "B"
    },
    {
      "value": "174",
      "date": "2025-10-23 06:30:00",
      "interval_length": "PT30M",
      "measure_type": "B"
    },
    {
      "value": "152",
      "date": "2025-10-23 07:00:00",
      "interval_length": "PT30M",
      "measure_type": "B"
    },
    {
      "value": "142",
      "date": "2025-10-23 07:30:00",
      "interval_length": "PT30M",
      "measure_type": "B"
    },
    {
      "value": "180",
      "date": "2025-10-23 08:00:00",
      "interval_length": "PT30M",
      "measure_type": "B"
    },
    {
      "value": "714",
      "date": "2025-10-23 08:30:00",
      "interval_length": "PT30M",
      "measure_type": "B"
    },
    {
      "value": "910",
      "date": "2025-10-23 09:00:00",
      "interval_length": "PT30M",
      "measure_type": "B"
    },
    {
      "value": "716",
      "date": "2025-10-23 09:30:00",
      "interval_length": "PT30M",
      "measure_type": "B"
    },
    {
      "value": "378",
      "date": "2025-10-23 10:00:00",
      "interval_length": "PT30M",
      "measure_type": "B"
    },
    {
      "value": "490",
      "date": "2025-10-23 10:30:00",
      "interval_length": "PT30M",
      "measure_type": "B"
    },
    {
      "value": "242",
      "date": "2025-10-23 11:00:00",
      "interval_length": "PT30M",
      "measure_type": "B"
    },
    {
      "value": "1030",
      "date": "2025-10-23 11:30:00",
      "interval_length": "PT30M",
      "measure_type": "B"
    },
    {
      "value": "562",
      "date": "2025-10-23 12:00:00",
      "interval_length": "PT30M",
      "measure_type": "B"
    },
    {
      "value": "68",
      "date": "2025-10-23 12:30:00",
      "interval_length": "PT30M",
      "measure_type": "B"
    },
    {
      "value": "1362",
      "date": "2025-10-23 13:00:00",
      "interval_length": "PT30M",
      "measure_type": "B"
    },
    {
      "value": "476",
      "date": "2025-10-23 13:30:00",
      "interval_length": "PT30M",
      "measure_type": "B"
    },
    {
      "value": "88",
      "date": "2025-10-23 14:00:00",
      "interval_length": "PT30M",
      "measure_type": "B"
    },
    {
      "value": "860",
      "date": "2025-10-23 14:30:00",
      "interval_length": "PT30M",
      "measure_type": "B"
    },
    {
      "value": "314",
      "date": "2025-10-23 15:00:00",
      "interval_length": "PT30M",
      "measure_type": "B"
    },
    {
      "value": "0",
      "date": "2025-10-23 15:30:00",
      "interval_length": "PT30M",
      "measure_type": "B"
    },
    {
      "value": "20",
      "date": "2025-10-23 16:00:00",
      "interval_length": "PT30M",
      "measure_type": "B"
    },
    {
      "value": "0",
      "date": "2025-10-23 16:30:00",
      "interval_length": "PT30M",
      "measure_type": "B"
    },
    {
      "value": "12",
      "date": "2025-10-23 17:00:00",
      "interval_length": "PT30M",
      "measure_type": "B"
    },
    {
      "value": "32",
      "date": "2025-10-23 17:30:00",
      "interval_length": "PT30M",
      "measure_type": "B"
    },
    {
      "value": "38",
      "date": "2025-10-23 18:00:00",
      "interval_length": "PT30M",
      "measure_type": "B"
    },
    {
      "value": "78",
      "date": "2025-10-23 18:30:00",
      "interval_length": "PT30M",
      "measure_type": "B"
    },
    {
      "value": "164",
      "date": "2025-10-23 19:00:00",
      "interval_length": "PT30M",
      "measure_type": "B"
    },
    {
      "value": "504",
      "date": "2025-10-23 19:30:00",
      "interval_length": "PT30M",
      "measure_type": "B"
    },
    {
      "value": "932",
      "date": "2025-10-23 20:00:00",
      "interval_length": "PT30M",
      "measure_type": "B"
    },
    {
      "value": "276",
      "date": "2025-10-23 20:30:00",
      "interval_length": "PT30M",
      "measure_type": "B"
    },
    {
      "value": "424",
      "date": "2025-10-23 21:00:00",
      "interval_length": "PT30M",
      "measure_type": "B"
    },
    {
      "value": "322",
      "date": "2025-10-23 21:30:00",
      "interval_length": "PT30M",
      "measure_type": "B"
    },
    {
      "value": "344",
      "date": "2025-10-23 22:00:00",
      "interval_length": "PT30M",
      "measure_type": "B"
    },
    {
      "value": "354",
      "date": "2025-10-23 22:30:00",
      "interval_length": "PT30M",
      "measure_type": "B"
    },
    {
      "value": "340",
      "date": "2025-10-23 23:00:00",
      "interval_length": "PT30M",
      "measure_type": "B"
    },
    {
      "value": "354",
      "date": "2025-10-23 23:30:00",
      "interval_length": "PT30M",
      "measure_type": "B"
    },
    {
      "value": "666",
      "date": "2025-10-24 00:00:00",
      "interval_length": "PT30M",
      "measure_type": "B"
    }
  ]
}