{
  "usage_point_id": "14889146046840",
  "start": "2025-10-25",
  "end": "2025-10-26",
  "quality": "BRUT",
  "reading_type": {
    "unit": "W",
    "measurement_kind": "power",
    "aggregate": "average"
  },
  "interval_reading": [
    {
      "value": "784",
      "date": "2025-10-25 00:30:00",
      "interval_length": "PT30M",
      "measure_type": "B"
    },
    {
      "value": "1024",
      "date": "2025-10-25 01:00:00",
      "interval_length": "PT30M",
      "measure_type": "B"
    },
    {
      "value": "722",
      "date": "2025-10-25 01:30:00",
      "interval_length": "PT30M",
      "measure_type": "B"
    },
    {
      "value": "692",
      "date": "2025-10-25 02:00:00",
      "interval_length": "PT30M",
      "measure_type": "B"
    },
    {
      "value": "532",
      "date": "2025-10-25 02:30:00",
      "interval_length": "PT30M",
      "measure_type": "B"
    },
    {
      "value": "582",
      "date": "2025-10-25 03:00:00",
      "interval_length": "PT30M",
      "measure_type": "B"
    },
    {
      "value": "488",
      "date": "2025-10-25 03:30:00",
      "interval_length": "PT30M",
      "measure_type": "B"
    },
    {
      "value": "486",
      "date": "2025-10-25 04:00:00",
      "interval_length": "PT30M",
      "measure_type": "B"
    },
    {
      "value": "462",
      "date": "2025-10-25 04:30:00",
      "interval_length": "PT30M",
      "measure_type": "B"
    },
    {
      "value": "482",
      "date": "2025-10-25 05:00:00",
      "interval_length": "PT30M",
      "measure_type": "B"
    },
    {
      "value": "310",
      "date": "2025-10-25 05:30:00",
      "interval_length": "PT30M",
      "measure_type": "B"
    },
    {
      "value": "116",
      "date": "2025-10-25 06:00:00",
      "interval_length": "PT30M",
      "measure_type": "B"
    },
    {
      "value": "140",
      "date": "2025-10-25 06:30:00",
      "interval_length": "PT30M",
      "measure_type": "B"
    },
    {
      "value": "158",
      "date": "2025-10-25 07:00:00",
      "interval_length": "PT30M",
      "measure_type": "B"
    },
    {
      "value": "136",
      "date": "2025-10-25 07:30:00",
      "interval_length": "PT30M",
      "measure_type": "B"
    },
    {
      "value": "150",
      "date": "2025-10-25 08:00:00",
      "interval_length": "PT30M",
      "measure_type": "B"
    },
    {
      "value": "332",
      "date": "2025-10-25 08:30:00",
      "interval_length": "PT30M",
      "measure_type": "B"
    },
    {
      "value": "240",
      "date": "2025-10-25 09:00:00",
      "interval_length": "PT30M",
      "measure_type": "B"
    },
    {
      "value": "1220",
      "date": "2025-10-25 09:30:00",
      "interval_length": "PT30M",
      "measure_type": "B"
    },
    {
      "value": "1518",
      "date": "2025-10-25 10:00:00",
      "interval_length": "PT30M",
      "measure_type": "B"
    },
    {
      "value": "286",
      "date": "2025-10-25 10:30:00",
      "interval_length": "PT30M",
      "measure_type": "B"
    },
    {
      "value": "6",
      "date": "2025-10-25 11:00:00",
      "interval_length": "PT30M",
      "measure_type": "B"
    },
    {
      "value": "0",
      "date": "2025-10-25 11:30:00",
      "interval_length": "PT30M",
      "measure_type": "B"
    },
    {
      "value": "0",
      "date": "2025-10-25 12:00:00",
      "interval_length": "PT30M",
      "measure_type": "B"
    },
    {
      "value": "608",
      "date": "2025-10-25 12:30:00",
      "interval_length": "PT30M",
      "measure_type": "B"
    },
    {
      "value": "628",
      "date": "2025-10-25 13:00:00",
      "interval_length": "PT30M",
      "measure_type": "B"
    },
    {
      "value": "870",
      "date": "2025-10-25 13:30:00",
      "interval_length": "PT30M",
      "measure_type": "B"
    },
    {
      "value": "910",
      "date": "2025-10-25 14:00:00",
      "interval_length": "PT30M",
      "measure_type": "B"
    },
    {
      "value": "0",
      "date": "2025-10-25 14:30:00",
      "interval_length": "PT30M",
      "measure_type": "B"
    },
    {
      "value": "72",
      "date": "2025-10-25 15:00:00",
      "interval_length": "PT30M",
      "measure_type": "B"
    },
    {
      "value": "0",
      "date": "2025-10-25 15:30:00",
      "interval_length": "PT30M",
      "measure_type": "B"
    },
    {
      "value": "0",
      "date": "2025-10-25 16:00:00",
      "interval_length": "PT30M",
      "measure_type": "B"
    },
    {
      "value": "0",
      "date": "2025-10-25 16:30:00",
      "interval_length": "PT30M",
      "measure_type": "B"
    },
    {
      "value": "14",
      "date": "2025-10-25 17:00:00",
      "interval_length": "PT30M",
      "measure_type": "B"
    },
    {
      "value": "0",
      "date": "2025-10-25 17:30:00",
      "interval_length": "PT30M",
      "measure_type": "B"
    },
    {
      "value": "432",
      "date": "2025-10-25 18:00:00",
      "interval_length": "PT30M",
      "measure_type": "B"
    },
    {
      "value": "1884",
      "date": "2025-10-25 18:30:00",
      "interval_length": "PT30M",
      "measure_type": "B"
    },
    {
      "value": "444",
      "date": "2025-10-25 19:00:00",
      "interval_length": "PT30M",
      "measure_type": "B"
    },
    {
      "value": "388",
      "date": "2025-10-25 19:30:00",
      "interval_length": "PT30M",
      "measure_type": "B"
    },
    {
      "value": "418",
      "date": "2025-10-25 20:00:00",
      "interval_length": "PT30M",
      "measure_type": "B"
    },
    {
      "value": "294",
      "date": "2025-10-25 20:30:00",
      "interval_length": "PT30M",
      "measure_type": "B"
    },
    {
      "value": "368",
      "date": "2025-10-25 21:00:00",
      "interval_length": "PT30M",
      "measure_type": "B"
    },
    {
      "value": "364",
      "date": "2025-10-25 21:30:00",
      "interval_length": "PT30M",
      "measure_type": "B"
    },
    {
      "value": "336",
      "date": "2025-10-25 22:00:00",
      "interval_length": "PT30M",
      "measure_type": "B"
    },
    {
      "value": "292",
      "date": "2025-10-25 22:30:00",
      "interval_length": "PT30M",
      "measure_type": "B"
    },
    {
      "value": "360",
      "date": "2025-10-25 23:00:00",
      "interval_length": "PT30M",
      "measure_type": "B"
    },
    {
      "value": "348",
      "date": "2025-10-25 23:30:00",
      "interval_length": "PT30M",
      "measure_type": "B"
    },
    {
      "value": "586",
      "date": "2025-10-26 00:00:00",
      "interval_length": "PT30M",
      "measure_type": "B"
    }
  ]
}