{
  "usage_point_id": "14889146046840",
  "start": "2025-11-11",
  "end": "2025-11-12",
  "quality": "BRUT",
  "reading_type": {
    "unit": "W",
    "measurement_kind": "power",
    "aggregate": "average"
  },
  "interval_reading": [
    {
      "value": "346",
      "date": "2025-11-11 00:30:00",
      "interval_length": "PT30M",
      "measure_type": "B"
    },
    {
      "value": "212",
      "date": "2025-11-11 01:00:00",
      "interval_length": "PT30M",
      "measure_type": "B"
    },
    {
      "value": "256",
      "date": "2025-11-11 01:30:00",
      "interval_length": "PT30M",
      "measure_type": "B"
    },
    {
      "value": "752",
      "date": "2025-11-11 02:00:00",
      "interval_length": "PT30M",
      "measure_type": "B"
    },
    {
      "value": "750",
      "date": "2025-11-11 02:30:00",
      "interval_length": "PT30M",
      "measure_type": "B"
    },
    {
      "value": "740",
      "date": "2025-11-11 03:00:00",
      "interval_length": "PT30M",
      "measure_type": "B"
    },
    {
      "value": "590",
      "date": "2025-11-11 03:30:00",
      "interval_length": "PT30M",
      "measure_type": "B"
    },
    {
      "value": "588",
      "date": "2025-11-11 04:00:00",
      "interval_length": "PT30M",
      "measure_type": "B"
    },
    {
      "value": "544",
      "date": "2025-11-11 04:30:00",
      "interval_length": "PT30M",
      "measure_type": "B"
    },
    {
      "value": "542",
      "date": "2025-11-11 05:00:00",
      "interval_length": "PT30M",
      "measure_type": "B"
    },
    {
      "value": "438",
      "date": "2025-11-11 05:30:00",
      "interval_length": "PT30M",
      "measure_type": "B"
    },
    {
      "value": "564",
      "date": "2025-11-11 06:00:00",
      "interval_length": "PT30M",
      "measure_type": "B"
    },
    {
      "value": "258",
      "date": "2025-11-11 06:30:00",
      "interval_length": "PT30M",
      "measure_type": "B"
    },
    {
      "value": "214",
      "date": "2025-11-11 07:00:00",
      "interval_length": "PT30M",
      "measure_type": "B"
    },
    {
      "value": "230",
      "date": "2025-11-11 07:30:00",
      "interval_length": "PT30M",
      "measure_type": "B"
    },
    {
      "value": "698",
      "date": "2025-11-11 08:00:00",
      "interval_length": "PT30M",
      "measure_type": "B"
    },
    {
      "value": "320",
      "date": "2025-11-11 08:30:00",
      "interval_length": "PT30M",
      "measure_type": "B"
    },
    {
      "value": "230",
      "date": "2025-11-11 09:00:00",
      "interval_length": "PT30M",
      "measure_type": "B"
    },
    {
      "value": "166",
      "date": "2025-11-11 09:30:00",
      "interval_length": "PT30M",
      "measure_type": "B"
    },
    {
      "value": "1344",
      "date": "2025-11-11 10:00:00",
      "interval_length": "PT30M",
      "measure_type": "B"
    },
    {
      "value": "1354",
      "date": "2025-11-11 10:30:00",
      "interval_length": "PT30M",
      "measure_type": "B"
    },
    {
      "value": "1938",
      "date": "2025-11-11 11:00:00",
      "interval_length": "PT30M",
      "measure_type": "B"
    },
    {
      "value": "182",
      "date": "2025-11-11 11:30:00",
      "interval_length": "PT30M",
      "measure_type": "B"
    },
    {
      "value": "216",
      "date": "2025-11-11 12:00:00",
      "interval_length": "PT30M",
      "measure_type": "B"
    },
    {
      "value": "0",
      "date": "2025-11-11 12:30:00",
      "interval_length": "PT30M",
      "measure_type": "B"
    },
    {
      "value": "918",
      "date": "2025-11-11 13:00:00",
      "interval_length": "PT30M",
      "measure_type": "B"
    },
    {
      "value": "4",
      "date": "2025-11-11 13:30:00",
      "interval_length": "PT30M",
      "measure_type": "B"
    },
    {
      "value": "0",
      "date": "2025-11-11 14:00:00",
      "interval_length": "PT30M",
      "measure_type": "B"
    },
    {
      "value": "0",
      "date": "2025-11-11 14:30:00",
      "interval_length": "PT30M",
      "measure_type": "B"
    },
    {
      "value": "0",
      "date": "2025-11-11 15:00:00",
      "interval_length": "PT30M",
      "measure_type": "B"
    },
    {
      "value": "0",
      "date": "2025-11-11 15:30:00",
      "interval_length": "PT30M",
      "measure_type": "B"
    },
    {
      "value": "6",
      "date": "2025-11-11 16:00:00",
      "interval_length": "PT30M",
      "measure_type": "B"
    },
    {
      "value": "62",
      "date": "2025-11-11 16:30:00",
      "interval_length": "PT30M",
      "measure_type": "B"
    },
    {
      "value": "312",
      "date": "2025-11-11 17:00:00",
      "interval_length": "PT30M",
      "measure_type": "B"
    },
    {
      "value": "296",
      "date": "2025-11-11 17:30:00",
      "interval_length": "PT30M",
      "measure_type": "B"
    },
    {
      "value": "234",
      "date": "2025-11-11 18:00:00",
      "interval_length": "PT30M",
      "measure_type": "B"
    },
    {
      "value": "440",
      "date": "2025-11-11 18:30:00",
      "interval_length": "PT30M",
      "measure_type": "B"
    },
    {
      "value": "998",
      "date": "2025-11-11 19:00:00",
      "interval_length": "PT30M",
      "measure_type": "B"
    },
    {
      "value": "1926",
      "date": "2025-11-11 19:30:00",
      "interval_length": "PT30M",
      "measure_type": "B"
    },
    {
      "value": "556",
      "date": "2025-11-11 20:00:00",
      "interval_length": "PT30M",
      "measure_type": "B"
    },
    {
      "value": "544",
      "date": "2025-11-11 20:30:00",
      "interval_length": "PT30M",
      "measure_type": "B"
    },
    {
      "value": "384",
      "date": "2025-11-11 21:00:00",
      "interval_length": "PT30M",
      "measure_type": "B"
    },
    {
      "value": "476",
      "date": "2025-11-11 21:30:00",
      "interval_length": "PT30M",
      "measure_type": "B"
    },
    {
      "value": "376",
      "date": "2025-11-11 22:00:00",
      "interval_length": "PT30M",
      "measure_type": "B"
    },
    {
      "value": "432",
      "date": "2025-11-11 22:30:00",
      "interval_length": "PT30M",
      "measure_type": "B"
    },
    {
      "value": "434",
      "date": "2025-11-11 23:00:00",
      "interval_length": "PT30M",
      "measure_type": "B"
    },
    {
      "value": "376",
      "date": "2025-11-11 23:30:00",
      "interval_length": "PT30M",
      "measure_type": "B"
    },
    {
      "value": "478",
      "date": "2025-11-12 00:00:00",
      "interval_length": "PT30M",
      "measure_type": "B"
    }
  ]
}