{
  "usage_point_id": "14889146046840",
  "start": "2025-04-03",
  "end": "2025-04-04",
  "quality": "BRUT",
  "reading_type": {
    "unit": "W",
    "measurement_kind": "power",
    "aggregate": "average"
  },
  "interval_reading": [
    {
      "value": "178",
      "date": "2025-04-03 00:30:00",
      "interval_length": "PT30M",
      "measure_type": "B"
    },
    {
      "value": "140",
      "date": "2025-04-03 01:00:00",
      "interval_length": "PT30M",
      "measure_type": "B"
    },
    {
      "value": "80",
      "date": "2025-04-03 01:30:00",
      "interval_length": "PT30M",
      "measure_type": "B"
    },
    {
      "value": "244",
      "date": "2025-04-03 02:00:00",
      "interval_length": "PT30M",
      "measure_type": "B"
    },
    {
      "value": "178",
      "date": "2025-04-03 02:30:00",
      "interval_length": "PT30M",
      "measure_type": "B"
    },
    {
      "value": "110",
      "date": "2025-04-03 03:00:00",
      "interval_length": "PT30M",
      "measure_type": "B"
    },
    {
      "value": "112",
      "date": "2025-04-03 03:30:00",
      "interval_length": "PT30M",
      "measure_type": "B"
    },
    {
      "value": "492",
      "date": "2025-04-03 04:00:00",
      "interval_length": "PT30M",
      "measure_type": "B"
    },
    {
      "value": "1058",
      "date": "2025-04-03 04:30:00",
      "interval_length": "PT30M",
      "measure_type": "B"
    },
    {
      "value": "996",
      "date": "2025-04-03 05:00:00",
      "interval_length": "PT30M",
      "measure_type": "B"
    },
    {
      "value": "1012",
      "date": "2025-04-03 05:30:00",
      "interval_length": "PT30M",
      "measure_type": "B"
    },
    {
      "value": "394",
      "date": "2025-04-03 06:00:00",
      "interval_length": "PT30M",
      "measure_type": "B"
    },
    {
      "value": "122",
      "date": "2025-04-03 06:30:00",
      "interval_length": "PT30M",
      "measure_type": "B"
    },
    {
      "value": "132",
      "date": "2025-04-03 07:00:00",
      "interval_length": "PT30M",
      "measure_type": "B"
    },
    {
      "value": "112",
      "date": "2025-04-03 07:30:00",
      "interval_length": "PT30M",
      "measure_type": "B"
    },
    {
      "value": "148",
      "date": "2025-04-03 08:00:00",
      "interval_length": "PT30M",
      "measure_type": "B"
    },
    {
      "value": "172",
      "date": "2025-04-03 08:30:00",
      "interval_length": "PT30M",
      "measure_type": "B"
    },
    {
      "value": "916",
      "date": "2025-04-03 09:00:00",
      "interval_length": "PT30M",
      "measure_type": "B"
    },
    {
      "value": "460",
      "date": "2025-04-03 09:30:00",
      "interval_length": "PT30M",
      "measure_type": "B"
    },
    {
      "value": "32",
      "date": "2025-04-03 10:00:00",
      "interval_length": "PT30M",
      "measure_type": "B"
    },
    {
      "value": "86",
      "date": "2025-04-03 10:30:00",
      "interval_length": "PT30M",
      "measure_type": "B"
    },
    {
      "value": "18",
      "date": "2025-04-03 11:00:00",
      "interval_length": "PT30M",
      "measure_type": "B"
    },
    {
      "value": "48",
      "date": "2025-04-03 11:30:00",
      "interval_length": "PT30M",
      "measure_type": "B"
    },
    {
      "value": "376",
      "date": "2025-04-03 12:00:00",
      "interval_length": "PT30M",
      "measure_type": "B"
    },
    {
      "value": "732",
      "date": "2025-04-03 12:30:00",
      "interval_length": "PT30M",
      "measure_type": "B"
    },
    {
      "value": "294",
      "date": "2025-04-03 13:00:00",
      "interval_length": "PT30M",
      "measure_type": "B"
    },
    {
      "value": "40",
      "date": "2025-04-03 13:30:00",
      "interval_length": "PT30M",
      "measure_type": "B"
    },
    {
      "value": "2",
      "date": "2025-04-03 14:00:00",
      "interval_length": "PT30M",
      "measure_type": "B"
    },
    {
      "value": "30",
      "date": "2025-04-03 14:30:00",
      "interval_length": "PT30M",
      "measure_type": "B"
    },
    {
      "value": "0",
      "date": "2025-04-03 15:00:00",
      "interval_length": "PT30M",
      "measure_type": "B"
    },
    {
      "value": "0",
      "date": "2025-04-03 15:30:00",
      "interval_length": "PT30M",
      "measure_type": "B"
    },
    {
      "value": "20",
      "date": "2025-04-03 16:00:00",
      "interval_length": "PT30M",
      "measure_type": "B"
    },
    {
      "value": "0",
      "date": "2025-04-03 16:30:00",
      "interval_length": "PT30M",
      "measure_type": "B"
    },
    {
      "value": "0",
      "date": "2025-04-03 17:00:00",
      "interval_length": "PT30M",
      "measure_type": "B"
    },
    {
      "value": "0",
      "date": "2025-04-03 17:30:00",
      "interval_length": "PT30M",
      "measure_type": "B"
    },
    {
      "value": "0",
      "date": "2025-04-03 18:00:00",
      "interval_length": "PT30M",
      "measure_type": "B"
    },
    {
      "value": "18",
      "date": "2025-04-03 18:30:00",
      "interval_length": "PT30M",
      "measure_type": "B"
    },
    {
      "value": "134",
      "date": "2025-04-03 19:00:00",
      "interval_length": "PT30M",
      "measure_type": "B"
    },
    {
      "value": "514",
      "date": "2025-04-03 19:30:00",
      "interval_length": "PT30M",
      "measure_type": "B"
    },
    {
      "value": "230",
      "date": "2025-04-03 20:00:00",
      "interval_length": "PT30M",
      "measure_type": "B"
    },
    {
      "value": "92",
      "date": "2025-04-03 20:30:00",
      "interval_length": "PT30M",
      "measure_type": "B"
    },
    {
      "value": "570",
      "date": "2025-04-03 21:00:00",
      "interval_length": "PT30M",
      "measure_type": "B"
    },
    {
      "value": "1658",
      "date": "2025-04-03 21:30:00",
      "interval_length": "PT30M",
      "measure_type": "B"
    },
    {
      "value": "146",
      "date": "2025-04-03 22:00:00",
      "interval_length": "PT30M",
      "measure_type": "B"
    },
    {
      "value": "150",
      "date": "2025-04-03 22:30:00",
      "interval_length": "PT30M",
      "measure_type": "B"
    },
    {
      "value": "462",
      "date": "2025-04-03 23:00:00",
      "interval_length": "PT30M",
      "measure_type": "B"
    },
    {
      "value": "464",
      "date": "2025-04-03 23:30:00",
      "interval_length": "PT30M",
      "measure_type": "B"
    },
    {
      "value": "104",
      "date": "2025-04-04 00:00:00",
      "interval_length": "PT30M",
      "measure_type": "B"
    }
  ]
}