{
  "usage_point_id": "14889146046840",
  "start": "2025-11-01",
  "end": "2025-11-02",
  "quality": "BRUT",
  "reading_type": {
    "unit": "W",
    "measurement_kind": "power",
    "aggregate": "average"
  },
  "interval_reading": [
    {
      "value": "170",
      "date": "2025-11-01 00:30:00",
      "interval_length": "PT30M",
      "measure_type": "B"
    },
    {
      "value": "152",
      "date": "2025-11-01 01:00:00",
      "interval_length": "PT30M",
      "measure_type": "B"
    },
    {
      "value": "168",
      "date": "2025-11-01 01:30:00",
      "interval_length": "PT30M",
      "measure_type": "B"
    },
    {
      "value": "170",
      "date": "2025-11-01 02:00:00",
      "interval_length": "PT30M",
      "measure_type": "B"
    },
    {
      "value": "182",
      "date": "2025-11-01 02:30:00",
      "interval_length": "PT30M",
      "measure_type": "B"
    },
    {
      "value": "144",
      "date": "2025-11-01 03:00:00",
      "interval_length": "PT30M",
      "measure_type": "B"
    },
    {
      "value": "124",
      "date": "2025-11-01 03:30:00",
      "interval_length": "PT30M",
      "measure_type": "B"
    },
    {
      "value": "240",
      "date": "2025-11-01 04:00:00",
      "interval_length": "PT30M",
      "measure_type": "B"
    },
    {
      "value": "130",
      "date": "2025-11-01 04:30:00",
      "interval_length": "PT30M",
      "measure_type": "B"
    },
    {
      "value": "156",
      "date": "2025-11-01 05:00:00",
      "interval_length": "PT30M",
      "measure_type": "B"
    },
    {
      "value": "166",
      "date": "2025-11-01 05:30:00",
      "interval_length": "PT30M",
      "measure_type": "B"
    },
    {
      "value": "154",
      "date": "2025-11-01 06:00:00",
      "interval_length": "PT30M",
      "measure_type": "B"
    },
    {
      "value": "194",
      "date": "2025-11-01 06:30:00",
      "interval_length": "PT30M",
      "measure_type": "B"
    },
    {
      "value": "114",
      "date": "2025-11-01 07:00:00",
      "interval_length": "PT30M",
      "measure_type": "B"
    },
    {
      "value": "142",
      "date": "2025-11-01 07:30:00",
      "interval_length": "PT30M",
      "measure_type": "B"
    },
    {
      "value": "624",
      "date": "2025-11-01 08:00:00",
      "interval_length": "PT30M",
      "measure_type": "B"
    },
    {
      "value": "246",
      "date": "2025-11-01 08:30:00",
      "interval_length": "PT30M",
      "measure_type": "B"
    },
    {
      "value": "274",
      "date": "2025-11-01 09:00:00",
      "interval_length": "PT30M",
      "measure_type": "B"
    },
    {
      "value": "858",
      "date": "2025-11-01 09:30:00",
      "interval_length": "PT30M",
      "measure_type": "B"
    },
    {
      "value": "2300",
      "date": "2025-11-01 10:00:00",
      "interval_length": "PT30M",
      "measure_type": "B"
    },
    {
      "value": "2482",
      "date": "2025-11-01 10:30:00",
      "interval_length": "PT30M",
      "measure_type": "B"
    },
    {
      "value": "84",
      "date": "2025-11-01 11:00:00",
      "interval_length": "PT30M",
      "measure_type": "B"
    },
    {
      "value": "0",
      "date": "2025-11-01 11:30:00",
      "interval_length": "PT30M",
      "measure_type": "B"
    },
    {
      "value": "0",
      "date": "2025-11-01 12:00:00",
      "interval_length": "PT30M",
      "measure_type": "B"
    },
    {
      "value": "514",
      "date": "2025-11-01 12:30:00",
      "interval_length": "PT30M",
      "measure_type": "B"
    },
    {
      "value": "238",
      "date": "2025-11-01 13:00:00",
      "interval_length": "PT30M",
      "measure_type": "B"
    },
    {
      "value": "0",
      "date": "2025-11-01 13:30:00",
      "interval_length": "PT30M",
      "measure_type": "B"
    },
    {
      "value": "104",
      "date": "2025-11-01 14:00:00",
      "interval_length": "PT30M",
      "measure_type": "B"
    },
    {
      "value": "20",
      "date": "2025-11-01 14:30:00",
      "interval_length": "PT30M",
      "measure_type": "B"
    },
    {
      "value": "2",
      "date": "2025-11-01 15:00:00",
      "interval_length": "PT30M",
      "measure_type": "B"
    },
    {
      "value": "0",
      "date": "2025-11-01 15:30:00",
      "interval_length": "PT30M",
      "measure_type": "B"
    },
    {
      "value": "32",
      "date": "2025-11-01 16:00:00",
      "interval_length": "PT30M",
      "measure_type": "B"
    },
    {
      "value": "52",
      "date": "2025-11-01 16:30:00",
      "interval_length": "PT30M",
      "measure_type": "B"
    },
    {
      "value": "116",
      "date": "2025-11-01 17:00:00",
      "interval_length": "PT30M",
      "measure_type": "B"
    },
    {
      "value": "204",
      "date": "2025-11-01 17:30:00",
      "interval_length": "PT30M",
      "measure_type": "B"
    },
    {
      "value": "2602",
      "date": "2025-11-01 18:00:00",
      "interval_length": "PT30M",
      "measure_type": "B"
    },
    {
      "value": "1648",
      "date": "2025-11-01 18:30:00",
      "interval_length": "PT30M",
      "measure_type": "B"
    },
    {
      "value": "636",
      "date": "2025-11-01 19:00:00",
      "interval_length": "PT30M",
      "measure_type": "B"
    },
    {
      "value": "852",
      "date": "2025-11-01 19:30:00",
      "interval_length": "PT30M",
      "measure_type": "B"
    },
    {
      "value": "2350",
      "date": "2025-11-01 20:00:00",
      "interval_length": "PT30M",
      "measure_type": "B"
    },
    {
      "value": "2026",
      "date": "2025-11-01 20:30:00",
      "interval_length": "PT30M",
      "measure_type": "B"
    },
    {
      "value": "484",
      "date": "2025-11-01 21:00:00",
      "interval_length": "PT30M",
      "measure_type": "B"
    },
    {
      "value": "462",
      "date": "2025-11-01 21:30:00",
      "interval_length": "PT30M",
      "measure_type": "B"
    },
    {
      "value": "806",
      "date": "2025-11-01 22:00:00",
      "interval_length": "PT30M",
      "measure_type": "B"
    },
    {
      "value": "474",
      "date": "2025-11-01 22:30:00",
      "interval_length": "PT30M",
      "measure_type": "B"
    },
    {
      "value": "474",
      "date": "2025-11-01 23:00:00",
      "interval_length": "PT30M",
      "measure_type": "B"
    },
    {
      "value": "488",
      "date": "2025-11-01 23:30:00",
      "interval_length": "PT30M",
      "measure_type": "B"
    },
    {
      "value": "610",
      "date": "2025-11-02 00:00:00",
      "interval_length": "PT30M",
      "measure_type": "B"
    }
  ]
}