{
  "usage_point_id": "14889146046840",
  "start": "2025-11-23",
  "end": "2025-11-24",
  "quality": "BRUT",
  "reading_type": {
    "unit": "W",
    "measurement_kind": "power",
    "aggregate": "average"
  },
  "interval_reading": [
    {
      "value": "1554",
      "date": "2025-11-23 00:30:00",
      "interval_length": "PT30M",
      "measure_type": "B"
    },
    {
      "value": "456",
      "date": "2025-11-23 01:00:00",
      "interval_length": "PT30M",
      "measure_type": "B"
    },
    {
      "value": "380",
      "date": "2025-11-23 01:30:00",
      "interval_length": "PT30M",
      "measure_type": "B"
    },
    {
      "value": "382",
      "date": "2025-11-23 02:00:00",
      "interval_length": "PT30M",
      "measure_type": "B"
    },
    {
      "value": "424",
      "date": "2025-11-23 02:30:00",
      "interval_length": "PT30M",
      "measure_type": "B"
    },
    {
      "value": "366",
      "date": "2025-11-23 03:00:00",
      "interval_length": "PT30M",
      "measure_type": "B"
    },
    {
      "value": "306",
      "date": "2025-11-23 03:30:00",
      "interval_length": "PT30M",
      "measure_type": "B"
    },
    {
      "value": "1416",
      "date": "2025-11-23 04:00:00",
      "interval_length": "PT30M",
      "measure_type": "B"
    },
    {
      "value": "1652",
      "date": "2025-11-23 04:30:00",
      "interval_length": "PT30M",
      "measure_type": "B"
    },
    {
      "value": "1376",
      "date": "2025-11-23 05:00:00",
      "interval_length": "PT30M",
      "measure_type": "B"
    },
    {
      "value": "1234",
      "date": "2025-11-23 05:30:00",
      "interval_length": "PT30M",
      "measure_type": "B"
    },
    {
      "value": "1034",
      "date": "2025-11-23 06:00:00",
      "interval_length": "PT30M",
      "measure_type": "B"
    },
    {
      "value": "890",
      "date": "2025-11-23 06:30:00",
      "interval_length": "PT30M",
      "measure_type": "B"
    },
    {
      "value": "606",
      "date": "2025-11-23 07:00:00",
      "interval_length": "PT30M",
      "measure_type": "B"
    },
    {
      "value": "618",
      "date": "2025-11-23 07:30:00",
      "interval_length": "PT30M",
      "measure_type": "B"
    },
    {
      "value": "558",
      "date": "2025-11-23 08:00:00",
      "interval_length": "PT30M",
      "measure_type": "B"
    },
    {
      "value": "444",
      "date": "2025-11-23 08:30:00",
      "interval_length": "PT30M",
      "measure_type": "B"
    },
    {
      "value": "314",
      "date": "2025-11-23 09:00:00",
      "interval_length": "PT30M",
      "measure_type": "B"
    },
    {
      "value": "214",
      "date": "2025-11-23 09:30:00",
      "interval_length": "PT30M",
      "measure_type": "B"
    },
    {
      "value": "1536",
      "date": "2025-11-23 10:00:00",
      "interval_length": "PT30M",
      "measure_type": "B"
    },
    {
      "value": "342",
      "date": "2025-11-23 10:30:00",
      "interval_length": "PT30M",
      "measure_type": "B"
    },
    {
      "value": "346",
      "date": "2025-11-23 11:00:00",
      "interval_length": "PT30M",
      "measure_type": "B"
    },
    {
      "value": "494",
      "date": "2025-11-23 11:30:00",
      "interval_length": "PT30M",
      "measure_type": "B"
    },
    {
      "value": "768",
      "date": "2025-11-23 12:00:00",
      "interval_length": "PT30M",
      "measure_type": "B"
    },
    {
      "value": "230",
      "date": "2025-11-23 12:30:00",
      "interval_length": "PT30M",
      "measure_type": "B"
    },
    {
      "value": "2034",
      "date": "2025-11-23 13:00:00",
      "interval_length": "PT30M",
      "measure_type": "B"
    },
    {
      "value": "2136",
      "date": "2025-11-23 13:30:00",
      "interval_length": "PT30M",
      "measure_type": "B"
    },
    {
      "value": "190",
      "date": "2025-11-23 14:00:00",
      "interval_length": "PT30M",
      "measure_type": "B"
    },
    {
      "value": "148",
      "date": "2025-11-23 14:30:00",
      "interval_length": "PT30M",
      "measure_type": "B"
    },
    {
      "value": "174",
      "date": "2025-11-23 15:00:00",
      "interval_length": "PT30M",
      "measure_type": "B"
    },
    {
      "value": "64",
      "date": "2025-11-23 15:30:00",
      "interval_length": "PT30M",
      "measure_type": "B"
    },
    {
      "value": "164",
      "date": "2025-11-23 16:00:00",
      "interval_length": "PT30M",
      "measure_type": "B"
    },
    {
      "value": "166",
      "date": "2025-11-23 16:30:00",
      "interval_length": "PT30M",
      "measure_type": "B"
    },
    {
      "value": "464",
      "date": "2025-11-23 17:00:00",
      "interval_length": "PT30M",
      "measure_type": "B"
    },
    {
      "value": "2464",
      "date": "2025-11-23 17:30:00",
      "interval_length": "PT30M",
      "measure_type": "B"
    },
    {
      "value": "778",
      "date": "2025-11-23 18:00:00",
      "interval_length": "PT30M",
      "measure_type": "B"
    },
    {
      "value": "1704",
      "date": "2025-11-23 18:30:00",
      "interval_length": "PT30M",
      "measure_type": "B"
    },
    {
      "value": "1394",
      "date": "2025-11-23 19:00:00",
      "interval_length": "PT30M",
      "measure_type": "B"
    },
    {
      "value": "1284",
      "date": "2025-11-23 19:30:00",
      "interval_length": "PT30M",
      "measure_type": "B"
    },
    {
      "value": "1126",
      "date": "2025-11-23 20:00:00",
      "interval_length": "PT30M",
      "measure_type": "B"
    },
    {
      "value": "752",
      "date": "2025-11-23 20:30:00",
      "interval_length": "PT30M",
      "measure_type": "B"
    },
    {
      "value": "492",
      "date": "2025-11-23 21:00:00",
      "interval_length": "PT30M",
      "measure_type": "B"
    },
    {
      "value": "406",
      "date": "2025-11-23 21:30:00",
      "interval_length": "PT30M",
      "measure_type": "B"
    },
    {
      "value": "428",
      "date": "2025-11-23 22:00:00",
      "interval_length": "PT30M",
      "measure_type": "B"
    },
    {
      "value": "478",
      "date": "2025-11-23 22:30:00",
      "interval_length": "PT30M",
      "measure_type": "B"
    },
    {
      "value": "402",
      "date": "2025-11-23 23:00:00",
      "interval_length": "PT30M",
      "measure_type": "B"
    },
    {
      "value": "476",
      "date": "2025-11-23 23:30:00",
      "interval_length": "PT30M",
      "measure_type": "B"
    },
    {
      "value": "408",
      "date": "2025-11-24 00:00:00",
      "interval_length": "PT30M",
      "measure_type": "B"
    }
  ]
}