{
  "usage_point_id": "14889146046840",
  "start": "2025-07-14",
  "end": "2025-07-15",
  "quality": "BRUT",
  "reading_type": {
    "unit": "W",
    "measurement_kind": "power",
    "aggregate": "average"
  },
  "interval_reading": [
    {
      "value": "230",
      "date": "2025-07-14 00:30:00",
      "interval_length": "PT30M",
      "measure_type": "B"
    },
    {
      "value": "264",
      "date": "2025-07-14 01:00:00",
      "interval_length": "PT30M",
      "measure_type": "B"
    },
    {
      "value": "258",
      "date": "2025-07-14 01:30:00",
      "interval_length": "PT30M",
      "measure_type": "B"
    },
    {
      "value": "176",
      "date": "2025-07-14 02:00:00",
      "interval_length": "PT30M",
      "measure_type": "B"
    },
    {
      "value": "240",
      "date": "2025-07-14 02:30:00",
      "interval_length": "PT30M",
      "measure_type": "B"
    },
    {
      "value": "210",
      "date": "2025-07-14 03:00:00",
      "interval_length": "PT30M",
      "measure_type": "B"
    },
    {
      "value": "186",
      "date": "2025-07-14 03:30:00",
      "interval_length": "PT30M",
      "measure_type": "B"
    },
    {
      "value": "240",
      "date": "2025-07-14 04:00:00",
      "interval_length": "PT30M",
      "measure_type": "B"
    },
    {
      "value": "144",
      "date": "2025-07-14 04:30:00",
      "interval_length": "PT30M",
      "measure_type": "B"
    },
    {
      "value": "222",
      "date": "2025-07-14 05:00:00",
      "interval_length": "PT30M",
      "measure_type": "B"
    },
    {
      "value": "220",
      "date": "2025-07-14 05:30:00",
      "interval_length": "PT30M",
      "measure_type": "B"
    },
    {
      "value": "202",
      "date": "2025-07-14 06:00:00",
      "interval_length": "PT30M",
      "measure_type": "B"
    },
    {
      "value": "264",
      "date": "2025-07-14 06:30:00",
      "interval_length": "PT30M",
      "measure_type": "B"
    },
    {
      "value": "156",
      "date": "2025-07-14 07:00:00",
      "interval_length": "PT30M",
      "measure_type": "B"
    },
    {
      "value": "282",
      "date": "2025-07-14 07:30:00",
      "interval_length": "PT30M",
      "measure_type": "B"
    },
    {
      "value": "176",
      "date": "2025-07-14 08:00:00",
      "interval_length": "PT30M",
      "measure_type": "B"
    },
    {
      "value": "116",
      "date": "2025-07-14 08:30:00",
      "interval_length": "PT30M",
      "measure_type": "B"
    },
    {
      "value": "1224",
      "date": "2025-07-14 09:00:00",
      "interval_length": "PT30M",
      "measure_type": "B"
    },
    {
      "value": "14",
      "date": "2025-07-14 09:30:00",
      "interval_length": "PT30M",
      "measure_type": "B"
    },
    {
      "value": "0",
      "date": "2025-07-14 10:00:00",
      "interval_length": "PT30M",
      "measure_type": "B"
    },
    {
      "value": "0",
      "date": "2025-07-14 10:30:00",
      "interval_length": "PT30M",
      "measure_type": "B"
    },
    {
      "value": "0",
      "date": "2025-07-14 11:00:00",
      "interval_length": "PT30M",
      "measure_type": "B"
    },
    {
      "value": "0",
      "date": "2025-07-14 11:30:00",
      "interval_length": "PT30M",
      "measure_type": "B"
    },
    {
      "value": "0",
      "date": "2025-07-14 12:00:00",
      "interval_length": "PT30M",
      "measure_type": "B"
    },
    {
      "value": "0",
      "date": "2025-07-14 12:30:00",
      "interval_length": "PT30M",
      "measure_type": "B"
    },
    {
      "value": "0",
      "date": "2025-07-14 13:00:00",
      "interval_length": "PT30M",
      "measure_type": "B"
    },
    {
      "value": "8",
      "date": "2025-07-14 13:30:00",
      "interval_length": "PT30M",
      "measure_type": "B"
    },
    {
      "value": "28",
      "date": "2025-07-14 14:00:00",
      "interval_length": "PT30M",
      "measure_type": "B"
    },
    {
      "value": "0",
      "date": "2025-07-14 14:30:00",
      "interval_length": "PT30M",
      "measure_type": "B"
    },
    {
      "value": "0",
      "date": "2025-07-14 15:00:00",
      "interval_length": "PT30M",
      "measure_type": "B"
    },
    {
      "value": "0",
      "date": "2025-07-14 15:30:00",
      "interval_length": "PT30M",
      "measure_type": "B"
    },
    {
      "value": "0",
      "date": "2025-07-14 16:00:00",
      "interval_length": "PT30M",
      "measure_type": "B"
    },
    {
      "value": "0",
      "date": "2025-07-14 16:30:00",
      "interval_length": "PT30M",
      "measure_type": "B"
    },
    {
      "value": "0",
      "date": "2025-07-14 17:00:00",
      "interval_length": "PT30M",
      "measure_type": "B"
    },
    {
      "value": "0",
      "date": "2025-07-14 17:30:00",
      "interval_length": "PT30M",
      "measure_type": "B"
    },
    {
      "value": "0",
      "date": "2025-07-14 18:00:00",
      "interval_length": "PT30M",
      "measure_type": "B"
    },
    {
      "value": "0",
      "date": "2025-07-14 18:30:00",
      "interval_length": "PT30M",
      "measure_type": "B"
    },
    {
      "value": "0",
      "date": "2025-07-14 19:00:00",
      "interval_length": "PT30M",
      "measure_type": "B"
    },
    {
      "value": "0",
      "date": "2025-07-14 19:30:00",
      "interval_length": "PT30M",
      "measure_type": "B"
    },
    {
      "value": "22",
      "date": "2025-07-14 20:00:00",
      "interval_length": "PT30M",
      "measure_type": "B"
    },
    {
      "value": "94",
      "date": "2025-07-14 20:30:00",
      "interval_length": "PT30M",
      "measure_type": "B"
    },
    {
      "value": "1120",
      "date": "2025-07-14 21:00:00",
      "interval_length": "PT30M",
      "measure_type": "B"
    },
    {
      "value": "950",
      "date": "2025-07-14 21:30:00",
      "interval_length": "PT30M",
      "measure_type": "B"
    },
    {
      "value": "186",
      "date": "2025-07-14 22:00:00",
      "interval_length": "PT30M",
      "measure_type": "B"
    },
    {
      "value": "280",
      "date": "2025-07-14 22:30:00",
      "interval_length": "PT30M",
      "measure_type": "B"
    },
    {
      "value": "280",
      "date": "2025-07-14 23:00:00",
      "interval_length": "PT30M",
      "measure_type": "B"
    },
    {
      "value": "426",
      "date": "2025-07-14 23:30:00",
      "interval_length": "PT30M",
      "measure_type": "B"
    },
    {
      "value": "392",
      "date": "2025-07-15 00:00:00",
      "interval_length": "PT30M",
      "measure_type": "B"
    }
  ]
}