{
  "usage_point_id": "14889146046840",
  "start": "2025-11-10",
  "end": "2025-11-11",
  "quality": "BRUT",
  "reading_type": {
    "unit": "W",
    "measurement_kind": "power",
    "aggregate": "average"
  },
  "interval_reading": [
    {
      "value": "1128",
      "date": "2025-11-10 00:30:00",
      "interval_length": "PT30M",
      "measure_type": "B"
    },
    {
      "value": "374",
      "date": "2025-11-10 01:00:00",
      "interval_length": "PT30M",
      "measure_type": "B"
    },
    {
      "value": "466",
      "date": "2025-11-10 01:30:00",
      "interval_length": "PT30M",
      "measure_type": "B"
    },
    {
      "value": "358",
      "date": "2025-11-10 02:00:00",
      "interval_length": "PT30M",
      "measure_type": "B"
    },
    {
      "value": "218",
      "date": "2025-11-10 02:30:00",
      "interval_length": "PT30M",
      "measure_type": "B"
    },
    {
      "value": "250",
      "date": "2025-11-10 03:00:00",
      "interval_length": "PT30M",
      "measure_type": "B"
    },
    {
      "value": "174",
      "date": "2025-11-10 03:30:00",
      "interval_length": "PT30M",
      "measure_type": "B"
    },
    {
      "value": "272",
      "date": "2025-11-10 04:00:00",
      "interval_length": "PT30M",
      "measure_type": "B"
    },
    {
      "value": "194",
      "date": "2025-11-10 04:30:00",
      "interval_length": "PT30M",
      "measure_type": "B"
    },
    {
      "value": "218",
      "date": "2025-11-10 05:00:00",
      "interval_length": "PT30M",
      "measure_type": "B"
    },
    {
      "value": "250",
      "date": "2025-11-10 05:30:00",
      "interval_length": "PT30M",
      "measure_type": "B"
    },
    {
      "value": "194",
      "date": "2025-11-10 06:00:00",
      "interval_length": "PT30M",
      "measure_type": "B"
    },
    {
      "value": "222",
      "date": "2025-11-10 06:30:00",
      "interval_length": "PT30M",
      "measure_type": "B"
    },
    {
      "value": "464",
      "date": "2025-11-10 07:00:00",
      "interval_length": "PT30M",
      "measure_type": "B"
    },
    {
      "value": "888",
      "date": "2025-11-10 07:30:00",
      "interval_length": "PT30M",
      "measure_type": "B"
    },
    {
      "value": "882",
      "date": "2025-11-10 08:00:00",
      "interval_length": "PT30M",
      "measure_type": "B"
    },
    {
      "value": "602",
      "date": "2025-11-10 08:30:00",
      "interval_length": "PT30M",
      "measure_type": "B"
    },
    {
      "value": "558",
      "date": "2025-11-10 09:00:00",
      "interval_length": "PT30M",
      "measure_type": "B"
    },
    {
      "value": "552",
      "date": "2025-11-10 09:30:00",
      "interval_length": "PT30M",
      "measure_type": "B"
    },
    {
      "value": "1166",
      "date": "2025-11-10 10:00:00",
      "interval_length": "PT30M",
      "measure_type": "B"
    },
    {
      "value": "782",
      "date": "2025-11-10 10:30:00",
      "interval_length": "PT30M",
      "measure_type": "B"
    },
    {
      "value": "1742",
      "date": "2025-11-10 11:00:00",
      "interval_length": "PT30M",
      "measure_type": "B"
    },
    {
      "value": "1502",
      "date": "2025-11-10 11:30:00",
      "interval_length": "PT30M",
      "measure_type": "B"
    },
    {
      "value": "416",
      "date": "2025-11-10 12:00:00",
      "interval_length": "PT30M",
      "measure_type": "B"
    },
    {
      "value": "0",
      "date": "2025-11-10 12:30:00",
      "interval_length": "PT30M",
      "measure_type": "B"
    },
    {
      "value": "12",
      "date": "2025-11-10 13:00:00",
      "interval_length": "PT30M",
      "measure_type": "B"
    },
    {
      "value": "12",
      "date": "2025-11-10 13:30:00",
      "interval_length": "PT30M",
      "measure_type": "B"
    },
    {
      "value": "1460",
      "date": "2025-11-10 14:00:00",
      "interval_length": "PT30M",
      "measure_type": "B"
    },
    {
      "value": "1732",
      "date": "2025-11-10 14:30:00",
      "interval_length": "PT30M",
      "measure_type": "B"
    },
    {
      "value": "254",
      "date": "2025-11-10 15:00:00",
      "interval_length": "PT30M",
      "measure_type": "B"
    },
    {
      "value": "102",
      "date": "2025-11-10 15:30:00",
      "interval_length": "PT30M",
      "measure_type": "B"
    },
    {
      "value": "712",
      "date": "2025-11-10 16:00:00",
      "interval_length": "PT30M",
      "measure_type": "B"
    },
    {
      "value": "164",
      "date": "2025-11-10 16:30:00",
      "interval_length": "PT30M",
      "measure_type": "B"
    },
    {
      "value": "1384",
      "date": "2025-11-10 17:00:00",
      "interval_length": "PT30M",
      "measure_type": "B"
    },
    {
      "value": "262",
      "date": "2025-11-10 17:30:00",
      "interval_length": "PT30M",
      "measure_type": "B"
    },
    {
      "value": "212",
      "date": "2025-11-10 18:00:00",
      "interval_length": "PT30M",
      "measure_type": "B"
    },
    {
      "value": "456",
      "date": "2025-11-10 18:30:00",
      "interval_length": "PT30M",
      "measure_type": "B"
    },
    {
      "value": "336",
      "date": "2025-11-10 19:00:00",
      "interval_length": "PT30M",
      "measure_type": "B"
    },
    {
      "value": "766",
      "date": "2025-11-10 19:30:00",
      "interval_length": "PT30M",
      "measure_type": "B"
    },
    {
      "value": "496",
      "date": "2025-11-10 20:00:00",
      "interval_length": "PT30M",
      "measure_type": "B"
    },
    {
      "value": "1032",
      "date": "2025-11-10 20:30:00",
      "interval_length": "PT30M",
      "measure_type": "B"
    },
    {
      "value": "2192",
      "date": "2025-11-10 21:00:00",
      "interval_length": "PT30M",
      "measure_type": "B"
    },
    {
      "value": "372",
      "date": "2025-11-10 21:30:00",
      "interval_length": "PT30M",
      "measure_type": "B"
    },
    {
      "value": "456",
      "date": "2025-11-10 22:00:00",
      "interval_length": "PT30M",
      "measure_type": "B"
    },
    {
      "value": "406",
      "date": "2025-11-10 22:30:00",
      "interval_length": "PT30M",
      "measure_type": "B"
    },
    {
      "value": "406",
      "date": "2025-11-10 23:00:00",
      "interval_length": "PT30M",
      "measure_type": "B"
    },
    {
      "value": "454",
      "date": "2025-11-10 23:30:00",
      "interval_length": "PT30M",
      "measure_type": "B"
    },
    {
      "value": "360",
      "date": "2025-11-11 00:00:00",
      "interval_length": "PT30M",
      "measure_type": "B"
    }
  ]
}