{
  "usage_point_id": "14889146046840",
  "start": "2025-10-16",
  "end": "2025-10-17",
  "quality": "BRUT",
  "reading_type": {
    "unit": "W",
    "measurement_kind": "power",
    "aggregate": "average"
  },
  "interval_reading": [
    {
      "value": "2442",
      "date": "2025-10-16 00:30:00",
      "interval_length": "PT30M",
      "measure_type": "B"
    },
    {
      "value": "158",
      "date": "2025-10-16 01:00:00",
      "interval_length": "PT30M",
      "measure_type": "B"
    },
    {
      "value": "170",
      "date": "2025-10-16 01:30:00",
      "interval_length": "PT30M",
      "measure_type": "B"
    },
    {
      "value": "132",
      "date": "2025-10-16 02:00:00",
      "interval_length": "PT30M",
      "measure_type": "B"
    },
    {
      "value": "192",
      "date": "2025-10-16 02:30:00",
      "interval_length": "PT30M",
      "measure_type": "B"
    },
    {
      "value": "148",
      "date": "2025-10-16 03:00:00",
      "interval_length": "PT30M",
      "measure_type": "B"
    },
    {
      "value": "110",
      "date": "2025-10-16 03:30:00",
      "interval_length": "PT30M",
      "measure_type": "B"
    },
    {
      "value": "206",
      "date": "2025-10-16 04:00:00",
      "interval_length": "PT30M",
      "measure_type": "B"
    },
    {
      "value": "140",
      "date": "2025-10-16 04:30:00",
      "interval_length": "PT30M",
      "measure_type": "B"
    },
    {
      "value": "472",
      "date": "2025-10-16 05:00:00",
      "interval_length": "PT30M",
      "measure_type": "B"
    },
    {
      "value": "858",
      "date": "2025-10-16 05:30:00",
      "interval_length": "PT30M",
      "measure_type": "B"
    },
    {
      "value": "748",
      "date": "2025-10-16 06:00:00",
      "interval_length": "PT30M",
      "measure_type": "B"
    },
    {
      "value": "698",
      "date": "2025-10-16 06:30:00",
      "interval_length": "PT30M",
      "measure_type": "B"
    },
    {
      "value": "570",
      "date": "2025-10-16 07:00:00",
      "interval_length": "PT30M",
      "measure_type": "B"
    },
    {
      "value": "608",
      "date": "2025-10-16 07:30:00",
      "interval_length": "PT30M",
      "measure_type": "B"
    },
    {
      "value": "684",
      "date": "2025-10-16 08:00:00",
      "interval_length": "PT30M",
      "measure_type": "B"
    },
    {
      "value": "558",
      "date": "2025-10-16 08:30:00",
      "interval_length": "PT30M",
      "measure_type": "B"
    },
    {
      "value": "424",
      "date": "2025-10-16 09:00:00",
      "interval_length": "PT30M",
      "measure_type": "B"
    },
    {
      "value": "156",
      "date": "2025-10-16 09:30:00",
      "interval_length": "PT30M",
      "measure_type": "B"
    },
    {
      "value": "72",
      "date": "2025-10-16 10:00:00",
      "interval_length": "PT30M",
      "measure_type": "B"
    },
    {
      "value": "60",
      "date": "2025-10-16 10:30:00",
      "interval_length": "PT30M",
      "measure_type": "B"
    },
    {
      "value": "316",
      "date": "2025-10-16 11:00:00",
      "interval_length": "PT30M",
      "measure_type": "B"
    },
    {
      "value": "130",
      "date": "2025-10-16 11:30:00",
      "interval_length": "PT30M",
      "measure_type": "B"
    },
    {
      "value": "8",
      "date": "2025-10-16 12:00:00",
      "interval_length": "PT30M",
      "measure_type": "B"
    },
    {
      "value": "0",
      "date": "2025-10-16 12:30:00",
      "interval_length": "PT30M",
      "measure_type": "B"
    },
    {
      "value": "48",
      "date": "2025-10-16 13:00:00",
      "interval_length": "PT30M",
      "measure_type": "B"
    },
    {
      "value": "378",
      "date": "2025-10-16 13:30:00",
      "interval_length": "PT30M",
      "measure_type": "B"
    },
    {
      "value": "162",
      "date": "2025-10-16 14:00:00",
      "interval_length": "PT30M",
      "measure_type": "B"
    },
    {
      "value": "0",
      "date": "2025-10-16 14:30:00",
      "interval_length": "PT30M",
      "measure_type": "B"
    },
    {
      "value": "0",
      "date": "2025-10-16 15:00:00",
      "interval_length": "PT30M",
      "measure_type": "B"
    },
    {
      "value": "0",
      "date": "2025-10-16 15:30:00",
      "interval_length": "PT30M",
      "measure_type": "B"
    },
    {
      "value": "0",
      "date": "2025-10-16 16:00:00",
      "interval_length": "PT30M",
      "measure_type": "B"
    },
    {
      "value": "0",
      "date": "2025-10-16 16:30:00",
      "interval_length": "PT30M",
      "measure_type": "B"
    },
    {
      "value": "0",
      "date": "2025-10-16 17:00:00",
      "interval_length": "PT30M",
      "measure_type": "B"
    },
    {
      "value": "0",
      "date": "2025-10-16 17:30:00",
      "interval_length": "PT30M",
      "measure_type": "B"
    },
    {
      "value": "0",
      "date": "2025-10-16 18:00:00",
      "interval_length": "PT30M",
      "measure_type": "B"
    },
    {
      "value": "0",
      "date": "2025-10-16 18:30:00",
      "interval_length": "PT30M",
      "measure_type": "B"
    },
    {
      "value": "66",
      "date": "2025-10-16 19:00:00",
      "interval_length": "PT30M",
      "measure_type": "B"
    },
    {
      "value": "192",
      "date": "2025-10-16 19:30:00",
      "interval_length": "PT30M",
      "measure_type": "B"
    },
    {
      "value": "578",
      "date": "2025-10-16 20:00:00",
      "interval_length": "PT30M",
      "measure_type": "B"
    },
    {
      "value": "516",
      "date": "2025-10-16 20:30:00",
      "interval_length": "PT30M",
      "measure_type": "B"
    },
    {
      "value": "2210",
      "date": "2025-10-16 21:00:00",
      "interval_length": "PT30M",
      "measure_type": "B"
    },
    {
      "value": "704",
      "date": "2025-10-16 21:30:00",
      "interval_length": "PT30M",
      "measure_type": "B"
    },
    {
      "value": "338",
      "date": "2025-10-16 22:00:00",
      "interval_length": "PT30M",
      "measure_type": "B"
    },
    {
      "value": "374",
      "date": "2025-10-16 22:30:00",
      "interval_length": "PT30M",
      "measure_type": "B"
    },
    {
      "value": "314",
      "date": "2025-10-16 23:00:00",
      "interval_length": "PT30M",
      "measure_type": "B"
    },
    {
      "value": "342",
      "date": "2025-10-16 23:30:00",
      "interval_length": "PT30M",
      "measure_type": "B"
    },
    {
      "value": "378",
      "date": "2025-10-17 00:00:00",
      "interval_length": "PT30M",
      "measure_type": "B"
    }
  ]
}