{
  "usage_point_id": "14889146046840",
  "start": "2025-09-15",
  "end": "2025-09-16",
  "quality": "BRUT",
  "reading_type": {
    "unit": "W",
    "measurement_kind": "power",
    "aggregate": "average"
  },
  "interval_reading": [
    {
      "value": "444",
      "date": "2025-09-15 00:30:00",
      "interval_length": "PT30M",
      "measure_type": "B"
    },
    {
      "value": "368",
      "date": "2025-09-15 01:00:00",
      "interval_length": "PT30M",
      "measure_type": "B"
    },
    {
      "value": "156",
      "date": "2025-09-15 01:30:00",
      "interval_length": "PT30M",
      "measure_type": "B"
    },
    {
      "value": "162",
      "date": "2025-09-15 02:00:00",
      "interval_length": "PT30M",
      "measure_type": "B"
    },
    {
      "value": "182",
      "date": "2025-09-15 02:30:00",
      "interval_length": "PT30M",
      "measure_type": "B"
    },
    {
      "value": "202",
      "date": "2025-09-15 03:00:00",
      "interval_length": "PT30M",
      "measure_type": "B"
    },
    {
      "value": "188",
      "date": "2025-09-15 03:30:00",
      "interval_length": "PT30M",
      "measure_type": "B"
    },
    {
      "value": "190",
      "date": "2025-09-15 04:00:00",
      "interval_length": "PT30M",
      "measure_type": "B"
    },
    {
      "value": "170",
      "date": "2025-09-15 04:30:00",
      "interval_length": "PT30M",
      "measure_type": "B"
    },
    {
      "value": "134",
      "date": "2025-09-15 05:00:00",
      "interval_length": "PT30M",
      "measure_type": "B"
    },
    {
      "value": "214",
      "date": "2025-09-15 05:30:00",
      "interval_length": "PT30M",
      "measure_type": "B"
    },
    {
      "value": "156",
      "date": "2025-09-15 06:00:00",
      "interval_length": "PT30M",
      "measure_type": "B"
    },
    {
      "value": "204",
      "date": "2025-09-15 06:30:00",
      "interval_length": "PT30M",
      "measure_type": "B"
    },
    {
      "value": "186",
      "date": "2025-09-15 07:00:00",
      "interval_length": "PT30M",
      "measure_type": "B"
    },
    {
      "value": "144",
      "date": "2025-09-15 07:30:00",
      "interval_length": "PT30M",
      "measure_type": "B"
    },
    {
      "value": "260",
      "date": "2025-09-15 08:00:00",
      "interval_length": "PT30M",
      "measure_type": "B"
    },
    {
      "value": "384",
      "date": "2025-09-15 08:30:00",
      "interval_length": "PT30M",
      "measure_type": "B"
    },
    {
      "value": "170",
      "date": "2025-09-15 09:00:00",
      "interval_length": "PT30M",
      "measure_type": "B"
    },
    {
      "value": "150",
      "date": "2025-09-15 09:30:00",
      "interval_length": "PT30M",
      "measure_type": "B"
    },
    {
      "value": "10",
      "date": "2025-09-15 10:00:00",
      "interval_length": "PT30M",
      "measure_type": "B"
    },
    {
      "value": "10",
      "date": "2025-09-15 10:30:00",
      "interval_length": "PT30M",
      "measure_type": "B"
    },
    {
      "value": "166",
      "date": "2025-09-15 11:00:00",
      "interval_length": "PT30M",
      "measure_type": "B"
    },
    {
      "value": "1256",
      "date": "2025-09-15 11:30:00",
      "interval_length": "PT30M",
      "measure_type": "B"
    },
    {
      "value": "496",
      "date": "2025-09-15 12:00:00",
      "interval_length": "PT30M",
      "measure_type": "B"
    },
    {
      "value": "246",
      "date": "2025-09-15 12:30:00",
      "interval_length": "PT30M",
      "measure_type": "B"
    },
    {
      "value": "48",
      "date": "2025-09-15 13:00:00",
      "interval_length": "PT30M",
      "measure_type": "B"
    },
    {
      "value": "4",
      "date": "2025-09-15 13:30:00",
      "interval_length": "PT30M",
      "measure_type": "B"
    },
    {
      "value": "10",
      "date": "2025-09-15 14:00:00",
      "interval_length": "PT30M",
      "measure_type": "B"
    },
    {
      "value": "0",
      "date": "2025-09-15 14:30:00",
      "interval_length": "PT30M",
      "measure_type": "B"
    },
    {
      "value": "0",
      "date": "2025-09-15 15:00:00",
      "interval_length": "PT30M",
      "measure_type": "B"
    },
    {
      "value": "0",
      "date": "2025-09-15 15:30:00",
      "interval_length": "PT30M",
      "measure_type": "B"
    },
    {
      "value": "0",
      "date": "2025-09-15 16:00:00",
      "interval_length": "PT30M",
      "measure_type": "B"
    },
    {
      "value": "0",
      "date": "2025-09-15 16:30:00",
      "interval_length": "PT30M",
      "measure_type": "B"
    },
    {
      "value": "0",
      "date": "2025-09-15 17:00:00",
      "interval_length": "PT30M",
      "measure_type": "B"
    },
    {
      "value": "0",
      "date": "2025-09-15 17:30:00",
      "interval_length": "PT30M",
      "measure_type": "B"
    },
    {
      "value": "0",
      "date": "2025-09-15 18:00:00",
      "interval_length": "PT30M",
      "measure_type": "B"
    },
    {
      "value": "0",
      "date": "2025-09-15 18:30:00",
      "interval_length": "PT30M",
      "measure_type": "B"
    },
    {
      "value": "76",
      "date": "2025-09-15 19:00:00",
      "interval_length": "PT30M",
      "measure_type": "B"
    },
    {
      "value": "256",
      "date": "2025-09-15 19:30:00",
      "interval_length": "PT30M",
      "measure_type": "B"
    },
    {
      "value": "188",
      "date": "2025-09-15 20:00:00",
      "interval_length": "PT30M",
      "measure_type": "B"
    },
    {
      "value": "1064",
      "date": "2025-09-15 20:30:00",
      "interval_length": "PT30M",
      "measure_type": "B"
    },
    {
      "value": "1548",
      "date": "2025-09-15 21:00:00",
      "interval_length": "PT30M",
      "measure_type": "B"
    },
    {
      "value": "378",
      "date": "2025-09-15 21:30:00",
      "interval_length": "PT30M",
      "measure_type": "B"
    },
    {
      "value": "406",
      "date": "2025-09-15 22:00:00",
      "interval_length": "PT30M",
      "measure_type": "B"
    },
    {
      "value": "356",
      "date": "2025-09-15 22:30:00",
      "interval_length": "PT30M",
      "measure_type": "B"
    },
    {
      "value": "426",
      "date": "2025-09-15 23:00:00",
      "interval_length": "PT30M",
      "measure_type": "B"
    },
    {
      "value": "366",
      "date": "2025-09-15 23:30:00",
      "interval_length": "PT30M",
      "measure_type": "B"
    },
    {
      "value": "326",
      "date": "2025-09-16 00:00:00",
      "interval_length": "PT30M",
      "measure_type": "B"
    }
  ]
}