{
  "usage_point_id": "14889146046840",
  "start": "2025-03-26",
  "end": "2025-03-27",
  "quality": "BRUT",
  "reading_type": {
    "unit": "W",
    "measurement_kind": "power",
    "aggregate": "average"
  },
  "interval_reading": [
    {
      "value": "250",
      "date": "2025-03-26 01:00:00",
      "interval_length": "PT60M",
      "measure_type": "B"
    },
    {
      "value": "674",
      "date": "2025-03-26 02:00:00",
      "interval_length": "PT60M",
      "measure_type": "B"
    },
    {
      "value": "150",
      "date": "2025-03-26 03:00:00",
      "interval_length": "PT60M",
      "measure_type": "B"
    },
    {
      "value": "823",
      "date": "2025-03-26 04:00:00",
      "interval_length": "PT60M",
      "measure_type": "B"
    },
    {
      "value": "1137",
      "date": "2025-03-26 05:00:00",
      "interval_length": "PT60M",
      "measure_type": "B"
    },
    {
      "value": "523",
      "date": "2025-03-26 06:00:00",
      "interval_length": "PT60M",
      "measure_type": "B"
    },
    {
      "value": "125",
      "date": "2025-03-26 07:00:00",
      "interval_length": "PT60M",
      "measure_type": "B"
    },
    {
      "value": "182",
      "date": "2025-03-26 08:00:00",
      "interval_length": "PT60M",
      "measure_type": "B"
    },
    {
      "value": "52",
      "date": "2025-03-26 09:00:00",
      "interval_length": "PT60M",
      "measure_type": "B"
    },
    {
      "value": "603",
      "date": "2025-03-26 10:00:00",
      "interval_length": "PT60M",
      "measure_type": "B"
    },
    {
      "value": "0",
      "date": "2025-03-26 11:00:00",
      "interval_length": "PT60M",
      "measure_type": "B"
    },
    {
      "value": "626",
      "date": "2025-03-26 12:00:00",
      "interval_length": "PT60M",
      "measure_type": "B"
    },
    {
      "value": "0",
      "date": "2025-03-26 13:00:00",
      "interval_length": "PT60M",
      "measure_type": "B"
    },
    {
      "value": "0",
      "date": "2025-03-26 14:00:00",
      "interval_length": "PT60M",
      "measure_type": "B"
    },
    {
      "value": "29",
      "date": "2025-03-26 15:00:00",
      "interval_length": "PT60M",
      "measure_type": "B"
    },
    {
      "value": "19",
      "date": "2025-03-26 16:00:00",
      "interval_length": "PT60M",
      "measure_type": "B"
    },
    {
      "value": "6",
      "date": "2025-03-26 17:00:00",
      "interval_length": "PT60M",
      "measure_type": "B"
    },
    {
      "value": "45",
      "date": "2025-03-26 18:00:00",
      "interval_length": "PT60M",
      "measure_type": "B"
    },
    {
      "value": "103",
      "date": "2025-03-26 19:00:00",
      "interval_length": "PT60M",
      "measure_type": "B"
    },
    {
      "value": "192",
      "date": "2025-03-26 20:00:00",
      "interval_length": "PT60M",
      "measure_type": "B"
    },
    {
      "value": "1347",
      "date": "2025-03-26 21:00:00",
      "interval_length": "PT60M",
      "measure_type": "B"
    },
    {
      "value": "402",
      "date": "2025-03-26 22:00:00",
      "interval_length": "PT60M",
      "measure_type": "B"
    },
    {
      "value": "330",
      "date": "2025-03-26 23:00:00",
      "interval_length": "PT60M",
      "measure_type": "B"
    }
  ]
}