{
  "usage_point_id": "14889146046840",
  "start": "2025-09-20",
  "end": "2025-09-21",
  "quality": "BRUT",
  "reading_type": {
    "unit": "W",
    "measurement_kind": "power",
    "aggregate": "average"
  },
  "interval_reading": [
    {
      "value": "1808",
      "date": "2025-09-20 00:30:00",
      "interval_length": "PT30M",
      "measure_type": "B"
    },
    {
      "value": "344",
      "date": "2025-09-20 01:00:00",
      "interval_length": "PT30M",
      "measure_type": "B"
    },
    {
      "value": "180",
      "date": "2025-09-20 01:30:00",
      "interval_length": "PT30M",
      "measure_type": "B"
    },
    {
      "value": "152",
      "date": "2025-09-20 02:00:00",
      "interval_length": "PT30M",
      "measure_type": "B"
    },
    {
      "value": "126",
      "date": "2025-09-20 02:30:00",
      "interval_length": "PT30M",
      "measure_type": "B"
    },
    {
      "value": "284",
      "date": "2025-09-20 03:00:00",
      "interval_length": "PT30M",
      "measure_type": "B"
    },
    {
      "value": "168",
      "date": "2025-09-20 03:30:00",
      "interval_length": "PT30M",
      "measure_type": "B"
    },
    {
      "value": "168",
      "date": "2025-09-20 04:00:00",
      "interval_length": "PT30M",
      "measure_type": "B"
    },
    {
      "value": "206",
      "date": "2025-09-20 04:30:00",
      "interval_length": "PT30M",
      "measure_type": "B"
    },
    {
      "value": "138",
      "date": "2025-09-20 05:00:00",
      "interval_length": "PT30M",
      "measure_type": "B"
    },
    {
      "value": "188",
      "date": "2025-09-20 05:30:00",
      "interval_length": "PT30M",
      "measure_type": "B"
    },
    {
      "value": "138",
      "date": "2025-09-20 06:00:00",
      "interval_length": "PT30M",
      "measure_type": "B"
    },
    {
      "value": "244",
      "date": "2025-09-20 06:30:00",
      "interval_length": "PT30M",
      "measure_type": "B"
    },
    {
      "value": "200",
      "date": "2025-09-20 07:00:00",
      "interval_length": "PT30M",
      "measure_type": "B"
    },
    {
      "value": "136",
      "date": "2025-09-20 07:30:00",
      "interval_length": "PT30M",
      "measure_type": "B"
    },
    {
      "value": "402",
      "date": "2025-09-20 08:00:00",
      "interval_length": "PT30M",
      "measure_type": "B"
    },
    {
      "value": "202",
      "date": "2025-09-20 08:30:00",
      "interval_length": "PT30M",
      "measure_type": "B"
    },
    {
      "value": "178",
      "date": "2025-09-20 09:00:00",
      "interval_length": "PT30M",
      "measure_type": "B"
    },
    {
      "value": "180",
      "date": "2025-09-20 09:30:00",
      "interval_length": "PT30M",
      "measure_type": "B"
    },
    {
      "value": "40",
      "date": "2025-09-20 10:00:00",
      "interval_length": "PT30M",
      "measure_type": "B"
    },
    {
      "value": "40",
      "date": "2025-09-20 10:30:00",
      "interval_length": "PT30M",
      "measure_type": "B"
    },
    {
      "value": "2",
      "date": "2025-09-20 11:00:00",
      "interval_length": "PT30M",
      "measure_type": "B"
    },
    {
      "value": "0",
      "date": "2025-09-20 11:30:00",
      "interval_length": "PT30M",
      "measure_type": "B"
    },
    {
      "value": "222",
      "date": "2025-09-20 12:00:00",
      "interval_length": "PT30M",
      "measure_type": "B"
    },
    {
      "value": "928",
      "date": "2025-09-20 12:30:00",
      "interval_length": "PT30M",
      "measure_type": "B"
    },
    {
      "value": "956",
      "date": "2025-09-20 13:00:00",
      "interval_length": "PT30M",
      "measure_type": "B"
    },
    {
      "value": "1170",
      "date": "2025-09-20 13:30:00",
      "interval_length": "PT30M",
      "measure_type": "B"
    },
    {
      "value": "1934",
      "date": "2025-09-20 14:00:00",
      "interval_length": "PT30M",
      "measure_type": "B"
    },
    {
      "value": "1108",
      "date": "2025-09-20 14:30:00",
      "interval_length": "PT30M",
      "measure_type": "B"
    },
    {
      "value": "266",
      "date": "2025-09-20 15:00:00",
      "interval_length": "PT30M",
      "measure_type": "B"
    },
    {
      "value": "46",
      "date": "2025-09-20 15:30:00",
      "interval_length": "PT30M",
      "measure_type": "B"
    },
    {
      "value": "62",
      "date": "2025-09-20 16:00:00",
      "interval_length": "PT30M",
      "measure_type": "B"
    },
    {
      "value": "38",
      "date": "2025-09-20 16:30:00",
      "interval_length": "PT30M",
      "measure_type": "B"
    },
    {
      "value": "0",
      "date": "2025-09-20 17:00:00",
      "interval_length": "PT30M",
      "measure_type": "B"
    },
    {
      "value": "0",
      "date": "2025-09-20 17:30:00",
      "interval_length": "PT30M",
      "measure_type": "B"
    },
    {
      "value": "0",
      "date": "2025-09-20 18:00:00",
      "interval_length": "PT30M",
      "measure_type": "B"
    },
    {
      "value": "0",
      "date": "2025-09-20 18:30:00",
      "interval_length": "PT30M",
      "measure_type": "B"
    },
    {
      "value": "0",
      "date": "2025-09-20 19:00:00",
      "interval_length": "PT30M",
      "measure_type": "B"
    },
    {
      "value": "84",
      "date": "2025-09-20 19:30:00",
      "interval_length": "PT30M",
      "measure_type": "B"
    },
    {
      "value": "350",
      "date": "2025-09-20 20:00:00",
      "interval_length": "PT30M",
      "measure_type": "B"
    },
    {
      "value": "540",
      "date": "2025-09-20 20:30:00",
      "interval_length": "PT30M",
      "measure_type": "B"
    },
    {
      "value": "1352",
      "date": "2025-09-20 21:00:00",
      "interval_length": "PT30M",
      "measure_type": "B"
    },
    {
      "value": "1472",
      "date": "2025-09-20 21:30:00",
      "interval_length": "PT30M",
      "measure_type": "B"
    },
    {
      "value": "380",
      "date": "2025-09-20 22:00:00",
      "interval_length": "PT30M",
      "measure_type": "B"
    },
    {
      "value": "446",
      "date": "2025-09-20 22:30:00",
      "interval_length": "PT30M",
      "measure_type": "B"
    },
    {
      "value": "326",
      "date": "2025-09-20 23:00:00",
      "interval_length": "PT30M",
      "measure_type": "B"
    },
    {
      "value": "404",
      "date": "2025-09-20 23:30:00",
      "interval_length": "PT30M",
      "measure_type": "B"
    },
    {
      "value": "318",
      "date": "2025-09-21 00:00:00",
      "interval_length": "PT30M",
      "measure_type": "B"
    }
  ]
}