{
  "usage_point_id": "14889146046840",
  "start": "2025-11-06",
  "end": "2025-11-07",
  "quality": "BRUT",
  "reading_type": {
    "unit": "W",
    "measurement_kind": "power",
    "aggregate": "average"
  },
  "interval_reading": [
    {
      "value": "248",
      "date": "2025-11-06 00:30:00",
      "interval_length": "PT30M",
      "measure_type": "B"
    },
    {
      "value": "356",
      "date": "2025-11-06 01:00:00",
      "interval_length": "PT30M",
      "measure_type": "B"
    },
    {
      "value": "168",
      "date": "2025-11-06 01:30:00",
      "interval_length": "PT30M",
      "measure_type": "B"
    },
    {
      "value": "124",
      "date": "2025-11-06 02:00:00",
      "interval_length": "PT30M",
      "measure_type": "B"
    },
    {
      "value": "116",
      "date": "2025-11-06 02:30:00",
      "interval_length": "PT30M",
      "measure_type": "B"
    },
    {
      "value": "88",
      "date": "2025-11-06 03:00:00",
      "interval_length": "PT30M",
      "measure_type": "B"
    },
    {
      "value": "138",
      "date": "2025-11-06 03:30:00",
      "interval_length": "PT30M",
      "measure_type": "B"
    },
    {
      "value": "92",
      "date": "2025-11-06 04:00:00",
      "interval_length": "PT30M",
      "measure_type": "B"
    },
    {
      "value": "102",
      "date": "2025-11-06 04:30:00",
      "interval_length": "PT30M",
      "measure_type": "B"
    },
    {
      "value": "130",
      "date": "2025-11-06 05:00:00",
      "interval_length": "PT30M",
      "measure_type": "B"
    },
    {
      "value": "74",
      "date": "2025-11-06 05:30:00",
      "interval_length": "PT30M",
      "measure_type": "B"
    },
    {
      "value": "144",
      "date": "2025-11-06 06:00:00",
      "interval_length": "PT30M",
      "measure_type": "B"
    },
    {
      "value": "88",
      "date": "2025-11-06 06:30:00",
      "interval_length": "PT30M",
      "measure_type": "B"
    },
    {
      "value": "102",
      "date": "2025-11-06 07:00:00",
      "interval_length": "PT30M",
      "measure_type": "B"
    },
    {
      "value": "128",
      "date": "2025-11-06 07:30:00",
      "interval_length": "PT30M",
      "measure_type": "B"
    },
    {
      "value": "266",
      "date": "2025-11-06 08:00:00",
      "interval_length": "PT30M",
      "measure_type": "B"
    },
    {
      "value": "190",
      "date": "2025-11-06 08:30:00",
      "interval_length": "PT30M",
      "measure_type": "B"
    },
    {
      "value": "122",
      "date": "2025-11-06 09:00:00",
      "interval_length": "PT30M",
      "measure_type": "B"
    },
    {
      "value": "44",
      "date": "2025-11-06 09:30:00",
      "interval_length": "PT30M",
      "measure_type": "B"
    },
    {
      "value": "4",
      "date": "2025-11-06 10:00:00",
      "interval_length": "PT30M",
      "measure_type": "B"
    },
    {
      "value": "0",
      "date": "2025-11-06 10:30:00",
      "interval_length": "PT30M",
      "measure_type": "B"
    },
    {
      "value": "0",
      "date": "2025-11-06 11:00:00",
      "interval_length": "PT30M",
      "measure_type": "B"
    },
    {
      "value": "0",
      "date": "2025-11-06 11:30:00",
      "interval_length": "PT30M",
      "measure_type": "B"
    },
    {
      "value": "0",
      "date": "2025-11-06 12:00:00",
      "interval_length": "PT30M",
      "measure_type": "B"
    },
    {
      "value": "8",
      "date": "2025-11-06 12:30:00",
      "interval_length": "PT30M",
      "measure_type": "B"
    },
    {
      "value": "58",
      "date": "2025-11-06 13:00:00",
      "interval_length": "PT30M",
      "measure_type": "B"
    },
    {
      "value": "278",
      "date": "2025-11-06 13:30:00",
      "interval_length": "PT30M",
      "measure_type": "B"
    },
    {
      "value": "436",
      "date": "2025-11-06 14:00:00",
      "interval_length": "PT30M",
      "measure_type": "B"
    },
    {
      "value": "1352",
      "date": "2025-11-06 14:30:00",
      "interval_length": "PT30M",
      "measure_type": "B"
    },
    {
      "value": "396",
      "date": "2025-11-06 15:00:00",
      "interval_length": "PT30M",
      "measure_type": "B"
    },
    {
      "value": "0",
      "date": "2025-11-06 15:30:00",
      "interval_length": "PT30M",
      "measure_type": "B"
    },
    {
      "value": "0",
      "date": "2025-11-06 16:00:00",
      "interval_length": "PT30M",
      "measure_type": "B"
    },
    {
      "value": "104",
      "date": "2025-11-06 16:30:00",
      "interval_length": "PT30M",
      "measure_type": "B"
    },
    {
      "value": "166",
      "date": "2025-11-06 17:00:00",
      "interval_length": "PT30M",
      "measure_type": "B"
    },
    {
      "value": "216",
      "date": "2025-11-06 17:30:00",
      "interval_length": "PT30M",
      "measure_type": "B"
    },
    {
      "value": "216",
      "date": "2025-11-06 18:00:00",
      "interval_length": "PT30M",
      "measure_type": "B"
    },
    {
      "value": "426",
      "date": "2025-11-06 18:30:00",
      "interval_length": "PT30M",
      "measure_type": "B"
    },
    {
      "value": "418",
      "date": "2025-11-06 19:00:00",
      "interval_length": "PT30M",
      "measure_type": "B"
    },
    {
      "value": "512",
      "date": "2025-11-06 19:30:00",
      "interval_length": "PT30M",
      "measure_type": "B"
    },
    {
      "value": "754",
      "date": "2025-11-06 20:00:00",
      "interval_length": "PT30M",
      "measure_type": "B"
    },
    {
      "value": "558",
      "date": "2025-11-06 20:30:00",
      "interval_length": "PT30M",
      "measure_type": "B"
    },
    {
      "value": "452",
      "date": "2025-11-06 21:00:00",
      "interval_length": "PT30M",
      "measure_type": "B"
    },
    {
      "value": "418",
      "date": "2025-11-06 21:30:00",
      "interval_length": "PT30M",
      "measure_type": "B"
    },
    {
      "value": "426",
      "date": "2025-11-06 22:00:00",
      "interval_length": "PT30M",
      "measure_type": "B"
    },
    {
      "value": "466",
      "date": "2025-11-06 22:30:00",
      "interval_length": "PT30M",
      "measure_type": "B"
    },
    {
      "value": "380",
      "date": "2025-11-06 23:00:00",
      "interval_length": "PT30M",
      "measure_type": "B"
    },
    {
      "value": "498",
      "date": "2025-11-06 23:30:00",
      "interval_length": "PT30M",
      "measure_type": "B"
    },
    {
      "value": "684",
      "date": "2025-11-07 00:00:00",
      "interval_length": "PT30M",
      "measure_type": "B"
    }
  ]
}