{
  "usage_point_id": "14889146046840",
  "start": "2025-08-30",
  "end": "2025-08-31",
  "quality": "BRUT",
  "reading_type": {
    "unit": "W",
    "measurement_kind": "power",
    "aggregate": "average"
  },
  "interval_reading": [
    {
      "value": "1694",
      "date": "2025-08-30 00:30:00",
      "interval_length": "PT30M",
      "measure_type": "B"
    },
    {
      "value": "186",
      "date": "2025-08-30 01:00:00",
      "interval_length": "PT30M",
      "measure_type": "B"
    },
    {
      "value": "212",
      "date": "2025-08-30 01:30:00",
      "interval_length": "PT30M",
      "measure_type": "B"
    },
    {
      "value": "174",
      "date": "2025-08-30 02:00:00",
      "interval_length": "PT30M",
      "measure_type": "B"
    },
    {
      "value": "162",
      "date": "2025-08-30 02:30:00",
      "interval_length": "PT30M",
      "measure_type": "B"
    },
    {
      "value": "220",
      "date": "2025-08-30 03:00:00",
      "interval_length": "PT30M",
      "measure_type": "B"
    },
    {
      "value": "148",
      "date": "2025-08-30 03:30:00",
      "interval_length": "PT30M",
      "measure_type": "B"
    },
    {
      "value": "224",
      "date": "2025-08-30 04:00:00",
      "interval_length": "PT30M",
      "measure_type": "B"
    },
    {
      "value": "188",
      "date": "2025-08-30 04:30:00",
      "interval_length": "PT30M",
      "measure_type": "B"
    },
    {
      "value": "194",
      "date": "2025-08-30 05:00:00",
      "interval_length": "PT30M",
      "measure_type": "B"
    },
    {
      "value": "232",
      "date": "2025-08-30 05:30:00",
      "interval_length": "PT30M",
      "measure_type": "B"
    },
    {
      "value": "138",
      "date": "2025-08-30 06:00:00",
      "interval_length": "PT30M",
      "measure_type": "B"
    },
    {
      "value": "202",
      "date": "2025-08-30 06:30:00",
      "interval_length": "PT30M",
      "measure_type": "B"
    },
    {
      "value": "166",
      "date": "2025-08-30 07:00:00",
      "interval_length": "PT30M",
      "measure_type": "B"
    },
    {
      "value": "180",
      "date": "2025-08-30 07:30:00",
      "interval_length": "PT30M",
      "measure_type": "B"
    },
    {
      "value": "214",
      "date": "2025-08-30 08:00:00",
      "interval_length": "PT30M",
      "measure_type": "B"
    },
    {
      "value": "322",
      "date": "2025-08-30 08:30:00",
      "interval_length": "PT30M",
      "measure_type": "B"
    },
    {
      "value": "146",
      "date": "2025-08-30 09:00:00",
      "interval_length": "PT30M",
      "measure_type": "B"
    },
    {
      "value": "58",
      "date": "2025-08-30 09:30:00",
      "interval_length": "PT30M",
      "measure_type": "B"
    },
    {
      "value": "42",
      "date": "2025-08-30 10:00:00",
      "interval_length": "PT30M",
      "measure_type": "B"
    },
    {
      "value": "8",
      "date": "2025-08-30 10:30:00",
      "interval_length": "PT30M",
      "measure_type": "B"
    },
    {
      "value": "0",
      "date": "2025-08-30 11:00:00",
      "interval_length": "PT30M",
      "measure_type": "B"
    },
    {
      "value": "754",
      "date": "2025-08-30 11:30:00",
      "interval_length": "PT30M",
      "measure_type": "B"
    },
    {
      "value": "658",
      "date": "2025-08-30 12:00:00",
      "interval_length": "PT30M",
      "measure_type": "B"
    },
    {
      "value": "158",
      "date": "2025-08-30 12:30:00",
      "interval_length": "PT30M",
      "measure_type": "B"
    },
    {
      "value": "24",
      "date": "2025-08-30 13:00:00",
      "interval_length": "PT30M",
      "measure_type": "B"
    },
    {
      "value": "470",
      "date": "2025-08-30 13:30:00",
      "interval_length": "PT30M",
      "measure_type": "B"
    },
    {
      "value": "584",
      "date": "2025-08-30 14:00:00",
      "interval_length": "PT30M",
      "measure_type": "B"
    },
    {
      "value": "54",
      "date": "2025-08-30 14:30:00",
      "interval_length": "PT30M",
      "measure_type": "B"
    },
    {
      "value": "2",
      "date": "2025-08-30 15:00:00",
      "interval_length": "PT30M",
      "measure_type": "B"
    },
    {
      "value": "0",
      "date": "2025-08-30 15:30:00",
      "interval_length": "PT30M",
      "measure_type": "B"
    },
    {
      "value": "3506",
      "date": "2025-08-30 16:00:00",
      "interval_length": "PT30M",
      "measure_type": "B"
    },
    {
      "value": "2942",
      "date": "2025-08-30 16:30:00",
      "interval_length": "PT30M",
      "measure_type": "B"
    },
    {
      "value": "158",
      "date": "2025-08-30 17:00:00",
      "interval_length": "PT30M",
      "measure_type": "B"
    },
    {
      "value": "190",
      "date": "2025-08-30 17:30:00",
      "interval_length": "PT30M",
      "measure_type": "B"
    },
    {
      "value": "846",
      "date": "2025-08-30 18:00:00",
      "interval_length": "PT30M",
      "measure_type": "B"
    },
    {
      "value": "324",
      "date": "2025-08-30 18:30:00",
      "interval_length": "PT30M",
      "measure_type": "B"
    },
    {
      "value": "502",
      "date": "2025-08-30 19:00:00",
      "interval_length": "PT30M",
      "measure_type": "B"
    },
    {
      "value": "278",
      "date": "2025-08-30 19:30:00",
      "interval_length": "PT30M",
      "measure_type": "B"
    },
    {
      "value": "336",
      "date": "2025-08-30 20:00:00",
      "interval_length": "PT30M",
      "measure_type": "B"
    },
    {
      "value": "466",
      "date": "2025-08-30 20:30:00",
      "interval_length": "PT30M",
      "measure_type": "B"
    },
    {
      "value": "274",
      "date": "2025-08-30 21:00:00",
      "interval_length": "PT30M",
      "measure_type": "B"
    },
    {
      "value": "490",
      "date": "2025-08-30 21:30:00",
      "interval_length": "PT30M",
      "measure_type": "B"
    },
    {
      "value": "290",
      "date": "2025-08-30 22:00:00",
      "interval_length": "PT30M",
      "measure_type": "B"
    },
    {
      "value": "342",
      "date": "2025-08-30 22:30:00",
      "interval_length": "PT30M",
      "measure_type": "B"
    },
    {
      "value": "412",
      "date": "2025-08-30 23:00:00",
      "interval_length": "PT30M",
      "measure_type": "B"
    },
    {
      "value": "374",
      "date": "2025-08-30 23:30:00",
      "interval_length": "PT30M",
      "measure_type": "B"
    },
    {
      "value": "704",
      "date": "2025-08-31 00:00:00",
      "interval_length": "PT30M",
      "measure_type": "B"
    }
  ]
}