{
  "usage_point_id": "14889146046840",
  "start": "2025-09-10",
  "end": "2025-09-11",
  "quality": "BRUT",
  "reading_type": {
    "unit": "W",
    "measurement_kind": "power",
    "aggregate": "average"
  },
  "interval_reading": [
    {
      "value": "1988",
      "date": "2025-09-10 00:30:00",
      "interval_length": "PT30M",
      "measure_type": "B"
    },
    {
      "value": "302",
      "date": "2025-09-10 01:00:00",
      "interval_length": "PT30M",
      "measure_type": "B"
    },
    {
      "value": "204",
      "date": "2025-09-10 01:30:00",
      "interval_length": "PT30M",
      "measure_type": "B"
    },
    {
      "value": "168",
      "date": "2025-09-10 02:00:00",
      "interval_length": "PT30M",
      "measure_type": "B"
    },
    {
      "value": "122",
      "date": "2025-09-10 02:30:00",
      "interval_length": "PT30M",
      "measure_type": "B"
    },
    {
      "value": "256",
      "date": "2025-09-10 03:00:00",
      "interval_length": "PT30M",
      "measure_type": "B"
    },
    {
      "value": "160",
      "date": "2025-09-10 03:30:00",
      "interval_length": "PT30M",
      "measure_type": "B"
    },
    {
      "value": "200",
      "date": "2025-09-10 04:00:00",
      "interval_length": "PT30M",
      "measure_type": "B"
    },
    {
      "value": "200",
      "date": "2025-09-10 04:30:00",
      "interval_length": "PT30M",
      "measure_type": "B"
    },
    {
      "value": "138",
      "date": "2025-09-10 05:00:00",
      "interval_length": "PT30M",
      "measure_type": "B"
    },
    {
      "value": "190",
      "date": "2025-09-10 05:30:00",
      "interval_length": "PT30M",
      "measure_type": "B"
    },
    {
      "value": "168",
      "date": "2025-09-10 06:00:00",
      "interval_length": "PT30M",
      "measure_type": "B"
    },
    {
      "value": "176",
      "date": "2025-09-10 06:30:00",
      "interval_length": "PT30M",
      "measure_type": "B"
    },
    {
      "value": "216",
      "date": "2025-09-10 07:00:00",
      "interval_length": "PT30M",
      "measure_type": "B"
    },
    {
      "value": "158",
      "date": "2025-09-10 07:30:00",
      "interval_length": "PT30M",
      "measure_type": "B"
    },
    {
      "value": "378",
      "date": "2025-09-10 08:00:00",
      "interval_length": "PT30M",
      "measure_type": "B"
    },
    {
      "value": "148",
      "date": "2025-09-10 08:30:00",
      "interval_length": "PT30M",
      "measure_type": "B"
    },
    {
      "value": "154",
      "date": "2025-09-10 09:00:00",
      "interval_length": "PT30M",
      "measure_type": "B"
    },
    {
      "value": "102",
      "date": "2025-09-10 09:30:00",
      "interval_length": "PT30M",
      "measure_type": "B"
    },
    {
      "value": "40",
      "date": "2025-09-10 10:00:00",
      "interval_length": "PT30M",
      "measure_type": "B"
    },
    {
      "value": "204",
      "date": "2025-09-10 10:30:00",
      "interval_length": "PT30M",
      "measure_type": "B"
    },
    {
      "value": "192",
      "date": "2025-09-10 11:00:00",
      "interval_length": "PT30M",
      "measure_type": "B"
    },
    {
      "value": "20",
      "date": "2025-09-10 11:30:00",
      "interval_length": "PT30M",
      "measure_type": "B"
    },
    {
      "value": "20",
      "date": "2025-09-10 12:00:00",
      "interval_length": "PT30M",
      "measure_type": "B"
    },
    {
      "value": "0",
      "date": "2025-09-10 12:30:00",
      "interval_length": "PT30M",
      "measure_type": "B"
    },
    {
      "value": "168",
      "date": "2025-09-10 13:00:00",
      "interval_length": "PT30M",
      "measure_type": "B"
    },
    {
      "value": "1780",
      "date": "2025-09-10 13:30:00",
      "interval_length": "PT30M",
      "measure_type": "B"
    },
    {
      "value": "306",
      "date": "2025-09-10 14:00:00",
      "interval_length": "PT30M",
      "measure_type": "B"
    },
    {
      "value": "20",
      "date": "2025-09-10 14:30:00",
      "interval_length": "PT30M",
      "measure_type": "B"
    },
    {
      "value": "0",
      "date": "2025-09-10 15:00:00",
      "interval_length": "PT30M",
      "measure_type": "B"
    },
    {
      "value": "14",
      "date": "2025-09-10 15:30:00",
      "interval_length": "PT30M",
      "measure_type": "B"
    },
    {
      "value": "206",
      "date": "2025-09-10 16:00:00",
      "interval_length": "PT30M",
      "measure_type": "B"
    },
    {
      "value": "82",
      "date": "2025-09-10 16:30:00",
      "interval_length": "PT30M",
      "measure_type": "B"
    },
    {
      "value": "14",
      "date": "2025-09-10 17:00:00",
      "interval_length": "PT30M",
      "measure_type": "B"
    },
    {
      "value": "2",
      "date": "2025-09-10 17:30:00",
      "interval_length": "PT30M",
      "measure_type": "B"
    },
    {
      "value": "0",
      "date": "2025-09-10 18:00:00",
      "interval_length": "PT30M",
      "measure_type": "B"
    },
    {
      "value": "50",
      "date": "2025-09-10 18:30:00",
      "interval_length": "PT30M",
      "measure_type": "B"
    },
    {
      "value": "16",
      "date": "2025-09-10 19:00:00",
      "interval_length": "PT30M",
      "measure_type": "B"
    },
    {
      "value": "10",
      "date": "2025-09-10 19:30:00",
      "interval_length": "PT30M",
      "measure_type": "B"
    },
    {
      "value": "650",
      "date": "2025-09-10 20:00:00",
      "interval_length": "PT30M",
      "measure_type": "B"
    },
    {
      "value": "1886",
      "date": "2025-09-10 20:30:00",
      "interval_length": "PT30M",
      "measure_type": "B"
    },
    {
      "value": "276",
      "date": "2025-09-10 21:00:00",
      "interval_length": "PT30M",
      "measure_type": "B"
    },
    {
      "value": "436",
      "date": "2025-09-10 21:30:00",
      "interval_length": "PT30M",
      "measure_type": "B"
    },
    {
      "value": "386",
      "date": "2025-09-10 22:00:00",
      "interval_length": "PT30M",
      "measure_type": "B"
    },
    {
      "value": "396",
      "date": "2025-09-10 22:30:00",
      "interval_length": "PT30M",
      "measure_type": "B"
    },
    {
      "value": "414",
      "date": "2025-09-10 23:00:00",
      "interval_length": "PT30M",
      "measure_type": "B"
    },
    {
      "value": "330",
      "date": "2025-09-10 23:30:00",
      "interval_length": "PT30M",
      "measure_type": "B"
    },
    {
      "value": "400",
      "date": "2025-09-11 00:00:00",
      "interval_length": "PT30M",
      "measure_type": "B"
    }
  ]
}