{
  "usage_point_id": "14889146046840",
  "start": "2025-10-29",
  "end": "2025-10-30",
  "quality": "BRUT",
  "reading_type": {
    "unit": "W",
    "measurement_kind": "power",
    "aggregate": "average"
  },
  "interval_reading": [
    {
      "value": "1124",
      "date": "2025-10-29 00:30:00",
      "interval_length": "PT30M",
      "measure_type": "B"
    },
    {
      "value": "404",
      "date": "2025-10-29 01:00:00",
      "interval_length": "PT30M",
      "measure_type": "B"
    },
    {
      "value": "318",
      "date": "2025-10-29 01:30:00",
      "interval_length": "PT30M",
      "measure_type": "B"
    },
    {
      "value": "322",
      "date": "2025-10-29 02:00:00",
      "interval_length": "PT30M",
      "measure_type": "B"
    },
    {
      "value": "326",
      "date": "2025-10-29 02:30:00",
      "interval_length": "PT30M",
      "measure_type": "B"
    },
    {
      "value": "154",
      "date": "2025-10-29 03:00:00",
      "interval_length": "PT30M",
      "measure_type": "B"
    },
    {
      "value": "164",
      "date": "2025-10-29 03:30:00",
      "interval_length": "PT30M",
      "measure_type": "B"
    },
    {
      "value": "132",
      "date": "2025-10-29 04:00:00",
      "interval_length": "PT30M",
      "measure_type": "B"
    },
    {
      "value": "166",
      "date": "2025-10-29 04:30:00",
      "interval_length": "PT30M",
      "measure_type": "B"
    },
    {
      "value": "148",
      "date": "2025-10-29 05:00:00",
      "interval_length": "PT30M",
      "measure_type": "B"
    },
    {
      "value": "242",
      "date": "2025-10-29 05:30:00",
      "interval_length": "PT30M",
      "measure_type": "B"
    },
    {
      "value": "780",
      "date": "2025-10-29 06:00:00",
      "interval_length": "PT30M",
      "measure_type": "B"
    },
    {
      "value": "728",
      "date": "2025-10-29 06:30:00",
      "interval_length": "PT30M",
      "measure_type": "B"
    },
    {
      "value": "464",
      "date": "2025-10-29 07:00:00",
      "interval_length": "PT30M",
      "measure_type": "B"
    },
    {
      "value": "814",
      "date": "2025-10-29 07:30:00",
      "interval_length": "PT30M",
      "measure_type": "B"
    },
    {
      "value": "624",
      "date": "2025-10-29 08:00:00",
      "interval_length": "PT30M",
      "measure_type": "B"
    },
    {
      "value": "520",
      "date": "2025-10-29 08:30:00",
      "interval_length": "PT30M",
      "measure_type": "B"
    },
    {
      "value": "594",
      "date": "2025-10-29 09:00:00",
      "interval_length": "PT30M",
      "measure_type": "B"
    },
    {
      "value": "184",
      "date": "2025-10-29 09:30:00",
      "interval_length": "PT30M",
      "measure_type": "B"
    },
    {
      "value": "1336",
      "date": "2025-10-29 10:00:00",
      "interval_length": "PT30M",
      "measure_type": "B"
    },
    {
      "value": "446",
      "date": "2025-10-29 10:30:00",
      "interval_length": "PT30M",
      "measure_type": "B"
    },
    {
      "value": "34",
      "date": "2025-10-29 11:00:00",
      "interval_length": "PT30M",
      "measure_type": "B"
    },
    {
      "value": "120",
      "date": "2025-10-29 11:30:00",
      "interval_length": "PT30M",
      "measure_type": "B"
    },
    {
      "value": "184",
      "date": "2025-10-29 12:00:00",
      "interval_length": "PT30M",
      "measure_type": "B"
    },
    {
      "value": "56",
      "date": "2025-10-29 12:30:00",
      "interval_length": "PT30M",
      "measure_type": "B"
    },
    {
      "value": "164",
      "date": "2025-10-29 13:00:00",
      "interval_length": "PT30M",
      "measure_type": "B"
    },
    {
      "value": "80",
      "date": "2025-10-29 13:30:00",
      "interval_length": "PT30M",
      "measure_type": "B"
    },
    {
      "value": "142",
      "date": "2025-10-29 14:00:00",
      "interval_length": "PT30M",
      "measure_type": "B"
    },
    {
      "value": "1908",
      "date": "2025-10-29 14:30:00",
      "interval_length": "PT30M",
      "measure_type": "B"
    },
    {
      "value": "502",
      "date": "2025-10-29 15:00:00",
      "interval_length": "PT30M",
      "measure_type": "B"
    },
    {
      "value": "68",
      "date": "2025-10-29 15:30:00",
      "interval_length": "PT30M",
      "measure_type": "B"
    },
    {
      "value": "86",
      "date": "2025-10-29 16:00:00",
      "interval_length": "PT30M",
      "measure_type": "B"
    },
    {
      "value": "132",
      "date": "2025-10-29 16:30:00",
      "interval_length": "PT30M",
      "measure_type": "B"
    },
    {
      "value": "54",
      "date": "2025-10-29 17:00:00",
      "interval_length": "PT30M",
      "measure_type": "B"
    },
    {
      "value": "68",
      "date": "2025-10-29 17:30:00",
      "interval_length": "PT30M",
      "measure_type": "B"
    },
    {
      "value": "140",
      "date": "2025-10-29 18:00:00",
      "interval_length": "PT30M",
      "measure_type": "B"
    },
    {
      "value": "266",
      "date": "2025-10-29 18:30:00",
      "interval_length": "PT30M",
      "measure_type": "B"
    },
    {
      "value": "332",
      "date": "2025-10-29 19:00:00",
      "interval_length": "PT30M",
      "measure_type": "B"
    },
    {
      "value": "1396",
      "date": "2025-10-29 19:30:00",
      "interval_length": "PT30M",
      "measure_type": "B"
    },
    {
      "value": "1742",
      "date": "2025-10-29 20:00:00",
      "interval_length": "PT30M",
      "measure_type": "B"
    },
    {
      "value": "1318",
      "date": "2025-10-29 20:30:00",
      "interval_length": "PT30M",
      "measure_type": "B"
    },
    {
      "value": "1034",
      "date": "2025-10-29 21:00:00",
      "interval_length": "PT30M",
      "measure_type": "B"
    },
    {
      "value": "802",
      "date": "2025-10-29 21:30:00",
      "interval_length": "PT30M",
      "measure_type": "B"
    },
    {
      "value": "724",
      "date": "2025-10-29 22:00:00",
      "interval_length": "PT30M",
      "measure_type": "B"
    },
    {
      "value": "700",
      "date": "2025-10-29 22:30:00",
      "interval_length": "PT30M",
      "measure_type": "B"
    },
    {
      "value": "674",
      "date": "2025-10-29 23:00:00",
      "interval_length": "PT30M",
      "measure_type": "B"
    },
    {
      "value": "598",
      "date": "2025-10-29 23:30:00",
      "interval_length": "PT30M",
      "measure_type": "B"
    },
    {
      "value": "686",
      "date": "2025-10-30 00:00:00",
      "interval_length": "PT30M",
      "measure_type": "B"
    }
  ]
}