{
  "usage_point_id": "14889146046840",
  "start": "2025-06-05",
  "end": "2025-06-06",
  "quality": "BRUT",
  "reading_type": {
    "unit": "W",
    "measurement_kind": "power",
    "aggregate": "average"
  },
  "interval_reading": [
    {
      "value": "1200",
      "date": "2025-06-05 00:30:00",
      "interval_length": "PT30M",
      "measure_type": "B"
    },
    {
      "value": "308",
      "date": "2025-06-05 01:00:00",
      "interval_length": "PT30M",
      "measure_type": "B"
    },
    {
      "value": "238",
      "date": "2025-06-05 01:30:00",
      "interval_length": "PT30M",
      "measure_type": "B"
    },
    {
      "value": "178",
      "date": "2025-06-05 02:00:00",
      "interval_length": "PT30M",
      "measure_type": "B"
    },
    {
      "value": "148",
      "date": "2025-06-05 02:30:00",
      "interval_length": "PT30M",
      "measure_type": "B"
    },
    {
      "value": "178",
      "date": "2025-06-05 03:00:00",
      "interval_length": "PT30M",
      "measure_type": "B"
    },
    {
      "value": "134",
      "date": "2025-06-05 03:30:00",
      "interval_length": "PT30M",
      "measure_type": "B"
    },
    {
      "value": "198",
      "date": "2025-06-05 04:00:00",
      "interval_length": "PT30M",
      "measure_type": "B"
    },
    {
      "value": "196",
      "date": "2025-06-05 04:30:00",
      "interval_length": "PT30M",
      "measure_type": "B"
    },
    {
      "value": "126",
      "date": "2025-06-05 05:00:00",
      "interval_length": "PT30M",
      "measure_type": "B"
    },
    {
      "value": "174",
      "date": "2025-06-05 05:30:00",
      "interval_length": "PT30M",
      "measure_type": "B"
    },
    {
      "value": "144",
      "date": "2025-06-05 06:00:00",
      "interval_length": "PT30M",
      "measure_type": "B"
    },
    {
      "value": "212",
      "date": "2025-06-05 06:30:00",
      "interval_length": "PT30M",
      "measure_type": "B"
    },
    {
      "value": "164",
      "date": "2025-06-05 07:00:00",
      "interval_length": "PT30M",
      "measure_type": "B"
    },
    {
      "value": "90",
      "date": "2025-06-05 07:30:00",
      "interval_length": "PT30M",
      "measure_type": "B"
    },
    {
      "value": "332",
      "date": "2025-06-05 08:00:00",
      "interval_length": "PT30M",
      "measure_type": "B"
    },
    {
      "value": "116",
      "date": "2025-06-05 08:30:00",
      "interval_length": "PT30M",
      "measure_type": "B"
    },
    {
      "value": "80",
      "date": "2025-06-05 09:00:00",
      "interval_length": "PT30M",
      "measure_type": "B"
    },
    {
      "value": "14",
      "date": "2025-06-05 09:30:00",
      "interval_length": "PT30M",
      "measure_type": "B"
    },
    {
      "value": "42",
      "date": "2025-06-05 10:00:00",
      "interval_length": "PT30M",
      "measure_type": "B"
    },
    {
      "value": "946",
      "date": "2025-06-05 10:30:00",
      "interval_length": "PT30M",
      "measure_type": "B"
    },
    {
      "value": "0",
      "date": "2025-06-05 11:00:00",
      "interval_length": "PT30M",
      "measure_type": "B"
    },
    {
      "value": "72",
      "date": "2025-06-05 11:30:00",
      "interval_length": "PT30M",
      "measure_type": "B"
    },
    {
      "value": "2",
      "date": "2025-06-05 12:00:00",
      "interval_length": "PT30M",
      "measure_type": "B"
    },
    {
      "value": "104",
      "date": "2025-06-05 12:30:00",
      "interval_length": "PT30M",
      "measure_type": "B"
    },
    {
      "value": "146",
      "date": "2025-06-05 13:00:00",
      "interval_length": "PT30M",
      "measure_type": "B"
    },
    {
      "value": "1068",
      "date": "2025-06-05 13:30:00",
      "interval_length": "PT30M",
      "measure_type": "B"
    },
    {
      "value": "744",
      "date": "2025-06-05 14:00:00",
      "interval_length": "PT30M",
      "measure_type": "B"
    },
    {
      "value": "0",
      "date": "2025-06-05 14:30:00",
      "interval_length": "PT30M",
      "measure_type": "B"
    },
    {
      "value": "0",
      "date": "2025-06-05 15:00:00",
      "interval_length": "PT30M",
      "measure_type": "B"
    },
    {
      "value": "0",
      "date": "2025-06-05 15:30:00",
      "interval_length": "PT30M",
      "measure_type": "B"
    },
    {
      "value": "0",
      "date": "2025-06-05 16:00:00",
      "interval_length": "PT30M",
      "measure_type": "B"
    },
    {
      "value": "0",
      "date": "2025-06-05 16:30:00",
      "interval_length": "PT30M",
      "measure_type": "B"
    },
    {
      "value": "2",
      "date": "2025-06-05 17:00:00",
      "interval_length": "PT30M",
      "measure_type": "B"
    },
    {
      "value": "36",
      "date": "2025-06-05 17:30:00",
      "interval_length": "PT30M",
      "measure_type": "B"
    },
    {
      "value": "50",
      "date": "2025-06-05 18:00:00",
      "interval_length": "PT30M",
      "measure_type": "B"
    },
    {
      "value": "22",
      "date": "2025-06-05 18:30:00",
      "interval_length": "PT30M",
      "measure_type": "B"
    },
    {
      "value": "34",
      "date": "2025-06-05 19:00:00",
      "interval_length": "PT30M",
      "measure_type": "B"
    },
    {
      "value": "66",
      "date": "2025-06-05 19:30:00",
      "interval_length": "PT30M",
      "measure_type": "B"
    },
    {
      "value": "114",
      "date": "2025-06-05 20:00:00",
      "interval_length": "PT30M",
      "measure_type": "B"
    },
    {
      "value": "430",
      "date": "2025-06-05 20:30:00",
      "interval_length": "PT30M",
      "measure_type": "B"
    },
    {
      "value": "1744",
      "date": "2025-06-05 21:00:00",
      "interval_length": "PT30M",
      "measure_type": "B"
    },
    {
      "value": "188",
      "date": "2025-06-05 21:30:00",
      "interval_length": "PT30M",
      "measure_type": "B"
    },
    {
      "value": "112",
      "date": "2025-06-05 22:00:00",
      "interval_length": "PT30M",
      "measure_type": "B"
    },
    {
      "value": "180",
      "date": "2025-06-05 22:30:00",
      "interval_length": "PT30M",
      "measure_type": "B"
    },
    {
      "value": "186",
      "date": "2025-06-05 23:00:00",
      "interval_length": "PT30M",
      "measure_type": "B"
    },
    {
      "value": "158",
      "date": "2025-06-05 23:30:00",
      "interval_length": "PT30M",
      "measure_type": "B"
    },
    {
      "value": "200",
      "date": "2025-06-06 00:00:00",
      "interval_length": "PT30M",
      "measure_type": "B"
    }
  ]
}