{
  "usage_point_id": "14889146046840",
  "start": "2025-09-30",
  "end": "2025-10-01",
  "quality": "BRUT",
  "reading_type": {
    "unit": "W",
    "measurement_kind": "power",
    "aggregate": "average"
  },
  "interval_reading": [
    {
      "value": "164",
      "date": "2025-09-30 00:30:00",
      "interval_length": "PT30M",
      "measure_type": "B"
    },
    {
      "value": "224",
      "date": "2025-09-30 01:00:00",
      "interval_length": "PT30M",
      "measure_type": "B"
    },
    {
      "value": "166",
      "date": "2025-09-30 01:30:00",
      "interval_length": "PT30M",
      "measure_type": "B"
    },
    {
      "value": "158",
      "date": "2025-09-30 02:00:00",
      "interval_length": "PT30M",
      "measure_type": "B"
    },
    {
      "value": "142",
      "date": "2025-09-30 02:30:00",
      "interval_length": "PT30M",
      "measure_type": "B"
    },
    {
      "value": "132",
      "date": "2025-09-30 03:00:00",
      "interval_length": "PT30M",
      "measure_type": "B"
    },
    {
      "value": "224",
      "date": "2025-09-30 03:30:00",
      "interval_length": "PT30M",
      "measure_type": "B"
    },
    {
      "value": "166",
      "date": "2025-09-30 04:00:00",
      "interval_length": "PT30M",
      "measure_type": "B"
    },
    {
      "value": "154",
      "date": "2025-09-30 04:30:00",
      "interval_length": "PT30M",
      "measure_type": "B"
    },
    {
      "value": "138",
      "date": "2025-09-30 05:00:00",
      "interval_length": "PT30M",
      "measure_type": "B"
    },
    {
      "value": "142",
      "date": "2025-09-30 05:30:00",
      "interval_length": "PT30M",
      "measure_type": "B"
    },
    {
      "value": "242",
      "date": "2025-09-30 06:00:00",
      "interval_length": "PT30M",
      "measure_type": "B"
    },
    {
      "value": "104",
      "date": "2025-09-30 06:30:00",
      "interval_length": "PT30M",
      "measure_type": "B"
    },
    {
      "value": "166",
      "date": "2025-09-30 07:00:00",
      "interval_length": "PT30M",
      "measure_type": "B"
    },
    {
      "value": "156",
      "date": "2025-09-30 07:30:00",
      "interval_length": "PT30M",
      "measure_type": "B"
    },
    {
      "value": "148",
      "date": "2025-09-30 08:00:00",
      "interval_length": "PT30M",
      "measure_type": "B"
    },
    {
      "value": "498",
      "date": "2025-09-30 08:30:00",
      "interval_length": "PT30M",
      "measure_type": "B"
    },
    {
      "value": "134",
      "date": "2025-09-30 09:00:00",
      "interval_length": "PT30M",
      "measure_type": "B"
    },
    {
      "value": "96",
      "date": "2025-09-30 09:30:00",
      "interval_length": "PT30M",
      "measure_type": "B"
    },
    {
      "value": "34",
      "date": "2025-09-30 10:00:00",
      "interval_length": "PT30M",
      "measure_type": "B"
    },
    {
      "value": "24",
      "date": "2025-09-30 10:30:00",
      "interval_length": "PT30M",
      "measure_type": "B"
    },
    {
      "value": "270",
      "date": "2025-09-30 11:00:00",
      "interval_length": "PT30M",
      "measure_type": "B"
    },
    {
      "value": "0",
      "date": "2025-09-30 11:30:00",
      "interval_length": "PT30M",
      "measure_type": "B"
    },
    {
      "value": "0",
      "date": "2025-09-30 12:00:00",
      "interval_length": "PT30M",
      "measure_type": "B"
    },
    {
      "value": "0",
      "date": "2025-09-30 12:30:00",
      "interval_length": "PT30M",
      "measure_type": "B"
    },
    {
      "value": "40",
      "date": "2025-09-30 13:00:00",
      "interval_length": "PT30M",
      "measure_type": "B"
    },
    {
      "value": "266",
      "date": "2025-09-30 13:30:00",
      "interval_length": "PT30M",
      "measure_type": "B"
    },
    {
      "value": "16",
      "date": "2025-09-30 14:00:00",
      "interval_length": "PT30M",
      "measure_type": "B"
    },
    {
      "value": "0",
      "date": "2025-09-30 14:30:00",
      "interval_length": "PT30M",
      "measure_type": "B"
    },
    {
      "value": "0",
      "date": "2025-09-30 15:00:00",
      "interval_length": "PT30M",
      "measure_type": "B"
    },
    {
      "value": "0",
      "date": "2025-09-30 15:30:00",
      "interval_length": "PT30M",
      "measure_type": "B"
    },
    {
      "value": "0",
      "date": "2025-09-30 16:00:00",
      "interval_length": "PT30M",
      "measure_type": "B"
    },
    {
      "value": "0",
      "date": "2025-09-30 16:30:00",
      "interval_length": "PT30M",
      "measure_type": "B"
    },
    {
      "value": "0",
      "date": "2025-09-30 17:00:00",
      "interval_length": "PT30M",
      "measure_type": "B"
    },
    {
      "value": "16",
      "date": "2025-09-30 17:30:00",
      "interval_length": "PT30M",
      "measure_type": "B"
    },
    {
      "value": "10",
      "date": "2025-09-30 18:00:00",
      "interval_length": "PT30M",
      "measure_type": "B"
    },
    {
      "value": "0",
      "date": "2025-09-30 18:30:00",
      "interval_length": "PT30M",
      "measure_type": "B"
    },
    {
      "value": "10",
      "date": "2025-09-30 19:00:00",
      "interval_length": "PT30M",
      "measure_type": "B"
    },
    {
      "value": "106",
      "date": "2025-09-30 19:30:00",
      "interval_length": "PT30M",
      "measure_type": "B"
    },
    {
      "value": "640",
      "date": "2025-09-30 20:00:00",
      "interval_length": "PT30M",
      "measure_type": "B"
    },
    {
      "value": "304",
      "date": "2025-09-30 20:30:00",
      "interval_length": "PT30M",
      "measure_type": "B"
    },
    {
      "value": "342",
      "date": "2025-09-30 21:00:00",
      "interval_length": "PT30M",
      "measure_type": "B"
    },
    {
      "value": "370",
      "date": "2025-09-30 21:30:00",
      "interval_length": "PT30M",
      "measure_type": "B"
    },
    {
      "value": "418",
      "date": "2025-09-30 22:00:00",
      "interval_length": "PT30M",
      "measure_type": "B"
    },
    {
      "value": "314",
      "date": "2025-09-30 22:30:00",
      "interval_length": "PT30M",
      "measure_type": "B"
    },
    {
      "value": "404",
      "date": "2025-09-30 23:00:00",
      "interval_length": "PT30M",
      "measure_type": "B"
    },
    {
      "value": "326",
      "date": "2025-09-30 23:30:00",
      "interval_length": "PT30M",
      "measure_type": "B"
    },
    {
      "value": "620",
      "date": "2025-10-01 00:00:00",
      "interval_length": "PT30M",
      "measure_type": "B"
    }
  ]
}