{
  "usage_point_id": "14889146046840",
  "start": "2025-06-14",
  "end": "2025-06-15",
  "quality": "BRUT",
  "reading_type": {
    "unit": "W",
    "measurement_kind": "power",
    "aggregate": "average"
  },
  "interval_reading": [
    {
      "value": "1610",
      "date": "2025-06-14 00:30:00",
      "interval_length": "PT30M",
      "measure_type": "B"
    },
    {
      "value": "344",
      "date": "2025-06-14 01:00:00",
      "interval_length": "PT30M",
      "measure_type": "B"
    },
    {
      "value": "192",
      "date": "2025-06-14 01:30:00",
      "interval_length": "PT30M",
      "measure_type": "B"
    },
    {
      "value": "158",
      "date": "2025-06-14 02:00:00",
      "interval_length": "PT30M",
      "measure_type": "B"
    },
    {
      "value": "232",
      "date": "2025-06-14 02:30:00",
      "interval_length": "PT30M",
      "measure_type": "B"
    },
    {
      "value": "158",
      "date": "2025-06-14 03:00:00",
      "interval_length": "PT30M",
      "measure_type": "B"
    },
    {
      "value": "198",
      "date": "2025-06-14 03:30:00",
      "interval_length": "PT30M",
      "measure_type": "B"
    },
    {
      "value": "218",
      "date": "2025-06-14 04:00:00",
      "interval_length": "PT30M",
      "measure_type": "B"
    },
    {
      "value": "112",
      "date": "2025-06-14 04:30:00",
      "interval_length": "PT30M",
      "measure_type": "B"
    },
    {
      "value": "210",
      "date": "2025-06-14 05:00:00",
      "interval_length": "PT30M",
      "measure_type": "B"
    },
    {
      "value": "194",
      "date": "2025-06-14 05:30:00",
      "interval_length": "PT30M",
      "measure_type": "B"
    },
    {
      "value": "178",
      "date": "2025-06-14 06:00:00",
      "interval_length": "PT30M",
      "measure_type": "B"
    },
    {
      "value": "206",
      "date": "2025-06-14 06:30:00",
      "interval_length": "PT30M",
      "measure_type": "B"
    },
    {
      "value": "112",
      "date": "2025-06-14 07:00:00",
      "interval_length": "PT30M",
      "measure_type": "B"
    },
    {
      "value": "236",
      "date": "2025-06-14 07:30:00",
      "interval_length": "PT30M",
      "measure_type": "B"
    },
    {
      "value": "278",
      "date": "2025-06-14 08:00:00",
      "interval_length": "PT30M",
      "measure_type": "B"
    },
    {
      "value": "128",
      "date": "2025-06-14 08:30:00",
      "interval_length": "PT30M",
      "measure_type": "B"
    },
    {
      "value": "16",
      "date": "2025-06-14 09:00:00",
      "interval_length": "PT30M",
      "measure_type": "B"
    },
    {
      "value": "4",
      "date": "2025-06-14 09:30:00",
      "interval_length": "PT30M",
      "measure_type": "B"
    },
    {
      "value": "8",
      "date": "2025-06-14 10:00:00",
      "interval_length": "PT30M",
      "measure_type": "B"
    },
    {
      "value": "0",
      "date": "2025-06-14 10:30:00",
      "interval_length": "PT30M",
      "measure_type": "B"
    },
    {
      "value": "12",
      "date": "2025-06-14 11:00:00",
      "interval_length": "PT30M",
      "measure_type": "B"
    },
    {
      "value": "0",
      "date": "2025-06-14 11:30:00",
      "interval_length": "PT30M",
      "measure_type": "B"
    },
    {
      "value": "0",
      "date": "2025-06-14 12:00:00",
      "interval_length": "PT30M",
      "measure_type": "B"
    },
    {
      "value": "0",
      "date": "2025-06-14 12:30:00",
      "interval_length": "PT30M",
      "measure_type": "B"
    },
    {
      "value": "0",
      "date": "2025-06-14 13:00:00",
      "interval_length": "PT30M",
      "measure_type": "B"
    },
    {
      "value": "0",
      "date": "2025-06-14 13:30:00",
      "interval_length": "PT30M",
      "measure_type": "B"
    },
    {
      "value": "304",
      "date": "2025-06-14 14:00:00",
      "interval_length": "PT30M",
      "measure_type": "B"
    },
    {
      "value": "176",
      "date": "2025-06-14 14:30:00",
      "interval_length": "PT30M",
      "measure_type": "B"
    },
    {
      "value": "0",
      "date": "2025-06-14 15:00:00",
      "interval_length": "PT30M",
      "measure_type": "B"
    },
    {
      "value": "0",
      "date": "2025-06-14 15:30:00",
      "interval_length": "PT30M",
      "measure_type": "B"
    },
    {
      "value": "0",
      "date": "2025-06-14 16:00:00",
      "interval_length": "PT30M",
      "measure_type": "B"
    },
    {
      "value": "0",
      "date": "2025-06-14 16:30:00",
      "interval_length": "PT30M",
      "measure_type": "B"
    },
    {
      "value": "0",
      "date": "2025-06-14 17:00:00",
      "interval_length": "PT30M",
      "measure_type": "B"
    },
    {
      "value": "0",
      "date": "2025-06-14 17:30:00",
      "interval_length": "PT30M",
      "measure_type": "B"
    },
    {
      "value": "0",
      "date": "2025-06-14 18:00:00",
      "interval_length": "PT30M",
      "measure_type": "B"
    },
    {
      "value": "0",
      "date": "2025-06-14 18:30:00",
      "interval_length": "PT30M",
      "measure_type": "B"
    },
    {
      "value": "4",
      "date": "2025-06-14 19:00:00",
      "interval_length": "PT30M",
      "measure_type": "B"
    },
    {
      "value": "4",
      "date": "2025-06-14 19:30:00",
      "interval_length": "PT30M",
      "measure_type": "B"
    },
    {
      "value": "1274",
      "date": "2025-06-14 20:00:00",
      "interval_length": "PT30M",
      "measure_type": "B"
    },
    {
      "value": "1662",
      "date": "2025-06-14 20:30:00",
      "interval_length": "PT30M",
      "measure_type": "B"
    },
    {
      "value": "1864",
      "date": "2025-06-14 21:00:00",
      "interval_length": "PT30M",
      "measure_type": "B"
    },
    {
      "value": "590",
      "date": "2025-06-14 21:30:00",
      "interval_length": "PT30M",
      "measure_type": "B"
    },
    {
      "value": "224",
      "date": "2025-06-14 22:00:00",
      "interval_length": "PT30M",
      "measure_type": "B"
    },
    {
      "value": "196",
      "date": "2025-06-14 22:30:00",
      "interval_length": "PT30M",
      "measure_type": "B"
    },
    {
      "value": "280",
      "date": "2025-06-14 23:00:00",
      "interval_length": "PT30M",
      "measure_type": "B"
    },
    {
      "value": "416",
      "date": "2025-06-14 23:30:00",
      "interval_length": "PT30M",
      "measure_type": "B"
    },
    {
      "value": "624",
      "date": "2025-06-15 00:00:00",
      "interval_length": "PT30M",
      "measure_type": "B"
    }
  ]
}