{
  "usage_point_id": "14889146046840",
  "start": "2025-08-26",
  "end": "2025-08-27",
  "quality": "BRUT",
  "reading_type": {
    "unit": "W",
    "measurement_kind": "power",
    "aggregate": "average"
  },
  "interval_reading": [
    {
      "value": "1616",
      "date": "2025-08-26 00:30:00",
      "interval_length": "PT30M",
      "measure_type": "B"
    },
    {
      "value": "378",
      "date": "2025-08-26 01:00:00",
      "interval_length": "PT30M",
      "measure_type": "B"
    },
    {
      "value": "180",
      "date": "2025-08-26 01:30:00",
      "interval_length": "PT30M",
      "measure_type": "B"
    },
    {
      "value": "210",
      "date": "2025-08-26 02:00:00",
      "interval_length": "PT30M",
      "measure_type": "B"
    },
    {
      "value": "220",
      "date": "2025-08-26 02:30:00",
      "interval_length": "PT30M",
      "measure_type": "B"
    },
    {
      "value": "166",
      "date": "2025-08-26 03:00:00",
      "interval_length": "PT30M",
      "measure_type": "B"
    },
    {
      "value": "264",
      "date": "2025-08-26 03:30:00",
      "interval_length": "PT30M",
      "measure_type": "B"
    },
    {
      "value": "184",
      "date": "2025-08-26 04:00:00",
      "interval_length": "PT30M",
      "measure_type": "B"
    },
    {
      "value": "176",
      "date": "2025-08-26 04:30:00",
      "interval_length": "PT30M",
      "measure_type": "B"
    },
    {
      "value": "196",
      "date": "2025-08-26 05:00:00",
      "interval_length": "PT30M",
      "measure_type": "B"
    },
    {
      "value": "166",
      "date": "2025-08-26 05:30:00",
      "interval_length": "PT30M",
      "measure_type": "B"
    },
    {
      "value": "224",
      "date": "2025-08-26 06:00:00",
      "interval_length": "PT30M",
      "measure_type": "B"
    },
    {
      "value": "180",
      "date": "2025-08-26 06:30:00",
      "interval_length": "PT30M",
      "measure_type": "B"
    },
    {
      "value": "228",
      "date": "2025-08-26 07:00:00",
      "interval_length": "PT30M",
      "measure_type": "B"
    },
    {
      "value": "188",
      "date": "2025-08-26 07:30:00",
      "interval_length": "PT30M",
      "measure_type": "B"
    },
    {
      "value": "146",
      "date": "2025-08-26 08:00:00",
      "interval_length": "PT30M",
      "measure_type": "B"
    },
    {
      "value": "354",
      "date": "2025-08-26 08:30:00",
      "interval_length": "PT30M",
      "measure_type": "B"
    },
    {
      "value": "108",
      "date": "2025-08-26 09:00:00",
      "interval_length": "PT30M",
      "measure_type": "B"
    },
    {
      "value": "36",
      "date": "2025-08-26 09:30:00",
      "interval_length": "PT30M",
      "measure_type": "B"
    },
    {
      "value": "30",
      "date": "2025-08-26 10:00:00",
      "interval_length": "PT30M",
      "measure_type": "B"
    },
    {
      "value": "16",
      "date": "2025-08-26 10:30:00",
      "interval_length": "PT30M",
      "measure_type": "B"
    },
    {
      "value": "46",
      "date": "2025-08-26 11:00:00",
      "interval_length": "PT30M",
      "measure_type": "B"
    },
    {
      "value": "42",
      "date": "2025-08-26 11:30:00",
      "interval_length": "PT30M",
      "measure_type": "B"
    },
    {
      "value": "1110",
      "date": "2025-08-26 12:00:00",
      "interval_length": "PT30M",
      "measure_type": "B"
    },
    {
      "value": "824",
      "date": "2025-08-26 12:30:00",
      "interval_length": "PT30M",
      "measure_type": "B"
    },
    {
      "value": "904",
      "date": "2025-08-26 13:00:00",
      "interval_length": "PT30M",
      "measure_type": "B"
    },
    {
      "value": "486",
      "date": "2025-08-26 13:30:00",
      "interval_length": "PT30M",
      "measure_type": "B"
    },
    {
      "value": "416",
      "date": "2025-08-26 14:00:00",
      "interval_length": "PT30M",
      "measure_type": "B"
    },
    {
      "value": "0",
      "date": "2025-08-26 14:30:00",
      "interval_length": "PT30M",
      "measure_type": "B"
    },
    {
      "value": "0",
      "date": "2025-08-26 15:00:00",
      "interval_length": "PT30M",
      "measure_type": "B"
    },
    {
      "value": "0",
      "date": "2025-08-26 15:30:00",
      "interval_length": "PT30M",
      "measure_type": "B"
    },
    {
      "value": "0",
      "date": "2025-08-26 16:00:00",
      "interval_length": "PT30M",
      "measure_type": "B"
    },
    {
      "value": "0",
      "date": "2025-08-26 16:30:00",
      "interval_length": "PT30M",
      "measure_type": "B"
    },
    {
      "value": "0",
      "date": "2025-08-26 17:00:00",
      "interval_length": "PT30M",
      "measure_type": "B"
    },
    {
      "value": "0",
      "date": "2025-08-26 17:30:00",
      "interval_length": "PT30M",
      "measure_type": "B"
    },
    {
      "value": "0",
      "date": "2025-08-26 18:00:00",
      "interval_length": "PT30M",
      "measure_type": "B"
    },
    {
      "value": "0",
      "date": "2025-08-26 18:30:00",
      "interval_length": "PT30M",
      "measure_type": "B"
    },
    {
      "value": "0",
      "date": "2025-08-26 19:00:00",
      "interval_length": "PT30M",
      "measure_type": "B"
    },
    {
      "value": "38",
      "date": "2025-08-26 19:30:00",
      "interval_length": "PT30M",
      "measure_type": "B"
    },
    {
      "value": "520",
      "date": "2025-08-26 20:00:00",
      "interval_length": "PT30M",
      "measure_type": "B"
    },
    {
      "value": "130",
      "date": "2025-08-26 20:30:00",
      "interval_length": "PT30M",
      "measure_type": "B"
    },
    {
      "value": "158",
      "date": "2025-08-26 21:00:00",
      "interval_length": "PT30M",
      "measure_type": "B"
    },
    {
      "value": "246",
      "date": "2025-08-26 21:30:00",
      "interval_length": "PT30M",
      "measure_type": "B"
    },
    {
      "value": "320",
      "date": "2025-08-26 22:00:00",
      "interval_length": "PT30M",
      "measure_type": "B"
    },
    {
      "value": "456",
      "date": "2025-08-26 22:30:00",
      "interval_length": "PT30M",
      "measure_type": "B"
    },
    {
      "value": "398",
      "date": "2025-08-26 23:00:00",
      "interval_length": "PT30M",
      "measure_type": "B"
    },
    {
      "value": "392",
      "date": "2025-08-26 23:30:00",
      "interval_length": "PT30M",
      "measure_type": "B"
    },
    {
      "value": "672",
      "date": "2025-08-27 00:00:00",
      "interval_length": "PT30M",
      "measure_type": "B"
    }
  ]
}