{
  "usage_point_id": "14889146046840",
  "start": "2025-06-15",
  "end": "2025-06-16",
  "quality": "BRUT",
  "reading_type": {
    "unit": "W",
    "measurement_kind": "power",
    "aggregate": "average"
  },
  "interval_reading": [
    {
      "value": "1802",
      "date": "2025-06-15 00:30:00",
      "interval_length": "PT30M",
      "measure_type": "B"
    },
    {
      "value": "344",
      "date": "2025-06-15 01:00:00",
      "interval_length": "PT30M",
      "measure_type": "B"
    },
    {
      "value": "288",
      "date": "2025-06-15 01:30:00",
      "interval_length": "PT30M",
      "measure_type": "B"
    },
    {
      "value": "146",
      "date": "2025-06-15 02:00:00",
      "interval_length": "PT30M",
      "measure_type": "B"
    },
    {
      "value": "200",
      "date": "2025-06-15 02:30:00",
      "interval_length": "PT30M",
      "measure_type": "B"
    },
    {
      "value": "218",
      "date": "2025-06-15 03:00:00",
      "interval_length": "PT30M",
      "measure_type": "B"
    },
    {
      "value": "104",
      "date": "2025-06-15 03:30:00",
      "interval_length": "PT30M",
      "measure_type": "B"
    },
    {
      "value": "204",
      "date": "2025-06-15 04:00:00",
      "interval_length": "PT30M",
      "measure_type": "B"
    },
    {
      "value": "178",
      "date": "2025-06-15 04:30:00",
      "interval_length": "PT30M",
      "measure_type": "B"
    },
    {
      "value": "182",
      "date": "2025-06-15 05:00:00",
      "interval_length": "PT30M",
      "measure_type": "B"
    },
    {
      "value": "194",
      "date": "2025-06-15 05:30:00",
      "interval_length": "PT30M",
      "measure_type": "B"
    },
    {
      "value": "148",
      "date": "2025-06-15 06:00:00",
      "interval_length": "PT30M",
      "measure_type": "B"
    },
    {
      "value": "168",
      "date": "2025-06-15 06:30:00",
      "interval_length": "PT30M",
      "measure_type": "B"
    },
    {
      "value": "282",
      "date": "2025-06-15 07:00:00",
      "interval_length": "PT30M",
      "measure_type": "B"
    },
    {
      "value": "222",
      "date": "2025-06-15 07:30:00",
      "interval_length": "PT30M",
      "measure_type": "B"
    },
    {
      "value": "602",
      "date": "2025-06-15 08:00:00",
      "interval_length": "PT30M",
      "measure_type": "B"
    },
    {
      "value": "1218",
      "date": "2025-06-15 08:30:00",
      "interval_length": "PT30M",
      "measure_type": "B"
    },
    {
      "value": "82",
      "date": "2025-06-15 09:00:00",
      "interval_length": "PT30M",
      "measure_type": "B"
    },
    {
      "value": "98",
      "date": "2025-06-15 09:30:00",
      "interval_length": "PT30M",
      "measure_type": "B"
    },
    {
      "value": "18",
      "date": "2025-06-15 10:00:00",
      "interval_length": "PT30M",
      "measure_type": "B"
    },
    {
      "value": "0",
      "date": "2025-06-15 10:30:00",
      "interval_length": "PT30M",
      "measure_type": "B"
    },
    {
      "value": "0",
      "date": "2025-06-15 11:00:00",
      "interval_length": "PT30M",
      "measure_type": "B"
    },
    {
      "value": "0",
      "date": "2025-06-15 11:30:00",
      "interval_length": "PT30M",
      "measure_type": "B"
    },
    {
      "value": "0",
      "date": "2025-06-15 12:00:00",
      "interval_length": "PT30M",
      "measure_type": "B"
    },
    {
      "value": "0",
      "date": "2025-06-15 12:30:00",
      "interval_length": "PT30M",
      "measure_type": "B"
    },
    {
      "value": "420",
      "date": "2025-06-15 13:00:00",
      "interval_length": "PT30M",
      "measure_type": "B"
    },
    {
      "value": "368",
      "date": "2025-06-15 13:30:00",
      "interval_length": "PT30M",
      "measure_type": "B"
    },
    {
      "value": "644",
      "date": "2025-06-15 14:00:00",
      "interval_length": "PT30M",
      "measure_type": "B"
    },
    {
      "value": "66",
      "date": "2025-06-15 14:30:00",
      "interval_length": "PT30M",
      "measure_type": "B"
    },
    {
      "value": "0",
      "date": "2025-06-15 15:00:00",
      "interval_length": "PT30M",
      "measure_type": "B"
    },
    {
      "value": "0",
      "date": "2025-06-15 15:30:00",
      "interval_length": "PT30M",
      "measure_type": "B"
    },
    {
      "value": "0",
      "date": "2025-06-15 16:00:00",
      "interval_length": "PT30M",
      "measure_type": "B"
    },
    {
      "value": "48",
      "date": "2025-06-15 16:30:00",
      "interval_length": "PT30M",
      "measure_type": "B"
    },
    {
      "value": "0",
      "date": "2025-06-15 17:00:00",
      "interval_length": "PT30M",
      "measure_type": "B"
    },
    {
      "value": "0",
      "date": "2025-06-15 17:30:00",
      "interval_length": "PT30M",
      "measure_type": "B"
    },
    {
      "value": "32",
      "date": "2025-06-15 18:00:00",
      "interval_length": "PT30M",
      "measure_type": "B"
    },
    {
      "value": "0",
      "date": "2025-06-15 18:30:00",
      "interval_length": "PT30M",
      "measure_type": "B"
    },
    {
      "value": "10",
      "date": "2025-06-15 19:00:00",
      "interval_length": "PT30M",
      "measure_type": "B"
    },
    {
      "value": "42",
      "date": "2025-06-15 19:30:00",
      "interval_length": "PT30M",
      "measure_type": "B"
    },
    {
      "value": "6",
      "date": "2025-06-15 20:00:00",
      "interval_length": "PT30M",
      "measure_type": "B"
    },
    {
      "value": "452",
      "date": "2025-06-15 20:30:00",
      "interval_length": "PT30M",
      "measure_type": "B"
    },
    {
      "value": "1596",
      "date": "2025-06-15 21:00:00",
      "interval_length": "PT30M",
      "measure_type": "B"
    },
    {
      "value": "198",
      "date": "2025-06-15 21:30:00",
      "interval_length": "PT30M",
      "measure_type": "B"
    },
    {
      "value": "232",
      "date": "2025-06-15 22:00:00",
      "interval_length": "PT30M",
      "measure_type": "B"
    },
    {
      "value": "174",
      "date": "2025-06-15 22:30:00",
      "interval_length": "PT30M",
      "measure_type": "B"
    },
    {
      "value": "304",
      "date": "2025-06-15 23:00:00",
      "interval_length": "PT30M",
      "measure_type": "B"
    },
    {
      "value": "414",
      "date": "2025-06-15 23:30:00",
      "interval_length": "PT30M",
      "measure_type": "B"
    },
    {
      "value": "422",
      "date": "2025-06-16 00:00:00",
      "interval_length": "PT30M",
      "measure_type": "B"
    }
  ]
}