{
  "usage_point_id": "14889146046840",
  "start": "2025-05-26",
  "end": "2025-05-27",
  "quality": "BRUT",
  "reading_type": {
    "unit": "W",
    "measurement_kind": "power",
    "aggregate": "average"
  },
  "interval_reading": [
    {
      "value": "410",
      "date": "2025-05-26 00:30:00",
      "interval_length": "PT30M",
      "measure_type": "B"
    },
    {
      "value": "254",
      "date": "2025-05-26 01:00:00",
      "interval_length": "PT30M",
      "measure_type": "B"
    },
    {
      "value": "136",
      "date": "2025-05-26 01:30:00",
      "interval_length": "PT30M",
      "measure_type": "B"
    },
    {
      "value": "186",
      "date": "2025-05-26 02:00:00",
      "interval_length": "PT30M",
      "measure_type": "B"
    },
    {
      "value": "126",
      "date": "2025-05-26 02:30:00",
      "interval_length": "PT30M",
      "measure_type": "B"
    },
    {
      "value": "246",
      "date": "2025-05-26 03:00:00",
      "interval_length": "PT30M",
      "measure_type": "B"
    },
    {
      "value": "114",
      "date": "2025-05-26 03:30:00",
      "interval_length": "PT30M",
      "measure_type": "B"
    },
    {
      "value": "150",
      "date": "2025-05-26 04:00:00",
      "interval_length": "PT30M",
      "measure_type": "B"
    },
    {
      "value": "168",
      "date": "2025-05-26 04:30:00",
      "interval_length": "PT30M",
      "measure_type": "B"
    },
    {
      "value": "154",
      "date": "2025-05-26 05:00:00",
      "interval_length": "PT30M",
      "measure_type": "B"
    },
    {
      "value": "214",
      "date": "2025-05-26 05:30:00",
      "interval_length": "PT30M",
      "measure_type": "B"
    },
    {
      "value": "120",
      "date": "2025-05-26 06:00:00",
      "interval_length": "PT30M",
      "measure_type": "B"
    },
    {
      "value": "144",
      "date": "2025-05-26 06:30:00",
      "interval_length": "PT30M",
      "measure_type": "B"
    },
    {
      "value": "208",
      "date": "2025-05-26 07:00:00",
      "interval_length": "PT30M",
      "measure_type": "B"
    },
    {
      "value": "70",
      "date": "2025-05-26 07:30:00",
      "interval_length": "PT30M",
      "measure_type": "B"
    },
    {
      "value": "56",
      "date": "2025-05-26 08:00:00",
      "interval_length": "PT30M",
      "measure_type": "B"
    },
    {
      "value": "236",
      "date": "2025-05-26 08:30:00",
      "interval_length": "PT30M",
      "measure_type": "B"
    },
    {
      "value": "96",
      "date": "2025-05-26 09:00:00",
      "interval_length": "PT30M",
      "measure_type": "B"
    },
    {
      "value": "0",
      "date": "2025-05-26 09:30:00",
      "interval_length": "PT30M",
      "measure_type": "B"
    },
    {
      "value": "0",
      "date": "2025-05-26 10:00:00",
      "interval_length": "PT30M",
      "measure_type": "B"
    },
    {
      "value": "0",
      "date": "2025-05-26 10:30:00",
      "interval_length": "PT30M",
      "measure_type": "B"
    },
    {
      "value": "0",
      "date": "2025-05-26 11:00:00",
      "interval_length": "PT30M",
      "measure_type": "B"
    },
    {
      "value": "0",
      "date": "2025-05-26 11:30:00",
      "interval_length": "PT30M",
      "measure_type": "B"
    },
    {
      "value": "4",
      "date": "2025-05-26 12:00:00",
      "interval_length": "PT30M",
      "measure_type": "B"
    },
    {
      "value": "0",
      "date": "2025-05-26 12:30:00",
      "interval_length": "PT30M",
      "measure_type": "B"
    },
    {
      "value": "48",
      "date": "2025-05-26 13:00:00",
      "interval_length": "PT30M",
      "measure_type": "B"
    },
    {
      "value": "158",
      "date": "2025-05-26 13:30:00",
      "interval_length": "PT30M",
      "measure_type": "B"
    },
    {
      "value": "0",
      "date": "2025-05-26 14:00:00",
      "interval_length": "PT30M",
      "measure_type": "B"
    },
    {
      "value": "0",
      "date": "2025-05-26 14:30:00",
      "interval_length": "PT30M",
      "measure_type": "B"
    },
    {
      "value": "160",
      "date": "2025-05-26 15:00:00",
      "interval_length": "PT30M",
      "measure_type": "B"
    },
    {
      "value": "0",
      "date": "2025-05-26 15:30:00",
      "interval_length": "PT30M",
      "measure_type": "B"
    },
    {
      "value": "0",
      "date": "2025-05-26 16:00:00",
      "interval_length": "PT30M",
      "measure_type": "B"
    },
    {
      "value": "0",
      "date": "2025-05-26 16:30:00",
      "interval_length": "PT30M",
      "measure_type": "B"
    },
    {
      "value": "0",
      "date": "2025-05-26 17:00:00",
      "interval_length": "PT30M",
      "measure_type": "B"
    },
    {
      "value": "0",
      "date": "2025-05-26 17:30:00",
      "interval_length": "PT30M",
      "measure_type": "B"
    },
    {
      "value": "0",
      "date": "2025-05-26 18:00:00",
      "interval_length": "PT30M",
      "measure_type": "B"
    },
    {
      "value": "24",
      "date": "2025-05-26 18:30:00",
      "interval_length": "PT30M",
      "measure_type": "B"
    },
    {
      "value": "18",
      "date": "2025-05-26 19:00:00",
      "interval_length": "PT30M",
      "measure_type": "B"
    },
    {
      "value": "68",
      "date": "2025-05-26 19:30:00",
      "interval_length": "PT30M",
      "measure_type": "B"
    },
    {
      "value": "1388",
      "date": "2025-05-26 20:00:00",
      "interval_length": "PT30M",
      "measure_type": "B"
    },
    {
      "value": "1188",
      "date": "2025-05-26 20:30:00",
      "interval_length": "PT30M",
      "measure_type": "B"
    },
    {
      "value": "210",
      "date": "2025-05-26 21:00:00",
      "interval_length": "PT30M",
      "measure_type": "B"
    },
    {
      "value": "132",
      "date": "2025-05-26 21:30:00",
      "interval_length": "PT30M",
      "measure_type": "B"
    },
    {
      "value": "228",
      "date": "2025-05-26 22:00:00",
      "interval_length": "PT30M",
      "measure_type": "B"
    },
    {
      "value": "250",
      "date": "2025-05-26 22:30:00",
      "interval_length": "PT30M",
      "measure_type": "B"
    },
    {
      "value": "412",
      "date": "2025-05-26 23:00:00",
      "interval_length": "PT30M",
      "measure_type": "B"
    },
    {
      "value": "376",
      "date": "2025-05-26 23:30:00",
      "interval_length": "PT30M",
      "measure_type": "B"
    },
    {
      "value": "368",
      "date": "2025-05-27 00:00:00",
      "interval_length": "PT30M",
      "measure_type": "B"
    }
  ]
}