{
  "usage_point_id": "14889146046840",
  "start": "2025-07-28",
  "end": "2025-07-29",
  "quality": "BRUT",
  "reading_type": {
    "unit": "W",
    "measurement_kind": "power",
    "aggregate": "average"
  },
  "interval_reading": [
    {
      "value": "332",
      "date": "2025-07-28 00:30:00",
      "interval_length": "PT30M",
      "measure_type": "B"
    },
    {
      "value": "240",
      "date": "2025-07-28 01:00:00",
      "interval_length": "PT30M",
      "measure_type": "B"
    },
    {
      "value": "222",
      "date": "2025-07-28 01:30:00",
      "interval_length": "PT30M",
      "measure_type": "B"
    },
    {
      "value": "170",
      "date": "2025-07-28 02:00:00",
      "interval_length": "PT30M",
      "measure_type": "B"
    },
    {
      "value": "208",
      "date": "2025-07-28 02:30:00",
      "interval_length": "PT30M",
      "measure_type": "B"
    },
    {
      "value": "156",
      "date": "2025-07-28 03:00:00",
      "interval_length": "PT30M",
      "measure_type": "B"
    },
    {
      "value": "174",
      "date": "2025-07-28 03:30:00",
      "interval_length": "PT30M",
      "measure_type": "B"
    },
    {
      "value": "202",
      "date": "2025-07-28 04:00:00",
      "interval_length": "PT30M",
      "measure_type": "B"
    },
    {
      "value": "178",
      "date": "2025-07-28 04:30:00",
      "interval_length": "PT30M",
      "measure_type": "B"
    },
    {
      "value": "250",
      "date": "2025-07-28 05:00:00",
      "interval_length": "PT30M",
      "measure_type": "B"
    },
    {
      "value": "158",
      "date": "2025-07-28 05:30:00",
      "interval_length": "PT30M",
      "measure_type": "B"
    },
    {
      "value": "192",
      "date": "2025-07-28 06:00:00",
      "interval_length": "PT30M",
      "measure_type": "B"
    },
    {
      "value": "174",
      "date": "2025-07-28 06:30:00",
      "interval_length": "PT30M",
      "measure_type": "B"
    },
    {
      "value": "140",
      "date": "2025-07-28 07:00:00",
      "interval_length": "PT30M",
      "measure_type": "B"
    },
    {
      "value": "196",
      "date": "2025-07-28 07:30:00",
      "interval_length": "PT30M",
      "measure_type": "B"
    },
    {
      "value": "128",
      "date": "2025-07-28 08:00:00",
      "interval_length": "PT30M",
      "measure_type": "B"
    },
    {
      "value": "584",
      "date": "2025-07-28 08:30:00",
      "interval_length": "PT30M",
      "measure_type": "B"
    },
    {
      "value": "116",
      "date": "2025-07-28 09:00:00",
      "interval_length": "PT30M",
      "measure_type": "B"
    },
    {
      "value": "1128",
      "date": "2025-07-28 09:30:00",
      "interval_length": "PT30M",
      "measure_type": "B"
    },
    {
      "value": "1048",
      "date": "2025-07-28 10:00:00",
      "interval_length": "PT30M",
      "measure_type": "B"
    },
    {
      "value": "864",
      "date": "2025-07-28 10:30:00",
      "interval_length": "PT30M",
      "measure_type": "B"
    },
    {
      "value": "196",
      "date": "2025-07-28 11:00:00",
      "interval_length": "PT30M",
      "measure_type": "B"
    },
    {
      "value": "0",
      "date": "2025-07-28 11:30:00",
      "interval_length": "PT30M",
      "measure_type": "B"
    },
    {
      "value": "0",
      "date": "2025-07-28 12:00:00",
      "interval_length": "PT30M",
      "measure_type": "B"
    },
    {
      "value": "0",
      "date": "2025-07-28 12:30:00",
      "interval_length": "PT30M",
      "measure_type": "B"
    },
    {
      "value": "0",
      "date": "2025-07-28 13:00:00",
      "interval_length": "PT30M",
      "measure_type": "B"
    },
    {
      "value": "0",
      "date": "2025-07-28 13:30:00",
      "interval_length": "PT30M",
      "measure_type": "B"
    },
    {
      "value": "0",
      "date": "2025-07-28 14:00:00",
      "interval_length": "PT30M",
      "measure_type": "B"
    },
    {
      "value": "24",
      "date": "2025-07-28 14:30:00",
      "interval_length": "PT30M",
      "measure_type": "B"
    },
    {
      "value": "0",
      "date": "2025-07-28 15:00:00",
      "interval_length": "PT30M",
      "measure_type": "B"
    },
    {
      "value": "0",
      "date": "2025-07-28 15:30:00",
      "interval_length": "PT30M",
      "measure_type": "B"
    },
    {
      "value": "0",
      "date": "2025-07-28 16:00:00",
      "interval_length": "PT30M",
      "measure_type": "B"
    },
    {
      "value": "14",
      "date": "2025-07-28 16:30:00",
      "interval_length": "PT30M",
      "measure_type": "B"
    },
    {
      "value": "4",
      "date": "2025-07-28 17:00:00",
      "interval_length": "PT30M",
      "measure_type": "B"
    },
    {
      "value": "30",
      "date": "2025-07-28 17:30:00",
      "interval_length": "PT30M",
      "measure_type": "B"
    },
    {
      "value": "80",
      "date": "2025-07-28 18:00:00",
      "interval_length": "PT30M",
      "measure_type": "B"
    },
    {
      "value": "68",
      "date": "2025-07-28 18:30:00",
      "interval_length": "PT30M",
      "measure_type": "B"
    },
    {
      "value": "518",
      "date": "2025-07-28 19:00:00",
      "interval_length": "PT30M",
      "measure_type": "B"
    },
    {
      "value": "218",
      "date": "2025-07-28 19:30:00",
      "interval_length": "PT30M",
      "measure_type": "B"
    },
    {
      "value": "420",
      "date": "2025-07-28 20:00:00",
      "interval_length": "PT30M",
      "measure_type": "B"
    },
    {
      "value": "302",
      "date": "2025-07-28 20:30:00",
      "interval_length": "PT30M",
      "measure_type": "B"
    },
    {
      "value": "870",
      "date": "2025-07-28 21:00:00",
      "interval_length": "PT30M",
      "measure_type": "B"
    },
    {
      "value": "196",
      "date": "2025-07-28 21:30:00",
      "interval_length": "PT30M",
      "measure_type": "B"
    },
    {
      "value": "310",
      "date": "2025-07-28 22:00:00",
      "interval_length": "PT30M",
      "measure_type": "B"
    },
    {
      "value": "298",
      "date": "2025-07-28 22:30:00",
      "interval_length": "PT30M",
      "measure_type": "B"
    },
    {
      "value": "274",
      "date": "2025-07-28 23:00:00",
      "interval_length": "PT30M",
      "measure_type": "B"
    },
    {
      "value": "190",
      "date": "2025-07-28 23:30:00",
      "interval_length": "PT30M",
      "measure_type": "B"
    },
    {
      "value": "480",
      "date": "2025-07-29 00:00:00",
      "interval_length": "PT30M",
      "measure_type": "B"
    }
  ]
}