{
  "usage_point_id": "14889146046840",
  "start": "2025-09-18",
  "end": "2025-09-19",
  "quality": "BRUT",
  "reading_type": {
    "unit": "W",
    "measurement_kind": "power",
    "aggregate": "average"
  },
  "interval_reading": [
    {
      "value": "276",
      "date": "2025-09-18 00:30:00",
      "interval_length": "PT30M",
      "measure_type": "B"
    },
    {
      "value": "202",
      "date": "2025-09-18 01:00:00",
      "interval_length": "PT30M",
      "measure_type": "B"
    },
    {
      "value": "178",
      "date": "2025-09-18 01:30:00",
      "interval_length": "PT30M",
      "measure_type": "B"
    },
    {
      "value": "140",
      "date": "2025-09-18 02:00:00",
      "interval_length": "PT30M",
      "measure_type": "B"
    },
    {
      "value": "220",
      "date": "2025-09-18 02:30:00",
      "interval_length": "PT30M",
      "measure_type": "B"
    },
    {
      "value": "172",
      "date": "2025-09-18 03:00:00",
      "interval_length": "PT30M",
      "measure_type": "B"
    },
    {
      "value": "156",
      "date": "2025-09-18 03:30:00",
      "interval_length": "PT30M",
      "measure_type": "B"
    },
    {
      "value": "172",
      "date": "2025-09-18 04:00:00",
      "interval_length": "PT30M",
      "measure_type": "B"
    },
    {
      "value": "174",
      "date": "2025-09-18 04:30:00",
      "interval_length": "PT30M",
      "measure_type": "B"
    },
    {
      "value": "222",
      "date": "2025-09-18 05:00:00",
      "interval_length": "PT30M",
      "measure_type": "B"
    },
    {
      "value": "168",
      "date": "2025-09-18 05:30:00",
      "interval_length": "PT30M",
      "measure_type": "B"
    },
    {
      "value": "168",
      "date": "2025-09-18 06:00:00",
      "interval_length": "PT30M",
      "measure_type": "B"
    },
    {
      "value": "174",
      "date": "2025-09-18 06:30:00",
      "interval_length": "PT30M",
      "measure_type": "B"
    },
    {
      "value": "106",
      "date": "2025-09-18 07:00:00",
      "interval_length": "PT30M",
      "measure_type": "B"
    },
    {
      "value": "220",
      "date": "2025-09-18 07:30:00",
      "interval_length": "PT30M",
      "measure_type": "B"
    },
    {
      "value": "498",
      "date": "2025-09-18 08:00:00",
      "interval_length": "PT30M",
      "measure_type": "B"
    },
    {
      "value": "234",
      "date": "2025-09-18 08:30:00",
      "interval_length": "PT30M",
      "measure_type": "B"
    },
    {
      "value": "296",
      "date": "2025-09-18 09:00:00",
      "interval_length": "PT30M",
      "measure_type": "B"
    },
    {
      "value": "128",
      "date": "2025-09-18 09:30:00",
      "interval_length": "PT30M",
      "measure_type": "B"
    },
    {
      "value": "506",
      "date": "2025-09-18 10:00:00",
      "interval_length": "PT30M",
      "measure_type": "B"
    },
    {
      "value": "836",
      "date": "2025-09-18 10:30:00",
      "interval_length": "PT30M",
      "measure_type": "B"
    },
    {
      "value": "916",
      "date": "2025-09-18 11:00:00",
      "interval_length": "PT30M",
      "measure_type": "B"
    },
    {
      "value": "846",
      "date": "2025-09-18 11:30:00",
      "interval_length": "PT30M",
      "measure_type": "B"
    },
    {
      "value": "348",
      "date": "2025-09-18 12:00:00",
      "interval_length": "PT30M",
      "measure_type": "B"
    },
    {
      "value": "0",
      "date": "2025-09-18 12:30:00",
      "interval_length": "PT30M",
      "measure_type": "B"
    },
    {
      "value": "1424",
      "date": "2025-09-18 13:00:00",
      "interval_length": "PT30M",
      "measure_type": "B"
    },
    {
      "value": "254",
      "date": "2025-09-18 13:30:00",
      "interval_length": "PT30M",
      "measure_type": "B"
    },
    {
      "value": "54",
      "date": "2025-09-18 14:00:00",
      "interval_length": "PT30M",
      "measure_type": "B"
    },
    {
      "value": "0",
      "date": "2025-09-18 14:30:00",
      "interval_length": "PT30M",
      "measure_type": "B"
    },
    {
      "value": "0",
      "date": "2025-09-18 15:00:00",
      "interval_length": "PT30M",
      "measure_type": "B"
    },
    {
      "value": "0",
      "date": "2025-09-18 15:30:00",
      "interval_length": "PT30M",
      "measure_type": "B"
    },
    {
      "value": "0",
      "date": "2025-09-18 16:00:00",
      "interval_length": "PT30M",
      "measure_type": "B"
    },
    {
      "value": "0",
      "date": "2025-09-18 16:30:00",
      "interval_length": "PT30M",
      "measure_type": "B"
    },
    {
      "value": "0",
      "date": "2025-09-18 17:00:00",
      "interval_length": "PT30M",
      "measure_type": "B"
    },
    {
      "value": "124",
      "date": "2025-09-18 17:30:00",
      "interval_length": "PT30M",
      "measure_type": "B"
    },
    {
      "value": "762",
      "date": "2025-09-18 18:00:00",
      "interval_length": "PT30M",
      "measure_type": "B"
    },
    {
      "value": "0",
      "date": "2025-09-18 18:30:00",
      "interval_length": "PT30M",
      "measure_type": "B"
    },
    {
      "value": "0",
      "date": "2025-09-18 19:00:00",
      "interval_length": "PT30M",
      "measure_type": "B"
    },
    {
      "value": "38",
      "date": "2025-09-18 19:30:00",
      "interval_length": "PT30M",
      "measure_type": "B"
    },
    {
      "value": "128",
      "date": "2025-09-18 20:00:00",
      "interval_length": "PT30M",
      "measure_type": "B"
    },
    {
      "value": "308",
      "date": "2025-09-18 20:30:00",
      "interval_length": "PT30M",
      "measure_type": "B"
    },
    {
      "value": "392",
      "date": "2025-09-18 21:00:00",
      "interval_length": "PT30M",
      "measure_type": "B"
    },
    {
      "value": "350",
      "date": "2025-09-18 21:30:00",
      "interval_length": "PT30M",
      "measure_type": "B"
    },
    {
      "value": "386",
      "date": "2025-09-18 22:00:00",
      "interval_length": "PT30M",
      "measure_type": "B"
    },
    {
      "value": "376",
      "date": "2025-09-18 22:30:00",
      "interval_length": "PT30M",
      "measure_type": "B"
    },
    {
      "value": "326",
      "date": "2025-09-18 23:00:00",
      "interval_length": "PT30M",
      "measure_type": "B"
    },
    {
      "value": "462",
      "date": "2025-09-18 23:30:00",
      "interval_length": "PT30M",
      "measure_type": "B"
    },
    {
      "value": "606",
      "date": "2025-09-19 00:00:00",
      "interval_length": "PT30M",
      "measure_type": "B"
    }
  ]
}