{
  "usage_point_id": "14889146046840",
  "start": "2025-03-28",
  "end": "2025-03-29",
  "quality": "BRUT",
  "reading_type": {
    "unit": "W",
    "measurement_kind": "power",
    "aggregate": "average"
  },
  "interval_reading": [
    {
      "value": "106",
      "date": "2025-03-28 00:30:00",
      "interval_length": "PT30M",
      "measure_type": "B"
    },
    {
      "value": "204",
      "date": "2025-03-28 01:00:00",
      "interval_length": "PT30M",
      "measure_type": "B"
    },
    {
      "value": "130",
      "date": "2025-03-28 01:30:00",
      "interval_length": "PT30M",
      "measure_type": "B"
    },
    {
      "value": "90",
      "date": "2025-03-28 02:00:00",
      "interval_length": "PT30M",
      "measure_type": "B"
    },
    {
      "value": "260",
      "date": "2025-03-28 02:30:00",
      "interval_length": "PT30M",
      "measure_type": "B"
    },
    {
      "value": "128",
      "date": "2025-03-28 03:00:00",
      "interval_length": "PT30M",
      "measure_type": "B"
    },
    {
      "value": "88",
      "date": "2025-03-28 03:30:00",
      "interval_length": "PT30M",
      "measure_type": "B"
    },
    {
      "value": "142",
      "date": "2025-03-28 04:00:00",
      "interval_length": "PT30M",
      "measure_type": "B"
    },
    {
      "value": "152",
      "date": "2025-03-28 04:30:00",
      "interval_length": "PT30M",
      "measure_type": "B"
    },
    {
      "value": "820",
      "date": "2025-03-28 05:00:00",
      "interval_length": "PT30M",
      "measure_type": "B"
    },
    {
      "value": "1234",
      "date": "2025-03-28 05:30:00",
      "interval_length": "PT30M",
      "measure_type": "B"
    },
    {
      "value": "1064",
      "date": "2025-03-28 06:00:00",
      "interval_length": "PT30M",
      "measure_type": "B"
    },
    {
      "value": "236",
      "date": "2025-03-28 06:30:00",
      "interval_length": "PT30M",
      "measure_type": "B"
    },
    {
      "value": "114",
      "date": "2025-03-28 07:00:00",
      "interval_length": "PT30M",
      "measure_type": "B"
    },
    {
      "value": "82",
      "date": "2025-03-28 07:30:00",
      "interval_length": "PT30M",
      "measure_type": "B"
    },
    {
      "value": "224",
      "date": "2025-03-28 08:00:00",
      "interval_length": "PT30M",
      "measure_type": "B"
    },
    {
      "value": "28",
      "date": "2025-03-28 08:30:00",
      "interval_length": "PT30M",
      "measure_type": "B"
    },
    {
      "value": "26",
      "date": "2025-03-28 09:00:00",
      "interval_length": "PT30M",
      "measure_type": "B"
    },
    {
      "value": "0",
      "date": "2025-03-28 09:30:00",
      "interval_length": "PT30M",
      "measure_type": "B"
    },
    {
      "value": "0",
      "date": "2025-03-28 10:00:00",
      "interval_length": "PT30M",
      "measure_type": "B"
    },
    {
      "value": "14",
      "date": "2025-03-28 10:30:00",
      "interval_length": "PT30M",
      "measure_type": "B"
    },
    {
      "value": "214",
      "date": "2025-03-28 11:00:00",
      "interval_length": "PT30M",
      "measure_type": "B"
    },
    {
      "value": "20",
      "date": "2025-03-28 11:30:00",
      "interval_length": "PT30M",
      "measure_type": "B"
    },
    {
      "value": "464",
      "date": "2025-03-28 12:00:00",
      "interval_length": "PT30M",
      "measure_type": "B"
    },
    {
      "value": "758",
      "date": "2025-03-28 12:30:00",
      "interval_length": "PT30M",
      "measure_type": "B"
    },
    {
      "value": "132",
      "date": "2025-03-28 13:00:00",
      "interval_length": "PT30M",
      "measure_type": "B"
    },
    {
      "value": "0",
      "date": "2025-03-28 13:30:00",
      "interval_length": "PT30M",
      "measure_type": "B"
    },
    {
      "value": "8",
      "date": "2025-03-28 14:00:00",
      "interval_length": "PT30M",
      "measure_type": "B"
    },
    {
      "value": "126",
      "date": "2025-03-28 14:30:00",
      "interval_length": "PT30M",
      "measure_type": "B"
    },
    {
      "value": "6",
      "date": "2025-03-28 15:00:00",
      "interval_length": "PT30M",
      "measure_type": "B"
    },
    {
      "value": "0",
      "date": "2025-03-28 15:30:00",
      "interval_length": "PT30M",
      "measure_type": "B"
    },
    {
      "value": "0",
      "date": "2025-03-28 16:00:00",
      "interval_length": "PT30M",
      "measure_type": "B"
    },
    {
      "value": "0",
      "date": "2025-03-28 16:30:00",
      "interval_length": "PT30M",
      "measure_type": "B"
    },
    {
      "value": "0",
      "date": "2025-03-28 17:00:00",
      "interval_length": "PT30M",
      "measure_type": "B"
    },
    {
      "value": "0",
      "date": "2025-03-28 17:30:00",
      "interval_length": "PT30M",
      "measure_type": "B"
    },
    {
      "value": "0",
      "date": "2025-03-28 18:00:00",
      "interval_length": "PT30M",
      "measure_type": "B"
    },
    {
      "value": "0",
      "date": "2025-03-28 18:30:00",
      "interval_length": "PT30M",
      "measure_type": "B"
    },
    {
      "value": "170",
      "date": "2025-03-28 19:00:00",
      "interval_length": "PT30M",
      "measure_type": "B"
    },
    {
      "value": "206",
      "date": "2025-03-28 19:30:00",
      "interval_length": "PT30M",
      "measure_type": "B"
    },
    {
      "value": "118",
      "date": "2025-03-28 20:00:00",
      "interval_length": "PT30M",
      "measure_type": "B"
    },
    {
      "value": "2302",
      "date": "2025-03-28 20:30:00",
      "interval_length": "PT30M",
      "measure_type": "B"
    },
    {
      "value": "1818",
      "date": "2025-03-28 21:00:00",
      "interval_length": "PT30M",
      "measure_type": "B"
    },
    {
      "value": "276",
      "date": "2025-03-28 21:30:00",
      "interval_length": "PT30M",
      "measure_type": "B"
    },
    {
      "value": "346",
      "date": "2025-03-28 22:00:00",
      "interval_length": "PT30M",
      "measure_type": "B"
    },
    {
      "value": "348",
      "date": "2025-03-28 22:30:00",
      "interval_length": "PT30M",
      "measure_type": "B"
    },
    {
      "value": "440",
      "date": "2025-03-28 23:00:00",
      "interval_length": "PT30M",
      "measure_type": "B"
    },
    {
      "value": "268",
      "date": "2025-03-28 23:30:00",
      "interval_length": "PT30M",
      "measure_type": "B"
    },
    {
      "value": "110",
      "date": "2025-03-29 00:00:00",
      "interval_length": "PT30M",
      "measure_type": "B"
    }
  ]
}