{
  "usage_point_id": "14889146046840",
  "start": "2025-07-26",
  "end": "2025-07-27",
  "quality": "BRUT",
  "reading_type": {
    "unit": "W",
    "measurement_kind": "power",
    "aggregate": "average"
  },
  "interval_reading": [
    {
      "value": "424",
      "date": "2025-07-26 00:30:00",
      "interval_length": "PT30M",
      "measure_type": "B"
    },
    {
      "value": "368",
      "date": "2025-07-26 01:00:00",
      "interval_length": "PT30M",
      "measure_type": "B"
    },
    {
      "value": "416",
      "date": "2025-07-26 01:30:00",
      "interval_length": "PT30M",
      "measure_type": "B"
    },
    {
      "value": "286",
      "date": "2025-07-26 02:00:00",
      "interval_length": "PT30M",
      "measure_type": "B"
    },
    {
      "value": "242",
      "date": "2025-07-26 02:30:00",
      "interval_length": "PT30M",
      "measure_type": "B"
    },
    {
      "value": "212",
      "date": "2025-07-26 03:00:00",
      "interval_length": "PT30M",
      "measure_type": "B"
    },
    {
      "value": "184",
      "date": "2025-07-26 03:30:00",
      "interval_length": "PT30M",
      "measure_type": "B"
    },
    {
      "value": "242",
      "date": "2025-07-26 04:00:00",
      "interval_length": "PT30M",
      "measure_type": "B"
    },
    {
      "value": "154",
      "date": "2025-07-26 04:30:00",
      "interval_length": "PT30M",
      "measure_type": "B"
    },
    {
      "value": "222",
      "date": "2025-07-26 05:00:00",
      "interval_length": "PT30M",
      "measure_type": "B"
    },
    {
      "value": "168",
      "date": "2025-07-26 05:30:00",
      "interval_length": "PT30M",
      "measure_type": "B"
    },
    {
      "value": "190",
      "date": "2025-07-26 06:00:00",
      "interval_length": "PT30M",
      "measure_type": "B"
    },
    {
      "value": "160",
      "date": "2025-07-26 06:30:00",
      "interval_length": "PT30M",
      "measure_type": "B"
    },
    {
      "value": "198",
      "date": "2025-07-26 07:00:00",
      "interval_length": "PT30M",
      "measure_type": "B"
    },
    {
      "value": "180",
      "date": "2025-07-26 07:30:00",
      "interval_length": "PT30M",
      "measure_type": "B"
    },
    {
      "value": "298",
      "date": "2025-07-26 08:00:00",
      "interval_length": "PT30M",
      "measure_type": "B"
    },
    {
      "value": "196",
      "date": "2025-07-26 08:30:00",
      "interval_length": "PT30M",
      "measure_type": "B"
    },
    {
      "value": "30",
      "date": "2025-07-26 09:00:00",
      "interval_length": "PT30M",
      "measure_type": "B"
    },
    {
      "value": "2",
      "date": "2025-07-26 09:30:00",
      "interval_length": "PT30M",
      "measure_type": "B"
    },
    {
      "value": "0",
      "date": "2025-07-26 10:00:00",
      "interval_length": "PT30M",
      "measure_type": "B"
    },
    {
      "value": "0",
      "date": "2025-07-26 10:30:00",
      "interval_length": "PT30M",
      "measure_type": "B"
    },
    {
      "value": "28",
      "date": "2025-07-26 11:00:00",
      "interval_length": "PT30M",
      "measure_type": "B"
    },
    {
      "value": "0",
      "date": "2025-07-26 11:30:00",
      "interval_length": "PT30M",
      "measure_type": "B"
    },
    {
      "value": "0",
      "date": "2025-07-26 12:00:00",
      "interval_length": "PT30M",
      "measure_type": "B"
    },
    {
      "value": "756",
      "date": "2025-07-26 12:30:00",
      "interval_length": "PT30M",
      "measure_type": "B"
    },
    {
      "value": "832",
      "date": "2025-07-26 13:00:00",
      "interval_length": "PT30M",
      "measure_type": "B"
    },
    {
      "value": "0",
      "date": "2025-07-26 13:30:00",
      "interval_length": "PT30M",
      "measure_type": "B"
    },
    {
      "value": "8",
      "date": "2025-07-26 14:00:00",
      "interval_length": "PT30M",
      "measure_type": "B"
    },
    {
      "value": "80",
      "date": "2025-07-26 14:30:00",
      "interval_length": "PT30M",
      "measure_type": "B"
    },
    {
      "value": "0",
      "date": "2025-07-26 15:00:00",
      "interval_length": "PT30M",
      "measure_type": "B"
    },
    {
      "value": "750",
      "date": "2025-07-26 15:30:00",
      "interval_length": "PT30M",
      "measure_type": "B"
    },
    {
      "value": "48",
      "date": "2025-07-26 16:00:00",
      "interval_length": "PT30M",
      "measure_type": "B"
    },
    {
      "value": "26",
      "date": "2025-07-26 16:30:00",
      "interval_length": "PT30M",
      "measure_type": "B"
    },
    {
      "value": "0",
      "date": "2025-07-26 17:00:00",
      "interval_length": "PT30M",
      "measure_type": "B"
    },
    {
      "value": "0",
      "date": "2025-07-26 17:30:00",
      "interval_length": "PT30M",
      "measure_type": "B"
    },
    {
      "value": "4",
      "date": "2025-07-26 18:00:00",
      "interval_length": "PT30M",
      "measure_type": "B"
    },
    {
      "value": "0",
      "date": "2025-07-26 18:30:00",
      "interval_length": "PT30M",
      "measure_type": "B"
    },
    {
      "value": "0",
      "date": "2025-07-26 19:00:00",
      "interval_length": "PT30M",
      "measure_type": "B"
    },
    {
      "value": "2",
      "date": "2025-07-26 19:30:00",
      "interval_length": "PT30M",
      "measure_type": "B"
    },
    {
      "value": "0",
      "date": "2025-07-26 20:00:00",
      "interval_length": "PT30M",
      "measure_type": "B"
    },
    {
      "value": "64",
      "date": "2025-07-26 20:30:00",
      "interval_length": "PT30M",
      "measure_type": "B"
    },
    {
      "value": "564",
      "date": "2025-07-26 21:00:00",
      "interval_length": "PT30M",
      "measure_type": "B"
    },
    {
      "value": "1070",
      "date": "2025-07-26 21:30:00",
      "interval_length": "PT30M",
      "measure_type": "B"
    },
    {
      "value": "1102",
      "date": "2025-07-26 22:00:00",
      "interval_length": "PT30M",
      "measure_type": "B"
    },
    {
      "value": "258",
      "date": "2025-07-26 22:30:00",
      "interval_length": "PT30M",
      "measure_type": "B"
    },
    {
      "value": "464",
      "date": "2025-07-26 23:00:00",
      "interval_length": "PT30M",
      "measure_type": "B"
    },
    {
      "value": "360",
      "date": "2025-07-26 23:30:00",
      "interval_length": "PT30M",
      "measure_type": "B"
    },
    {
      "value": "614",
      "date": "2025-07-27 00:00:00",
      "interval_length": "PT30M",
      "measure_type": "B"
    }
  ]
}