{
  "usage_point_id": "14889146046840",
  "start": "2025-11-27",
  "end": "2025-11-28",
  "quality": "BRUT",
  "reading_type": {
    "unit": "W",
    "measurement_kind": "power",
    "aggregate": "average"
  },
  "interval_reading": [
    {
      "value": "1928",
      "date": "2025-11-27 00:30:00",
      "interval_length": "PT30M",
      "measure_type": "B"
    },
    {
      "value": "1706",
      "date": "2025-11-27 01:00:00",
      "interval_length": "PT30M",
      "measure_type": "B"
    },
    {
      "value": "1458",
      "date": "2025-11-27 01:30:00",
      "interval_length": "PT30M",
      "measure_type": "B"
    },
    {
      "value": "1114",
      "date": "2025-11-27 02:00:00",
      "interval_length": "PT30M",
      "measure_type": "B"
    },
    {
      "value": "800",
      "date": "2025-11-27 02:30:00",
      "interval_length": "PT30M",
      "measure_type": "B"
    },
    {
      "value": "506",
      "date": "2025-11-27 03:00:00",
      "interval_length": "PT30M",
      "measure_type": "B"
    },
    {
      "value": "192",
      "date": "2025-11-27 03:30:00",
      "interval_length": "PT30M",
      "measure_type": "B"
    },
    {
      "value": "202",
      "date": "2025-11-27 04:00:00",
      "interval_length": "PT30M",
      "measure_type": "B"
    },
    {
      "value": "236",
      "date": "2025-11-27 04:30:00",
      "interval_length": "PT30M",
      "measure_type": "B"
    },
    {
      "value": "168",
      "date": "2025-11-27 05:00:00",
      "interval_length": "PT30M",
      "measure_type": "B"
    },
    {
      "value": "210",
      "date": "2025-11-27 05:30:00",
      "interval_length": "PT30M",
      "measure_type": "B"
    },
    {
      "value": "236",
      "date": "2025-11-27 06:00:00",
      "interval_length": "PT30M",
      "measure_type": "B"
    },
    {
      "value": "184",
      "date": "2025-11-27 06:30:00",
      "interval_length": "PT30M",
      "measure_type": "B"
    },
    {
      "value": "226",
      "date": "2025-11-27 07:00:00",
      "interval_length": "PT30M",
      "measure_type": "B"
    },
    {
      "value": "182",
      "date": "2025-11-27 07:30:00",
      "interval_length": "PT30M",
      "measure_type": "B"
    },
    {
      "value": "746",
      "date": "2025-11-27 08:00:00",
      "interval_length": "PT30M",
      "measure_type": "B"
    },
    {
      "value": "2136",
      "date": "2025-11-27 08:30:00",
      "interval_length": "PT30M",
      "measure_type": "B"
    },
    {
      "value": "1460",
      "date": "2025-11-27 09:00:00",
      "interval_length": "PT30M",
      "measure_type": "B"
    },
    {
      "value": "1326",
      "date": "2025-11-27 09:30:00",
      "interval_length": "PT30M",
      "measure_type": "B"
    },
    {
      "value": "1556",
      "date": "2025-11-27 10:00:00",
      "interval_length": "PT30M",
      "measure_type": "B"
    },
    {
      "value": "430",
      "date": "2025-11-27 10:30:00",
      "interval_length": "PT30M",
      "measure_type": "B"
    },
    {
      "value": "0",
      "date": "2025-11-27 11:00:00",
      "interval_length": "PT30M",
      "measure_type": "B"
    },
    {
      "value": "0",
      "date": "2025-11-27 11:30:00",
      "interval_length": "PT30M",
      "measure_type": "B"
    },
    {
      "value": "0",
      "date": "2025-11-27 12:00:00",
      "interval_length": "PT30M",
      "measure_type": "B"
    },
    {
      "value": "402",
      "date": "2025-11-27 12:30:00",
      "interval_length": "PT30M",
      "measure_type": "B"
    },
    {
      "value": "18",
      "date": "2025-11-27 13:00:00",
      "interval_length": "PT30M",
      "measure_type": "B"
    },
    {
      "value": "772",
      "date": "2025-11-27 13:30:00",
      "interval_length": "PT30M",
      "measure_type": "B"
    },
    {
      "value": "904",
      "date": "2025-11-27 14:00:00",
      "interval_length": "PT30M",
      "measure_type": "B"
    },
    {
      "value": "228",
      "date": "2025-11-27 14:30:00",
      "interval_length": "PT30M",
      "measure_type": "B"
    },
    {
      "value": "42",
      "date": "2025-11-27 15:00:00",
      "interval_length": "PT30M",
      "measure_type": "B"
    },
    {
      "value": "64",
      "date": "2025-11-27 15:30:00",
      "interval_length": "PT30M",
      "measure_type": "B"
    },
    {
      "value": "178",
      "date": "2025-11-27 16:00:00",
      "interval_length": "PT30M",
      "measure_type": "B"
    },
    {
      "value": "210",
      "date": "2025-11-27 16:30:00",
      "interval_length": "PT30M",
      "measure_type": "B"
    },
    {
      "value": "144",
      "date": "2025-11-27 17:00:00",
      "interval_length": "PT30M",
      "measure_type": "B"
    },
    {
      "value": "792",
      "date": "2025-11-27 17:30:00",
      "interval_length": "PT30M",
      "measure_type": "B"
    },
    {
      "value": "2092",
      "date": "2025-11-27 18:00:00",
      "interval_length": "PT30M",
      "measure_type": "B"
    },
    {
      "value": "372",
      "date": "2025-11-27 18:30:00",
      "interval_length": "PT30M",
      "measure_type": "B"
    },
    {
      "value": "438",
      "date": "2025-11-27 19:00:00",
      "interval_length": "PT30M",
      "measure_type": "B"
    },
    {
      "value": "526",
      "date": "2025-11-27 19:30:00",
      "interval_length": "PT30M",
      "measure_type": "B"
    },
    {
      "value": "384",
      "date": "2025-11-27 20:00:00",
      "interval_length": "PT30M",
      "measure_type": "B"
    },
    {
      "value": "420",
      "date": "2025-11-27 20:30:00",
      "interval_length": "PT30M",
      "measure_type": "B"
    },
    {
      "value": "380",
      "date": "2025-11-27 21:00:00",
      "interval_length": "PT30M",
      "measure_type": "B"
    },
    {
      "value": "446",
      "date": "2025-11-27 21:30:00",
      "interval_length": "PT30M",
      "measure_type": "B"
    },
    {
      "value": "410",
      "date": "2025-11-27 22:00:00",
      "interval_length": "PT30M",
      "measure_type": "B"
    },
    {
      "value": "380",
      "date": "2025-11-27 22:30:00",
      "interval_length": "PT30M",
      "measure_type": "B"
    },
    {
      "value": "470",
      "date": "2025-11-27 23:00:00",
      "interval_length": "PT30M",
      "measure_type": "B"
    },
    {
      "value": "946",
      "date": "2025-11-27 23:30:00",
      "interval_length": "PT30M",
      "measure_type": "B"
    },
    {
      "value": "1406",
      "date": "2025-11-28 00:00:00",
      "interval_length": "PT30M",
      "measure_type": "B"
    }
  ]
}