{
  "usage_point_id": "14889146046840",
  "start": "2025-11-25",
  "end": "2025-11-26",
  "quality": "BRUT",
  "reading_type": {
    "unit": "W",
    "measurement_kind": "power",
    "aggregate": "average"
  },
  "interval_reading": [
    {
      "value": "1550",
      "date": "2025-11-25 00:30:00",
      "interval_length": "PT30M",
      "measure_type": "B"
    },
    {
      "value": "1248",
      "date": "2025-11-25 01:00:00",
      "interval_length": "PT30M",
      "measure_type": "B"
    },
    {
      "value": "1556",
      "date": "2025-11-25 01:30:00",
      "interval_length": "PT30M",
      "measure_type": "B"
    },
    {
      "value": "1296",
      "date": "2025-11-25 02:00:00",
      "interval_length": "PT30M",
      "measure_type": "B"
    },
    {
      "value": "1182",
      "date": "2025-11-25 02:30:00",
      "interval_length": "PT30M",
      "measure_type": "B"
    },
    {
      "value": "1150",
      "date": "2025-11-25 03:00:00",
      "interval_length": "PT30M",
      "measure_type": "B"
    },
    {
      "value": "910",
      "date": "2025-11-25 03:30:00",
      "interval_length": "PT30M",
      "measure_type": "B"
    },
    {
      "value": "730",
      "date": "2025-11-25 04:00:00",
      "interval_length": "PT30M",
      "measure_type": "B"
    },
    {
      "value": "674",
      "date": "2025-11-25 04:30:00",
      "interval_length": "PT30M",
      "measure_type": "B"
    },
    {
      "value": "570",
      "date": "2025-11-25 05:00:00",
      "interval_length": "PT30M",
      "measure_type": "B"
    },
    {
      "value": "182",
      "date": "2025-11-25 05:30:00",
      "interval_length": "PT30M",
      "measure_type": "B"
    },
    {
      "value": "238",
      "date": "2025-11-25 06:00:00",
      "interval_length": "PT30M",
      "measure_type": "B"
    },
    {
      "value": "224",
      "date": "2025-11-25 06:30:00",
      "interval_length": "PT30M",
      "measure_type": "B"
    },
    {
      "value": "182",
      "date": "2025-11-25 07:00:00",
      "interval_length": "PT30M",
      "measure_type": "B"
    },
    {
      "value": "534",
      "date": "2025-11-25 07:30:00",
      "interval_length": "PT30M",
      "measure_type": "B"
    },
    {
      "value": "412",
      "date": "2025-11-25 08:00:00",
      "interval_length": "PT30M",
      "measure_type": "B"
    },
    {
      "value": "360",
      "date": "2025-11-25 08:30:00",
      "interval_length": "PT30M",
      "measure_type": "B"
    },
    {
      "value": "240",
      "date": "2025-11-25 09:00:00",
      "interval_length": "PT30M",
      "measure_type": "B"
    },
    {
      "value": "160",
      "date": "2025-11-25 09:30:00",
      "interval_length": "PT30M",
      "measure_type": "B"
    },
    {
      "value": "368",
      "date": "2025-11-25 10:00:00",
      "interval_length": "PT30M",
      "measure_type": "B"
    },
    {
      "value": "1046",
      "date": "2025-11-25 10:30:00",
      "interval_length": "PT30M",
      "measure_type": "B"
    },
    {
      "value": "842",
      "date": "2025-11-25 11:00:00",
      "interval_length": "PT30M",
      "measure_type": "B"
    },
    {
      "value": "996",
      "date": "2025-11-25 11:30:00",
      "interval_length": "PT30M",
      "measure_type": "B"
    },
    {
      "value": "80",
      "date": "2025-11-25 12:00:00",
      "interval_length": "PT30M",
      "measure_type": "B"
    },
    {
      "value": "508",
      "date": "2025-11-25 12:30:00",
      "interval_length": "PT30M",
      "measure_type": "B"
    },
    {
      "value": "16",
      "date": "2025-11-25 13:00:00",
      "interval_length": "PT30M",
      "measure_type": "B"
    },
    {
      "value": "270",
      "date": "2025-11-25 13:30:00",
      "interval_length": "PT30M",
      "measure_type": "B"
    },
    {
      "value": "728",
      "date": "2025-11-25 14:00:00",
      "interval_length": "PT30M",
      "measure_type": "B"
    },
    {
      "value": "186",
      "date": "2025-11-25 14:30:00",
      "interval_length": "PT30M",
      "measure_type": "B"
    },
    {
      "value": "0",
      "date": "2025-11-25 15:00:00",
      "interval_length": "PT30M",
      "measure_type": "B"
    },
    {
      "value": "8",
      "date": "2025-11-25 15:30:00",
      "interval_length": "PT30M",
      "measure_type": "B"
    },
    {
      "value": "0",
      "date": "2025-11-25 16:00:00",
      "interval_length": "PT30M",
      "measure_type": "B"
    },
    {
      "value": "12",
      "date": "2025-11-25 16:30:00",
      "interval_length": "PT30M",
      "measure_type": "B"
    },
    {
      "value": "0",
      "date": "2025-11-25 17:00:00",
      "interval_length": "PT30M",
      "measure_type": "B"
    },
    {
      "value": "176",
      "date": "2025-11-25 17:30:00",
      "interval_length": "PT30M",
      "measure_type": "B"
    },
    {
      "value": "306",
      "date": "2025-11-25 18:00:00",
      "interval_length": "PT30M",
      "measure_type": "B"
    },
    {
      "value": "406",
      "date": "2025-11-25 18:30:00",
      "interval_length": "PT30M",
      "measure_type": "B"
    },
    {
      "value": "362",
      "date": "2025-11-25 19:00:00",
      "interval_length": "PT30M",
      "measure_type": "B"
    },
    {
      "value": "574",
      "date": "2025-11-25 19:30:00",
      "interval_length": "PT30M",
      "measure_type": "B"
    },
    {
      "value": "378",
      "date": "2025-11-25 20:00:00",
      "interval_length": "PT30M",
      "measure_type": "B"
    },
    {
      "value": "376",
      "date": "2025-11-25 20:30:00",
      "interval_length": "PT30M",
      "measure_type": "B"
    },
    {
      "value": "428",
      "date": "2025-11-25 21:00:00",
      "interval_length": "PT30M",
      "measure_type": "B"
    },
    {
      "value": "410",
      "date": "2025-11-25 21:30:00",
      "interval_length": "PT30M",
      "measure_type": "B"
    },
    {
      "value": "388",
      "date": "2025-11-25 22:00:00",
      "interval_length": "PT30M",
      "measure_type": "B"
    },
    {
      "value": "394",
      "date": "2025-11-25 22:30:00",
      "interval_length": "PT30M",
      "measure_type": "B"
    },
    {
      "value": "2086",
      "date": "2025-11-25 23:00:00",
      "interval_length": "PT30M",
      "measure_type": "B"
    },
    {
      "value": "2096",
      "date": "2025-11-25 23:30:00",
      "interval_length": "PT30M",
      "measure_type": "B"
    },
    {
      "value": "1618",
      "date": "2025-11-26 00:00:00",
      "interval_length": "PT30M",
      "measure_type": "B"
    }
  ]
}