{
  "usage_point_id": "14889146046840",
  "start": "2025-11-19",
  "end": "2025-11-20",
  "quality": "BRUT",
  "reading_type": {
    "unit": "W",
    "measurement_kind": "power",
    "aggregate": "average"
  },
  "interval_reading": [
    {
      "value": "1396",
      "date": "2025-11-19 00:30:00",
      "interval_length": "PT30M",
      "measure_type": "B"
    },
    {
      "value": "424",
      "date": "2025-11-19 01:00:00",
      "interval_length": "PT30M",
      "measure_type": "B"
    },
    {
      "value": "308",
      "date": "2025-11-19 01:30:00",
      "interval_length": "PT30M",
      "measure_type": "B"
    },
    {
      "value": "250",
      "date": "2025-11-19 02:00:00",
      "interval_length": "PT30M",
      "measure_type": "B"
    },
    {
      "value": "190",
      "date": "2025-11-19 02:30:00",
      "interval_length": "PT30M",
      "measure_type": "B"
    },
    {
      "value": "230",
      "date": "2025-11-19 03:00:00",
      "interval_length": "PT30M",
      "measure_type": "B"
    },
    {
      "value": "212",
      "date": "2025-11-19 03:30:00",
      "interval_length": "PT30M",
      "measure_type": "B"
    },
    {
      "value": "190",
      "date": "2025-11-19 04:00:00",
      "interval_length": "PT30M",
      "measure_type": "B"
    },
    {
      "value": "258",
      "date": "2025-11-19 04:30:00",
      "interval_length": "PT30M",
      "measure_type": "B"
    },
    {
      "value": "1042",
      "date": "2025-11-19 05:00:00",
      "interval_length": "PT30M",
      "measure_type": "B"
    },
    {
      "value": "1270",
      "date": "2025-11-19 05:30:00",
      "interval_length": "PT30M",
      "measure_type": "B"
    },
    {
      "value": "1310",
      "date": "2025-11-19 06:00:00",
      "interval_length": "PT30M",
      "measure_type": "B"
    },
    {
      "value": "1030",
      "date": "2025-11-19 06:30:00",
      "interval_length": "PT30M",
      "measure_type": "B"
    },
    {
      "value": "954",
      "date": "2025-11-19 07:00:00",
      "interval_length": "PT30M",
      "measure_type": "B"
    },
    {
      "value": "758",
      "date": "2025-11-19 07:30:00",
      "interval_length": "PT30M",
      "measure_type": "B"
    },
    {
      "value": "716",
      "date": "2025-11-19 08:00:00",
      "interval_length": "PT30M",
      "measure_type": "B"
    },
    {
      "value": "1026",
      "date": "2025-11-19 08:30:00",
      "interval_length": "PT30M",
      "measure_type": "B"
    },
    {
      "value": "578",
      "date": "2025-11-19 09:00:00",
      "interval_length": "PT30M",
      "measure_type": "B"
    },
    {
      "value": "228",
      "date": "2025-11-19 09:30:00",
      "interval_length": "PT30M",
      "measure_type": "B"
    },
    {
      "value": "134",
      "date": "2025-11-19 10:00:00",
      "interval_length": "PT30M",
      "measure_type": "B"
    },
    {
      "value": "0",
      "date": "2025-11-19 10:30:00",
      "interval_length": "PT30M",
      "measure_type": "B"
    },
    {
      "value": "0",
      "date": "2025-11-19 11:00:00",
      "interval_length": "PT30M",
      "measure_type": "B"
    },
    {
      "value": "0",
      "date": "2025-11-19 11:30:00",
      "interval_length": "PT30M",
      "measure_type": "B"
    },
    {
      "value": "0",
      "date": "2025-11-19 12:00:00",
      "interval_length": "PT30M",
      "measure_type": "B"
    },
    {
      "value": "734",
      "date": "2025-11-19 12:30:00",
      "interval_length": "PT30M",
      "measure_type": "B"
    },
    {
      "value": "512",
      "date": "2025-11-19 13:00:00",
      "interval_length": "PT30M",
      "measure_type": "B"
    },
    {
      "value": "92",
      "date": "2025-11-19 13:30:00",
      "interval_length": "PT30M",
      "measure_type": "B"
    },
    {
      "value": "16",
      "date": "2025-11-19 14:00:00",
      "interval_length": "PT30M",
      "measure_type": "B"
    },
    {
      "value": "8",
      "date": "2025-11-19 14:30:00",
      "interval_length": "PT30M",
      "measure_type": "B"
    },
    {
      "value": "40",
      "date": "2025-11-19 15:00:00",
      "interval_length": "PT30M",
      "measure_type": "B"
    },
    {
      "value": "28",
      "date": "2025-11-19 15:30:00",
      "interval_length": "PT30M",
      "measure_type": "B"
    },
    {
      "value": "62",
      "date": "2025-11-19 16:00:00",
      "interval_length": "PT30M",
      "measure_type": "B"
    },
    {
      "value": "6",
      "date": "2025-11-19 16:30:00",
      "interval_length": "PT30M",
      "measure_type": "B"
    },
    {
      "value": "82",
      "date": "2025-11-19 17:00:00",
      "interval_length": "PT30M",
      "measure_type": "B"
    },
    {
      "value": "204",
      "date": "2025-11-19 17:30:00",
      "interval_length": "PT30M",
      "measure_type": "B"
    },
    {
      "value": "232",
      "date": "2025-11-19 18:00:00",
      "interval_length": "PT30M",
      "measure_type": "B"
    },
    {
      "value": "262",
      "date": "2025-11-19 18:30:00",
      "interval_length": "PT30M",
      "measure_type": "B"
    },
    {
      "value": "416",
      "date": "2025-11-19 19:00:00",
      "interval_length": "PT30M",
      "measure_type": "B"
    },
    {
      "value": "524",
      "date": "2025-11-19 19:30:00",
      "interval_length": "PT30M",
      "measure_type": "B"
    },
    {
      "value": "434",
      "date": "2025-11-19 20:00:00",
      "interval_length": "PT30M",
      "measure_type": "B"
    },
    {
      "value": "2622",
      "date": "2025-11-19 20:30:00",
      "interval_length": "PT30M",
      "measure_type": "B"
    },
    {
      "value": "1120",
      "date": "2025-11-19 21:00:00",
      "interval_length": "PT30M",
      "measure_type": "B"
    },
    {
      "value": "396",
      "date": "2025-11-19 21:30:00",
      "interval_length": "PT30M",
      "measure_type": "B"
    },
    {
      "value": "1512",
      "date": "2025-11-19 22:00:00",
      "interval_length": "PT30M",
      "measure_type": "B"
    },
    {
      "value": "2148",
      "date": "2025-11-19 22:30:00",
      "interval_length": "PT30M",
      "measure_type": "B"
    },
    {
      "value": "1602",
      "date": "2025-11-19 23:00:00",
      "interval_length": "PT30M",
      "measure_type": "B"
    },
    {
      "value": "1842",
      "date": "2025-11-19 23:30:00",
      "interval_length": "PT30M",
      "measure_type": "B"
    },
    {
      "value": "1560",
      "date": "2025-11-20 00:00:00",
      "interval_length": "PT30M",
      "measure_type": "B"
    }
  ]
}