{
  "usage_point_id": "14889146046840",
  "start": "2025-11-12",
  "end": "2025-11-13",
  "quality": "BRUT",
  "reading_type": {
    "unit": "W",
    "measurement_kind": "power",
    "aggregate": "average"
  },
  "interval_reading": [
    {
      "value": "190",
      "date": "2025-11-12 00:30:00",
      "interval_length": "PT30M",
      "measure_type": "B"
    },
    {
      "value": "254",
      "date": "2025-11-12 01:00:00",
      "interval_length": "PT30M",
      "measure_type": "B"
    },
    {
      "value": "236",
      "date": "2025-11-12 01:30:00",
      "interval_length": "PT30M",
      "measure_type": "B"
    },
    {
      "value": "210",
      "date": "2025-11-12 02:00:00",
      "interval_length": "PT30M",
      "measure_type": "B"
    },
    {
      "value": "256",
      "date": "2025-11-12 02:30:00",
      "interval_length": "PT30M",
      "measure_type": "B"
    },
    {
      "value": "216",
      "date": "2025-11-12 03:00:00",
      "interval_length": "PT30M",
      "measure_type": "B"
    },
    {
      "value": "214",
      "date": "2025-11-12 03:30:00",
      "interval_length": "PT30M",
      "measure_type": "B"
    },
    {
      "value": "238",
      "date": "2025-11-12 04:00:00",
      "interval_length": "PT30M",
      "measure_type": "B"
    },
    {
      "value": "220",
      "date": "2025-11-12 04:30:00",
      "interval_length": "PT30M",
      "measure_type": "B"
    },
    {
      "value": "232",
      "date": "2025-11-12 05:00:00",
      "interval_length": "PT30M",
      "measure_type": "B"
    },
    {
      "value": "386",
      "date": "2025-11-12 05:30:00",
      "interval_length": "PT30M",
      "measure_type": "B"
    },
    {
      "value": "718",
      "date": "2025-11-12 06:00:00",
      "interval_length": "PT30M",
      "measure_type": "B"
    },
    {
      "value": "680",
      "date": "2025-11-12 06:30:00",
      "interval_length": "PT30M",
      "measure_type": "B"
    },
    {
      "value": "682",
      "date": "2025-11-12 07:00:00",
      "interval_length": "PT30M",
      "measure_type": "B"
    },
    {
      "value": "552",
      "date": "2025-11-12 07:30:00",
      "interval_length": "PT30M",
      "measure_type": "B"
    },
    {
      "value": "894",
      "date": "2025-11-12 08:00:00",
      "interval_length": "PT30M",
      "measure_type": "B"
    },
    {
      "value": "554",
      "date": "2025-11-12 08:30:00",
      "interval_length": "PT30M",
      "measure_type": "B"
    },
    {
      "value": "580",
      "date": "2025-11-12 09:00:00",
      "interval_length": "PT30M",
      "measure_type": "B"
    },
    {
      "value": "134",
      "date": "2025-11-12 09:30:00",
      "interval_length": "PT30M",
      "measure_type": "B"
    },
    {
      "value": "1174",
      "date": "2025-11-12 10:00:00",
      "interval_length": "PT30M",
      "measure_type": "B"
    },
    {
      "value": "2242",
      "date": "2025-11-12 10:30:00",
      "interval_length": "PT30M",
      "measure_type": "B"
    },
    {
      "value": "1678",
      "date": "2025-11-12 11:00:00",
      "interval_length": "PT30M",
      "measure_type": "B"
    },
    {
      "value": "274",
      "date": "2025-11-12 11:30:00",
      "interval_length": "PT30M",
      "measure_type": "B"
    },
    {
      "value": "180",
      "date": "2025-11-12 12:00:00",
      "interval_length": "PT30M",
      "measure_type": "B"
    },
    {
      "value": "12",
      "date": "2025-11-12 12:30:00",
      "interval_length": "PT30M",
      "measure_type": "B"
    },
    {
      "value": "10",
      "date": "2025-11-12 13:00:00",
      "interval_length": "PT30M",
      "measure_type": "B"
    },
    {
      "value": "0",
      "date": "2025-11-12 13:30:00",
      "interval_length": "PT30M",
      "measure_type": "B"
    },
    {
      "value": "0",
      "date": "2025-11-12 14:00:00",
      "interval_length": "PT30M",
      "measure_type": "B"
    },
    {
      "value": "0",
      "date": "2025-11-12 14:30:00",
      "interval_length": "PT30M",
      "measure_type": "B"
    },
    {
      "value": "0",
      "date": "2025-11-12 15:00:00",
      "interval_length": "PT30M",
      "measure_type": "B"
    },
    {
      "value": "0",
      "date": "2025-11-12 15:30:00",
      "interval_length": "PT30M",
      "measure_type": "B"
    },
    {
      "value": "4",
      "date": "2025-11-12 16:00:00",
      "interval_length": "PT30M",
      "measure_type": "B"
    },
    {
      "value": "22",
      "date": "2025-11-12 16:30:00",
      "interval_length": "PT30M",
      "measure_type": "B"
    },
    {
      "value": "124",
      "date": "2025-11-12 17:00:00",
      "interval_length": "PT30M",
      "measure_type": "B"
    },
    {
      "value": "252",
      "date": "2025-11-12 17:30:00",
      "interval_length": "PT30M",
      "measure_type": "B"
    },
    {
      "value": "1866",
      "date": "2025-11-12 18:00:00",
      "interval_length": "PT30M",
      "measure_type": "B"
    },
    {
      "value": "892",
      "date": "2025-11-12 18:30:00",
      "interval_length": "PT30M",
      "measure_type": "B"
    },
    {
      "value": "382",
      "date": "2025-11-12 19:00:00",
      "interval_length": "PT30M",
      "measure_type": "B"
    },
    {
      "value": "468",
      "date": "2025-11-12 19:30:00",
      "interval_length": "PT30M",
      "measure_type": "B"
    },
    {
      "value": "472",
      "date": "2025-11-12 20:00:00",
      "interval_length": "PT30M",
      "measure_type": "B"
    },
    {
      "value": "564",
      "date": "2025-11-12 20:30:00",
      "interval_length": "PT30M",
      "measure_type": "B"
    },
    {
      "value": "418",
      "date": "2025-11-12 21:00:00",
      "interval_length": "PT30M",
      "measure_type": "B"
    },
    {
      "value": "406",
      "date": "2025-11-12 21:30:00",
      "interval_length": "PT30M",
      "measure_type": "B"
    },
    {
      "value": "460",
      "date": "2025-11-12 22:00:00",
      "interval_length": "PT30M",
      "measure_type": "B"
    },
    {
      "value": "380",
      "date": "2025-11-12 22:30:00",
      "interval_length": "PT30M",
      "measure_type": "B"
    },
    {
      "value": "492",
      "date": "2025-11-12 23:00:00",
      "interval_length": "PT30M",
      "measure_type": "B"
    },
    {
      "value": "394",
      "date": "2025-11-12 23:30:00",
      "interval_length": "PT30M",
      "measure_type": "B"
    },
    {
      "value": "672",
      "date": "2025-11-13 00:00:00",
      "interval_length": "PT30M",
      "measure_type": "B"
    }
  ]
}