{
  "usage_point_id": "14889146046840",
  "start": "2025-10-21",
  "end": "2025-10-22",
  "quality": "BRUT",
  "reading_type": {
    "unit": "W",
    "measurement_kind": "power",
    "aggregate": "average"
  },
  "interval_reading": [
    {
      "value": "350",
      "date": "2025-10-21 00:30:00",
      "interval_length": "PT30M",
      "measure_type": "B"
    },
    {
      "value": "330",
      "date": "2025-10-21 01:00:00",
      "interval_length": "PT30M",
      "measure_type": "B"
    },
    {
      "value": "344",
      "date": "2025-10-21 01:30:00",
      "interval_length": "PT30M",
      "measure_type": "B"
    },
    {
      "value": "268",
      "date": "2025-10-21 02:00:00",
      "interval_length": "PT30M",
      "measure_type": "B"
    },
    {
      "value": "150",
      "date": "2025-10-21 02:30:00",
      "interval_length": "PT30M",
      "measure_type": "B"
    },
    {
      "value": "192",
      "date": "2025-10-21 03:00:00",
      "interval_length": "PT30M",
      "measure_type": "B"
    },
    {
      "value": "142",
      "date": "2025-10-21 03:30:00",
      "interval_length": "PT30M",
      "measure_type": "B"
    },
    {
      "value": "108",
      "date": "2025-10-21 04:00:00",
      "interval_length": "PT30M",
      "measure_type": "B"
    },
    {
      "value": "360",
      "date": "2025-10-21 04:30:00",
      "interval_length": "PT30M",
      "measure_type": "B"
    },
    {
      "value": "568",
      "date": "2025-10-21 05:00:00",
      "interval_length": "PT30M",
      "measure_type": "B"
    },
    {
      "value": "602",
      "date": "2025-10-21 05:30:00",
      "interval_length": "PT30M",
      "measure_type": "B"
    },
    {
      "value": "508",
      "date": "2025-10-21 06:00:00",
      "interval_length": "PT30M",
      "measure_type": "B"
    },
    {
      "value": "490",
      "date": "2025-10-21 06:30:00",
      "interval_length": "PT30M",
      "measure_type": "B"
    },
    {
      "value": "448",
      "date": "2025-10-21 07:00:00",
      "interval_length": "PT30M",
      "measure_type": "B"
    },
    {
      "value": "388",
      "date": "2025-10-21 07:30:00",
      "interval_length": "PT30M",
      "measure_type": "B"
    },
    {
      "value": "446",
      "date": "2025-10-21 08:00:00",
      "interval_length": "PT30M",
      "measure_type": "B"
    },
    {
      "value": "408",
      "date": "2025-10-21 08:30:00",
      "interval_length": "PT30M",
      "measure_type": "B"
    },
    {
      "value": "214",
      "date": "2025-10-21 09:00:00",
      "interval_length": "PT30M",
      "measure_type": "B"
    },
    {
      "value": "186",
      "date": "2025-10-21 09:30:00",
      "interval_length": "PT30M",
      "measure_type": "B"
    },
    {
      "value": "162",
      "date": "2025-10-21 10:00:00",
      "interval_length": "PT30M",
      "measure_type": "B"
    },
    {
      "value": "22",
      "date": "2025-10-21 10:30:00",
      "interval_length": "PT30M",
      "measure_type": "B"
    },
    {
      "value": "8",
      "date": "2025-10-21 11:00:00",
      "interval_length": "PT30M",
      "measure_type": "B"
    },
    {
      "value": "14",
      "date": "2025-10-21 11:30:00",
      "interval_length": "PT30M",
      "measure_type": "B"
    },
    {
      "value": "0",
      "date": "2025-10-21 12:00:00",
      "interval_length": "PT30M",
      "measure_type": "B"
    },
    {
      "value": "382",
      "date": "2025-10-21 12:30:00",
      "interval_length": "PT30M",
      "measure_type": "B"
    },
    {
      "value": "1442",
      "date": "2025-10-21 13:00:00",
      "interval_length": "PT30M",
      "measure_type": "B"
    },
    {
      "value": "792",
      "date": "2025-10-21 13:30:00",
      "interval_length": "PT30M",
      "measure_type": "B"
    },
    {
      "value": "1986",
      "date": "2025-10-21 14:00:00",
      "interval_length": "PT30M",
      "measure_type": "B"
    },
    {
      "value": "1114",
      "date": "2025-10-21 14:30:00",
      "interval_length": "PT30M",
      "measure_type": "B"
    },
    {
      "value": "716",
      "date": "2025-10-21 15:00:00",
      "interval_length": "PT30M",
      "measure_type": "B"
    },
    {
      "value": "510",
      "date": "2025-10-21 15:30:00",
      "interval_length": "PT30M",
      "measure_type": "B"
    },
    {
      "value": "12",
      "date": "2025-10-21 16:00:00",
      "interval_length": "PT30M",
      "measure_type": "B"
    },
    {
      "value": "0",
      "date": "2025-10-21 16:30:00",
      "interval_length": "PT30M",
      "measure_type": "B"
    },
    {
      "value": "32",
      "date": "2025-10-21 17:00:00",
      "interval_length": "PT30M",
      "measure_type": "B"
    },
    {
      "value": "140",
      "date": "2025-10-21 17:30:00",
      "interval_length": "PT30M",
      "measure_type": "B"
    },
    {
      "value": "412",
      "date": "2025-10-21 18:00:00",
      "interval_length": "PT30M",
      "measure_type": "B"
    },
    {
      "value": "338",
      "date": "2025-10-21 18:30:00",
      "interval_length": "PT30M",
      "measure_type": "B"
    },
    {
      "value": "724",
      "date": "2025-10-21 19:00:00",
      "interval_length": "PT30M",
      "measure_type": "B"
    },
    {
      "value": "1006",
      "date": "2025-10-21 19:30:00",
      "interval_length": "PT30M",
      "measure_type": "B"
    },
    {
      "value": "690",
      "date": "2025-10-21 20:00:00",
      "interval_length": "PT30M",
      "measure_type": "B"
    },
    {
      "value": "1312",
      "date": "2025-10-21 20:30:00",
      "interval_length": "PT30M",
      "measure_type": "B"
    },
    {
      "value": "714",
      "date": "2025-10-21 21:00:00",
      "interval_length": "PT30M",
      "measure_type": "B"
    },
    {
      "value": "354",
      "date": "2025-10-21 21:30:00",
      "interval_length": "PT30M",
      "measure_type": "B"
    },
    {
      "value": "266",
      "date": "2025-10-21 22:00:00",
      "interval_length": "PT30M",
      "measure_type": "B"
    },
    {
      "value": "356",
      "date": "2025-10-21 22:30:00",
      "interval_length": "PT30M",
      "measure_type": "B"
    },
    {
      "value": "304",
      "date": "2025-10-21 23:00:00",
      "interval_length": "PT30M",
      "measure_type": "B"
    },
    {
      "value": "276",
      "date": "2025-10-21 23:30:00",
      "interval_length": "PT30M",
      "measure_type": "B"
    },
    {
      "value": "484",
      "date": "2025-10-22 00:00:00",
      "interval_length": "PT30M",
      "measure_type": "B"
    }
  ]
}