{
  "usage_point_id": "14889146046840",
  "start": "2025-07-19",
  "end": "2025-07-20",
  "quality": "BRUT",
  "reading_type": {
    "unit": "W",
    "measurement_kind": "power",
    "aggregate": "average"
  },
  "interval_reading": [
    {
      "value": "1658",
      "date": "2025-07-19 00:30:00",
      "interval_length": "PT30M",
      "measure_type": "B"
    },
    {
      "value": "424",
      "date": "2025-07-19 01:00:00",
      "interval_length": "PT30M",
      "measure_type": "B"
    },
    {
      "value": "192",
      "date": "2025-07-19 01:30:00",
      "interval_length": "PT30M",
      "measure_type": "B"
    },
    {
      "value": "228",
      "date": "2025-07-19 02:00:00",
      "interval_length": "PT30M",
      "measure_type": "B"
    },
    {
      "value": "208",
      "date": "2025-07-19 02:30:00",
      "interval_length": "PT30M",
      "measure_type": "B"
    },
    {
      "value": "210",
      "date": "2025-07-19 03:00:00",
      "interval_length": "PT30M",
      "measure_type": "B"
    },
    {
      "value": "216",
      "date": "2025-07-19 03:30:00",
      "interval_length": "PT30M",
      "measure_type": "B"
    },
    {
      "value": "144",
      "date": "2025-07-19 04:00:00",
      "interval_length": "PT30M",
      "measure_type": "B"
    },
    {
      "value": "214",
      "date": "2025-07-19 04:30:00",
      "interval_length": "PT30M",
      "measure_type": "B"
    },
    {
      "value": "190",
      "date": "2025-07-19 05:00:00",
      "interval_length": "PT30M",
      "measure_type": "B"
    },
    {
      "value": "182",
      "date": "2025-07-19 05:30:00",
      "interval_length": "PT30M",
      "measure_type": "B"
    },
    {
      "value": "230",
      "date": "2025-07-19 06:00:00",
      "interval_length": "PT30M",
      "measure_type": "B"
    },
    {
      "value": "182",
      "date": "2025-07-19 06:30:00",
      "interval_length": "PT30M",
      "measure_type": "B"
    },
    {
      "value": "230",
      "date": "2025-07-19 07:00:00",
      "interval_length": "PT30M",
      "measure_type": "B"
    },
    {
      "value": "150",
      "date": "2025-07-19 07:30:00",
      "interval_length": "PT30M",
      "measure_type": "B"
    },
    {
      "value": "188",
      "date": "2025-07-19 08:00:00",
      "interval_length": "PT30M",
      "measure_type": "B"
    },
    {
      "value": "482",
      "date": "2025-07-19 08:30:00",
      "interval_length": "PT30M",
      "measure_type": "B"
    },
    {
      "value": "94",
      "date": "2025-07-19 09:00:00",
      "interval_length": "PT30M",
      "measure_type": "B"
    },
    {
      "value": "4",
      "date": "2025-07-19 09:30:00",
      "interval_length": "PT30M",
      "measure_type": "B"
    },
    {
      "value": "22",
      "date": "2025-07-19 10:00:00",
      "interval_length": "PT30M",
      "measure_type": "B"
    },
    {
      "value": "0",
      "date": "2025-07-19 10:30:00",
      "interval_length": "PT30M",
      "measure_type": "B"
    },
    {
      "value": "0",
      "date": "2025-07-19 11:00:00",
      "interval_length": "PT30M",
      "measure_type": "B"
    },
    {
      "value": "0",
      "date": "2025-07-19 11:30:00",
      "interval_length": "PT30M",
      "measure_type": "B"
    },
    {
      "value": "0",
      "date": "2025-07-19 12:00:00",
      "interval_length": "PT30M",
      "measure_type": "B"
    },
    {
      "value": "74",
      "date": "2025-07-19 12:30:00",
      "interval_length": "PT30M",
      "measure_type": "B"
    },
    {
      "value": "170",
      "date": "2025-07-19 13:00:00",
      "interval_length": "PT30M",
      "measure_type": "B"
    },
    {
      "value": "816",
      "date": "2025-07-19 13:30:00",
      "interval_length": "PT30M",
      "measure_type": "B"
    },
    {
      "value": "598",
      "date": "2025-07-19 14:00:00",
      "interval_length": "PT30M",
      "measure_type": "B"
    },
    {
      "value": "0",
      "date": "2025-07-19 14:30:00",
      "interval_length": "PT30M",
      "measure_type": "B"
    },
    {
      "value": "0",
      "date": "2025-07-19 15:00:00",
      "interval_length": "PT30M",
      "measure_type": "B"
    },
    {
      "value": "0",
      "date": "2025-07-19 15:30:00",
      "interval_length": "PT30M",
      "measure_type": "B"
    },
    {
      "value": "0",
      "date": "2025-07-19 16:00:00",
      "interval_length": "PT30M",
      "measure_type": "B"
    },
    {
      "value": "26",
      "date": "2025-07-19 16:30:00",
      "interval_length": "PT30M",
      "measure_type": "B"
    },
    {
      "value": "0",
      "date": "2025-07-19 17:00:00",
      "interval_length": "PT30M",
      "measure_type": "B"
    },
    {
      "value": "0",
      "date": "2025-07-19 17:30:00",
      "interval_length": "PT30M",
      "measure_type": "B"
    },
    {
      "value": "0",
      "date": "2025-07-19 18:00:00",
      "interval_length": "PT30M",
      "measure_type": "B"
    },
    {
      "value": "10",
      "date": "2025-07-19 18:30:00",
      "interval_length": "PT30M",
      "measure_type": "B"
    },
    {
      "value": "0",
      "date": "2025-07-19 19:00:00",
      "interval_length": "PT30M",
      "measure_type": "B"
    },
    {
      "value": "70",
      "date": "2025-07-19 19:30:00",
      "interval_length": "PT30M",
      "measure_type": "B"
    },
    {
      "value": "68",
      "date": "2025-07-19 20:00:00",
      "interval_length": "PT30M",
      "measure_type": "B"
    },
    {
      "value": "162",
      "date": "2025-07-19 20:30:00",
      "interval_length": "PT30M",
      "measure_type": "B"
    },
    {
      "value": "154",
      "date": "2025-07-19 21:00:00",
      "interval_length": "PT30M",
      "measure_type": "B"
    },
    {
      "value": "146",
      "date": "2025-07-19 21:30:00",
      "interval_length": "PT30M",
      "measure_type": "B"
    },
    {
      "value": "202",
      "date": "2025-07-19 22:00:00",
      "interval_length": "PT30M",
      "measure_type": "B"
    },
    {
      "value": "352",
      "date": "2025-07-19 22:30:00",
      "interval_length": "PT30M",
      "measure_type": "B"
    },
    {
      "value": "412",
      "date": "2025-07-19 23:00:00",
      "interval_length": "PT30M",
      "measure_type": "B"
    },
    {
      "value": "420",
      "date": "2025-07-19 23:30:00",
      "interval_length": "PT30M",
      "measure_type": "B"
    },
    {
      "value": "630",
      "date": "2025-07-20 00:00:00",
      "interval_length": "PT30M",
      "measure_type": "B"
    }
  ]
}