{
  "usage_point_id": "14889146046840",
  "start": "2025-11-02",
  "end": "2025-11-03",
  "quality": "BRUT",
  "reading_type": {
    "unit": "W",
    "measurement_kind": "power",
    "aggregate": "average"
  },
  "interval_reading": [
    {
      "value": "1618",
      "date": "2025-11-02 00:30:00",
      "interval_length": "PT30M",
      "measure_type": "B"
    },
    {
      "value": "162",
      "date": "2025-11-02 01:00:00",
      "interval_length": "PT30M",
      "measure_type": "B"
    },
    {
      "value": "186",
      "date": "2025-11-02 01:30:00",
      "interval_length": "PT30M",
      "measure_type": "B"
    },
    {
      "value": "118",
      "date": "2025-11-02 02:00:00",
      "interval_length": "PT30M",
      "measure_type": "B"
    },
    {
      "value": "152",
      "date": "2025-11-02 02:30:00",
      "interval_length": "PT30M",
      "measure_type": "B"
    },
    {
      "value": "218",
      "date": "2025-11-02 03:00:00",
      "interval_length": "PT30M",
      "measure_type": "B"
    },
    {
      "value": "80",
      "date": "2025-11-02 03:30:00",
      "interval_length": "PT30M",
      "measure_type": "B"
    },
    {
      "value": "196",
      "date": "2025-11-02 04:00:00",
      "interval_length": "PT30M",
      "measure_type": "B"
    },
    {
      "value": "176",
      "date": "2025-11-02 04:30:00",
      "interval_length": "PT30M",
      "measure_type": "B"
    },
    {
      "value": "114",
      "date": "2025-11-02 05:00:00",
      "interval_length": "PT30M",
      "measure_type": "B"
    },
    {
      "value": "184",
      "date": "2025-11-02 05:30:00",
      "interval_length": "PT30M",
      "measure_type": "B"
    },
    {
      "value": "146",
      "date": "2025-11-02 06:00:00",
      "interval_length": "PT30M",
      "measure_type": "B"
    },
    {
      "value": "128",
      "date": "2025-11-02 06:30:00",
      "interval_length": "PT30M",
      "measure_type": "B"
    },
    {
      "value": "266",
      "date": "2025-11-02 07:00:00",
      "interval_length": "PT30M",
      "measure_type": "B"
    },
    {
      "value": "892",
      "date": "2025-11-02 07:30:00",
      "interval_length": "PT30M",
      "measure_type": "B"
    },
    {
      "value": "738",
      "date": "2025-11-02 08:00:00",
      "interval_length": "PT30M",
      "measure_type": "B"
    },
    {
      "value": "928",
      "date": "2025-11-02 08:30:00",
      "interval_length": "PT30M",
      "measure_type": "B"
    },
    {
      "value": "718",
      "date": "2025-11-02 09:00:00",
      "interval_length": "PT30M",
      "measure_type": "B"
    },
    {
      "value": "548",
      "date": "2025-11-02 09:30:00",
      "interval_length": "PT30M",
      "measure_type": "B"
    },
    {
      "value": "314",
      "date": "2025-11-02 10:00:00",
      "interval_length": "PT30M",
      "measure_type": "B"
    },
    {
      "value": "2078",
      "date": "2025-11-02 10:30:00",
      "interval_length": "PT30M",
      "measure_type": "B"
    },
    {
      "value": "332",
      "date": "2025-11-02 11:00:00",
      "interval_length": "PT30M",
      "measure_type": "B"
    },
    {
      "value": "714",
      "date": "2025-11-02 11:30:00",
      "interval_length": "PT30M",
      "measure_type": "B"
    },
    {
      "value": "560",
      "date": "2025-11-02 12:00:00",
      "interval_length": "PT30M",
      "measure_type": "B"
    },
    {
      "value": "1272",
      "date": "2025-11-02 12:30:00",
      "interval_length": "PT30M",
      "measure_type": "B"
    },
    {
      "value": "1332",
      "date": "2025-11-02 13:00:00",
      "interval_length": "PT30M",
      "measure_type": "B"
    },
    {
      "value": "600",
      "date": "2025-11-02 13:30:00",
      "interval_length": "PT30M",
      "measure_type": "B"
    },
    {
      "value": "306",
      "date": "2025-11-02 14:00:00",
      "interval_length": "PT30M",
      "measure_type": "B"
    },
    {
      "value": "0",
      "date": "2025-11-02 14:30:00",
      "interval_length": "PT30M",
      "measure_type": "B"
    },
    {
      "value": "630",
      "date": "2025-11-02 15:00:00",
      "interval_length": "PT30M",
      "measure_type": "B"
    },
    {
      "value": "0",
      "date": "2025-11-02 15:30:00",
      "interval_length": "PT30M",
      "measure_type": "B"
    },
    {
      "value": "14",
      "date": "2025-11-02 16:00:00",
      "interval_length": "PT30M",
      "measure_type": "B"
    },
    {
      "value": "4",
      "date": "2025-11-02 16:30:00",
      "interval_length": "PT30M",
      "measure_type": "B"
    },
    {
      "value": "4",
      "date": "2025-11-02 17:00:00",
      "interval_length": "PT30M",
      "measure_type": "B"
    },
    {
      "value": "192",
      "date": "2025-11-02 17:30:00",
      "interval_length": "PT30M",
      "measure_type": "B"
    },
    {
      "value": "176",
      "date": "2025-11-02 18:00:00",
      "interval_length": "PT30M",
      "measure_type": "B"
    },
    {
      "value": "270",
      "date": "2025-11-02 18:30:00",
      "interval_length": "PT30M",
      "measure_type": "B"
    },
    {
      "value": "386",
      "date": "2025-11-02 19:00:00",
      "interval_length": "PT30M",
      "measure_type": "B"
    },
    {
      "value": "346",
      "date": "2025-11-02 19:30:00",
      "interval_length": "PT30M",
      "measure_type": "B"
    },
    {
      "value": "342",
      "date": "2025-11-02 20:00:00",
      "interval_length": "PT30M",
      "measure_type": "B"
    },
    {
      "value": "328",
      "date": "2025-11-02 20:30:00",
      "interval_length": "PT30M",
      "measure_type": "B"
    },
    {
      "value": "416",
      "date": "2025-11-02 21:00:00",
      "interval_length": "PT30M",
      "measure_type": "B"
    },
    {
      "value": "334",
      "date": "2025-11-02 21:30:00",
      "interval_length": "PT30M",
      "measure_type": "B"
    },
    {
      "value": "2294",
      "date": "2025-11-02 22:00:00",
      "interval_length": "PT30M",
      "measure_type": "B"
    },
    {
      "value": "770",
      "date": "2025-11-02 22:30:00",
      "interval_length": "PT30M",
      "measure_type": "B"
    },
    {
      "value": "308",
      "date": "2025-11-02 23:00:00",
      "interval_length": "PT30M",
      "measure_type": "B"
    },
    {
      "value": "360",
      "date": "2025-11-02 23:30:00",
      "interval_length": "PT30M",
      "measure_type": "B"
    },
    {
      "value": "354",
      "date": "2025-11-03 00:00:00",
      "interval_length": "PT30M",
      "measure_type": "B"
    }
  ]
}