{
  "usage_point_id": "14889146046840",
  "start": "2025-04-24",
  "end": "2025-04-25",
  "quality": "BRUT",
  "reading_type": {
    "unit": "W",
    "measurement_kind": "power",
    "aggregate": "average"
  },
  "interval_reading": [
    {
      "value": "1248",
      "date": "2025-04-24 00:30:00",
      "interval_length": "PT30M",
      "measure_type": "B"
    },
    {
      "value": "192",
      "date": "2025-04-24 01:00:00",
      "interval_length": "PT30M",
      "measure_type": "B"
    },
    {
      "value": "182",
      "date": "2025-04-24 01:30:00",
      "interval_length": "PT30M",
      "measure_type": "B"
    },
    {
      "value": "208",
      "date": "2025-04-24 02:00:00",
      "interval_length": "PT30M",
      "measure_type": "B"
    },
    {
      "value": "82",
      "date": "2025-04-24 02:30:00",
      "interval_length": "PT30M",
      "measure_type": "B"
    },
    {
      "value": "180",
      "date": "2025-04-24 03:00:00",
      "interval_length": "PT30M",
      "measure_type": "B"
    },
    {
      "value": "144",
      "date": "2025-04-24 03:30:00",
      "interval_length": "PT30M",
      "measure_type": "B"
    },
    {
      "value": "182",
      "date": "2025-04-24 04:00:00",
      "interval_length": "PT30M",
      "measure_type": "B"
    },
    {
      "value": "172",
      "date": "2025-04-24 04:30:00",
      "interval_length": "PT30M",
      "measure_type": "B"
    },
    {
      "value": "180",
      "date": "2025-04-24 05:00:00",
      "interval_length": "PT30M",
      "measure_type": "B"
    },
    {
      "value": "180",
      "date": "2025-04-24 05:30:00",
      "interval_length": "PT30M",
      "measure_type": "B"
    },
    {
      "value": "114",
      "date": "2025-04-24 06:00:00",
      "interval_length": "PT30M",
      "measure_type": "B"
    },
    {
      "value": "116",
      "date": "2025-04-24 06:30:00",
      "interval_length": "PT30M",
      "measure_type": "B"
    },
    {
      "value": "194",
      "date": "2025-04-24 07:00:00",
      "interval_length": "PT30M",
      "measure_type": "B"
    },
    {
      "value": "900",
      "date": "2025-04-24 07:30:00",
      "interval_length": "PT30M",
      "measure_type": "B"
    },
    {
      "value": "992",
      "date": "2025-04-24 08:00:00",
      "interval_length": "PT30M",
      "measure_type": "B"
    },
    {
      "value": "510",
      "date": "2025-04-24 08:30:00",
      "interval_length": "PT30M",
      "measure_type": "B"
    },
    {
      "value": "4",
      "date": "2025-04-24 09:00:00",
      "interval_length": "PT30M",
      "measure_type": "B"
    },
    {
      "value": "0",
      "date": "2025-04-24 09:30:00",
      "interval_length": "PT30M",
      "measure_type": "B"
    },
    {
      "value": "0",
      "date": "2025-04-24 10:00:00",
      "interval_length": "PT30M",
      "measure_type": "B"
    },
    {
      "value": "0",
      "date": "2025-04-24 10:30:00",
      "interval_length": "PT30M",
      "measure_type": "B"
    },
    {
      "value": "0",
      "date": "2025-04-24 11:00:00",
      "interval_length": "PT30M",
      "measure_type": "B"
    },
    {
      "value": "0",
      "date": "2025-04-24 11:30:00",
      "interval_length": "PT30M",
      "measure_type": "B"
    },
    {
      "value": "0",
      "date": "2025-04-24 12:00:00",
      "interval_length": "PT30M",
      "measure_type": "B"
    },
    {
      "value": "52",
      "date": "2025-04-24 12:30:00",
      "interval_length": "PT30M",
      "measure_type": "B"
    },
    {
      "value": "0",
      "date": "2025-04-24 13:00:00",
      "interval_length": "PT30M",
      "measure_type": "B"
    },
    {
      "value": "826",
      "date": "2025-04-24 13:30:00",
      "interval_length": "PT30M",
      "measure_type": "B"
    },
    {
      "value": "698",
      "date": "2025-04-24 14:00:00",
      "interval_length": "PT30M",
      "measure_type": "B"
    },
    {
      "value": "0",
      "date": "2025-04-24 14:30:00",
      "interval_length": "PT30M",
      "measure_type": "B"
    },
    {
      "value": "0",
      "date": "2025-04-24 15:00:00",
      "interval_length": "PT30M",
      "measure_type": "B"
    },
    {
      "value": "0",
      "date": "2025-04-24 15:30:00",
      "interval_length": "PT30M",
      "measure_type": "B"
    },
    {
      "value": "0",
      "date": "2025-04-24 16:00:00",
      "interval_length": "PT30M",
      "measure_type": "B"
    },
    {
      "value": "0",
      "date": "2025-04-24 16:30:00",
      "interval_length": "PT30M",
      "measure_type": "B"
    },
    {
      "value": "0",
      "date": "2025-04-24 17:00:00",
      "interval_length": "PT30M",
      "measure_type": "B"
    },
    {
      "value": "10",
      "date": "2025-04-24 17:30:00",
      "interval_length": "PT30M",
      "measure_type": "B"
    },
    {
      "value": "110",
      "date": "2025-04-24 18:00:00",
      "interval_length": "PT30M",
      "measure_type": "B"
    },
    {
      "value": "0",
      "date": "2025-04-24 18:30:00",
      "interval_length": "PT30M",
      "measure_type": "B"
    },
    {
      "value": "0",
      "date": "2025-04-24 19:00:00",
      "interval_length": "PT30M",
      "measure_type": "B"
    },
    {
      "value": "1224",
      "date": "2025-04-24 19:30:00",
      "interval_length": "PT30M",
      "measure_type": "B"
    },
    {
      "value": "1150",
      "date": "2025-04-24 20:00:00",
      "interval_length": "PT30M",
      "measure_type": "B"
    },
    {
      "value": "116",
      "date": "2025-04-24 20:30:00",
      "interval_length": "PT30M",
      "measure_type": "B"
    },
    {
      "value": "148",
      "date": "2025-04-24 21:00:00",
      "interval_length": "PT30M",
      "measure_type": "B"
    },
    {
      "value": "180",
      "date": "2025-04-24 21:30:00",
      "interval_length": "PT30M",
      "measure_type": "B"
    },
    {
      "value": "400",
      "date": "2025-04-24 22:00:00",
      "interval_length": "PT30M",
      "measure_type": "B"
    },
    {
      "value": "386",
      "date": "2025-04-24 22:30:00",
      "interval_length": "PT30M",
      "measure_type": "B"
    },
    {
      "value": "316",
      "date": "2025-04-24 23:00:00",
      "interval_length": "PT30M",
      "measure_type": "B"
    },
    {
      "value": "424",
      "date": "2025-04-24 23:30:00",
      "interval_length": "PT30M",
      "measure_type": "B"
    },
    {
      "value": "358",
      "date": "2025-04-25 00:00:00",
      "interval_length": "PT30M",
      "measure_type": "B"
    }
  ]
}