{
  "usage_point_id": "14889146046840",
  "start": "2025-05-08",
  "end": "2025-05-09",
  "quality": "BRUT",
  "reading_type": {
    "unit": "W",
    "measurement_kind": "power",
    "aggregate": "average"
  },
  "interval_reading": [
    {
      "value": "332",
      "date": "2025-05-08 00:30:00",
      "interval_length": "PT30M",
      "measure_type": "B"
    },
    {
      "value": "270",
      "date": "2025-05-08 01:00:00",
      "interval_length": "PT30M",
      "measure_type": "B"
    },
    {
      "value": "134",
      "date": "2025-05-08 01:30:00",
      "interval_length": "PT30M",
      "measure_type": "B"
    },
    {
      "value": "118",
      "date": "2025-05-08 02:00:00",
      "interval_length": "PT30M",
      "measure_type": "B"
    },
    {
      "value": "218",
      "date": "2025-05-08 02:30:00",
      "interval_length": "PT30M",
      "measure_type": "B"
    },
    {
      "value": "836",
      "date": "2025-05-08 03:00:00",
      "interval_length": "PT30M",
      "measure_type": "B"
    },
    {
      "value": "584",
      "date": "2025-05-08 03:30:00",
      "interval_length": "PT30M",
      "measure_type": "B"
    },
    {
      "value": "580",
      "date": "2025-05-08 04:00:00",
      "interval_length": "PT30M",
      "measure_type": "B"
    },
    {
      "value": "752",
      "date": "2025-05-08 04:30:00",
      "interval_length": "PT30M",
      "measure_type": "B"
    },
    {
      "value": "696",
      "date": "2025-05-08 05:00:00",
      "interval_length": "PT30M",
      "measure_type": "B"
    },
    {
      "value": "692",
      "date": "2025-05-08 05:30:00",
      "interval_length": "PT30M",
      "measure_type": "B"
    },
    {
      "value": "776",
      "date": "2025-05-08 06:00:00",
      "interval_length": "PT30M",
      "measure_type": "B"
    },
    {
      "value": "412",
      "date": "2025-05-08 06:30:00",
      "interval_length": "PT30M",
      "measure_type": "B"
    },
    {
      "value": "310",
      "date": "2025-05-08 07:00:00",
      "interval_length": "PT30M",
      "measure_type": "B"
    },
    {
      "value": "132",
      "date": "2025-05-08 07:30:00",
      "interval_length": "PT30M",
      "measure_type": "B"
    },
    {
      "value": "124",
      "date": "2025-05-08 08:00:00",
      "interval_length": "PT30M",
      "measure_type": "B"
    },
    {
      "value": "56",
      "date": "2025-05-08 08:30:00",
      "interval_length": "PT30M",
      "measure_type": "B"
    },
    {
      "value": "6",
      "date": "2025-05-08 09:00:00",
      "interval_length": "PT30M",
      "measure_type": "B"
    },
    {
      "value": "4",
      "date": "2025-05-08 09:30:00",
      "interval_length": "PT30M",
      "measure_type": "B"
    },
    {
      "value": "0",
      "date": "2025-05-08 10:00:00",
      "interval_length": "PT30M",
      "measure_type": "B"
    },
    {
      "value": "0",
      "date": "2025-05-08 10:30:00",
      "interval_length": "PT30M",
      "measure_type": "B"
    },
    {
      "value": "0",
      "date": "2025-05-08 11:00:00",
      "interval_length": "PT30M",
      "measure_type": "B"
    },
    {
      "value": "0",
      "date": "2025-05-08 11:30:00",
      "interval_length": "PT30M",
      "measure_type": "B"
    },
    {
      "value": "14",
      "date": "2025-05-08 12:00:00",
      "interval_length": "PT30M",
      "measure_type": "B"
    },
    {
      "value": "72",
      "date": "2025-05-08 12:30:00",
      "interval_length": "PT30M",
      "measure_type": "B"
    },
    {
      "value": "0",
      "date": "2025-05-08 13:00:00",
      "interval_length": "PT30M",
      "measure_type": "B"
    },
    {
      "value": "0",
      "date": "2025-05-08 13:30:00",
      "interval_length": "PT30M",
      "measure_type": "B"
    },
    {
      "value": "0",
      "date": "2025-05-08 14:00:00",
      "interval_length": "PT30M",
      "measure_type": "B"
    },
    {
      "value": "24",
      "date": "2025-05-08 14:30:00",
      "interval_length": "PT30M",
      "measure_type": "B"
    },
    {
      "value": "832",
      "date": "2025-05-08 15:00:00",
      "interval_length": "PT30M",
      "measure_type": "B"
    },
    {
      "value": "34",
      "date": "2025-05-08 15:30:00",
      "interval_length": "PT30M",
      "measure_type": "B"
    },
    {
      "value": "0",
      "date": "2025-05-08 16:00:00",
      "interval_length": "PT30M",
      "measure_type": "B"
    },
    {
      "value": "0",
      "date": "2025-05-08 16:30:00",
      "interval_length": "PT30M",
      "measure_type": "B"
    },
    {
      "value": "0",
      "date": "2025-05-08 17:00:00",
      "interval_length": "PT30M",
      "measure_type": "B"
    },
    {
      "value": "0",
      "date": "2025-05-08 17:30:00",
      "interval_length": "PT30M",
      "measure_type": "B"
    },
    {
      "value": "0",
      "date": "2025-05-08 18:00:00",
      "interval_length": "PT30M",
      "measure_type": "B"
    },
    {
      "value": "62",
      "date": "2025-05-08 18:30:00",
      "interval_length": "PT30M",
      "measure_type": "B"
    },
    {
      "value": "54",
      "date": "2025-05-08 19:00:00",
      "interval_length": "PT30M",
      "measure_type": "B"
    },
    {
      "value": "20",
      "date": "2025-05-08 19:30:00",
      "interval_length": "PT30M",
      "measure_type": "B"
    },
    {
      "value": "146",
      "date": "2025-05-08 20:00:00",
      "interval_length": "PT30M",
      "measure_type": "B"
    },
    {
      "value": "396",
      "date": "2025-05-08 20:30:00",
      "interval_length": "PT30M",
      "measure_type": "B"
    },
    {
      "value": "184",
      "date": "2025-05-08 21:00:00",
      "interval_length": "PT30M",
      "measure_type": "B"
    },
    {
      "value": "198",
      "date": "2025-05-08 21:30:00",
      "interval_length": "PT30M",
      "measure_type": "B"
    },
    {
      "value": "202",
      "date": "2025-05-08 22:00:00",
      "interval_length": "PT30M",
      "measure_type": "B"
    },
    {
      "value": "330",
      "date": "2025-05-08 22:30:00",
      "interval_length": "PT30M",
      "measure_type": "B"
    },
    {
      "value": "402",
      "date": "2025-05-08 23:00:00",
      "interval_length": "PT30M",
      "measure_type": "B"
    },
    {
      "value": "342",
      "date": "2025-05-08 23:30:00",
      "interval_length": "PT30M",
      "measure_type": "B"
    },
    {
      "value": "594",
      "date": "2025-05-09 00:00:00",
      "interval_length": "PT30M",
      "measure_type": "B"
    }
  ]
}