{
  "usage_point_id": "14889146046840",
  "start": "2025-10-26",
  "end": "2025-10-27",
  "quality": "BRUT",
  "reading_type": {
    "unit": "W",
    "measurement_kind": "power",
    "aggregate": "average"
  },
  "interval_reading": [
    {
      "value": "1160",
      "date": "2025-10-26 00:30:00",
      "interval_length": "PT30M",
      "measure_type": "B"
    },
    {
      "value": "382",
      "date": "2025-10-26 01:00:00",
      "interval_length": "PT30M",
      "measure_type": "B"
    },
    {
      "value": "314",
      "date": "2025-10-26 01:30:00",
      "interval_length": "PT30M",
      "measure_type": "B"
    },
    {
      "value": "636",
      "date": "2025-10-26 02:00:00",
      "interval_length": "PT30M",
      "measure_type": "B"
    },
    {
      "value": "1252",
      "date": "2025-10-26 02:30:00",
      "interval_length": "PT30M",
      "measure_type": "B"
    },
    {
      "value": "1174",
      "date": "2025-10-26 02:00:00",
      "interval_length": "PT30M",
      "measure_type": "B"
    },
    {
      "value": "1014",
      "date": "2025-10-26 02:30:00",
      "interval_length": "PT30M",
      "measure_type": "B"
    },
    {
      "value": "916",
      "date": "2025-10-26 03:00:00",
      "interval_length": "PT30M",
      "measure_type": "B"
    },
    {
      "value": "734",
      "date": "2025-10-26 03:30:00",
      "interval_length": "PT30M",
      "measure_type": "B"
    },
    {
      "value": "722",
      "date": "2025-10-26 04:00:00",
      "interval_length": "PT30M",
      "measure_type": "B"
    },
    {
      "value": "536",
      "date": "2025-10-26 04:30:00",
      "interval_length": "PT30M",
      "measure_type": "B"
    },
    {
      "value": "596",
      "date": "2025-10-26 05:00:00",
      "interval_length": "PT30M",
      "measure_type": "B"
    },
    {
      "value": "504",
      "date": "2025-10-26 05:30:00",
      "interval_length": "PT30M",
      "measure_type": "B"
    },
    {
      "value": "70",
      "date": "2025-10-26 06:00:00",
      "interval_length": "PT30M",
      "measure_type": "B"
    },
    {
      "value": "222",
      "date": "2025-10-26 06:30:00",
      "interval_length": "PT30M",
      "measure_type": "B"
    },
    {
      "value": "118",
      "date": "2025-10-26 07:00:00",
      "interval_length": "PT30M",
      "measure_type": "B"
    },
    {
      "value": "108",
      "date": "2025-10-26 07:30:00",
      "interval_length": "PT30M",
      "measure_type": "B"
    },
    {
      "value": "174",
      "date": "2025-10-26 08:00:00",
      "interval_length": "PT30M",
      "measure_type": "B"
    },
    {
      "value": "334",
      "date": "2025-10-26 08:30:00",
      "interval_length": "PT30M",
      "measure_type": "B"
    },
    {
      "value": "174",
      "date": "2025-10-26 09:00:00",
      "interval_length": "PT30M",
      "measure_type": "B"
    },
    {
      "value": "1086",
      "date": "2025-10-26 09:30:00",
      "interval_length": "PT30M",
      "measure_type": "B"
    },
    {
      "value": "942",
      "date": "2025-10-26 10:00:00",
      "interval_length": "PT30M",
      "measure_type": "B"
    },
    {
      "value": "714",
      "date": "2025-10-26 10:30:00",
      "interval_length": "PT30M",
      "measure_type": "B"
    },
    {
      "value": "46",
      "date": "2025-10-26 11:00:00",
      "interval_length": "PT30M",
      "measure_type": "B"
    },
    {
      "value": "0",
      "date": "2025-10-26 11:30:00",
      "interval_length": "PT30M",
      "measure_type": "B"
    },
    {
      "value": "510",
      "date": "2025-10-26 12:00:00",
      "interval_length": "PT30M",
      "measure_type": "B"
    },
    {
      "value": "0",
      "date": "2025-10-26 12:30:00",
      "interval_length": "PT30M",
      "measure_type": "B"
    },
    {
      "value": "0",
      "date": "2025-10-26 13:00:00",
      "interval_length": "PT30M",
      "measure_type": "B"
    },
    {
      "value": "52",
      "date": "2025-10-26 13:30:00",
      "interval_length": "PT30M",
      "measure_type": "B"
    },
    {
      "value": "264",
      "date": "2025-10-26 14:00:00",
      "interval_length": "PT30M",
      "measure_type": "B"
    },
    {
      "value": "0",
      "date": "2025-10-26 14:30:00",
      "interval_length": "PT30M",
      "measure_type": "B"
    },
    {
      "value": "0",
      "date": "2025-10-26 15:00:00",
      "interval_length": "PT30M",
      "measure_type": "B"
    },
    {
      "value": "4",
      "date": "2025-10-26 15:30:00",
      "interval_length": "PT30M",
      "measure_type": "B"
    },
    {
      "value": "16",
      "date": "2025-10-26 16:00:00",
      "interval_length": "PT30M",
      "measure_type": "B"
    },
    {
      "value": "30",
      "date": "2025-10-26 16:30:00",
      "interval_length": "PT30M",
      "measure_type": "B"
    },
    {
      "value": "1044",
      "date": "2025-10-26 17:00:00",
      "interval_length": "PT30M",
      "measure_type": "B"
    },
    {
      "value": "1740",
      "date": "2025-10-26 17:30:00",
      "interval_length": "PT30M",
      "measure_type": "B"
    },
    {
      "value": "128",
      "date": "2025-10-26 18:00:00",
      "interval_length": "PT30M",
      "measure_type": "B"
    },
    {
      "value": "156",
      "date": "2025-10-26 18:30:00",
      "interval_length": "PT30M",
      "measure_type": "B"
    },
    {
      "value": "346",
      "date": "2025-10-26 19:00:00",
      "interval_length": "PT30M",
      "measure_type": "B"
    },
    {
      "value": "338",
      "date": "2025-10-26 19:30:00",
      "interval_length": "PT30M",
      "measure_type": "B"
    },
    {
      "value": "318",
      "date": "2025-10-26 20:00:00",
      "interval_length": "PT30M",
      "measure_type": "B"
    },
    {
      "value": "382",
      "date": "2025-10-26 20:30:00",
      "interval_length": "PT30M",
      "measure_type": "B"
    },
    {
      "value": "254",
      "date": "2025-10-26 21:00:00",
      "interval_length": "PT30M",
      "measure_type": "B"
    },
    {
      "value": "762",
      "date": "2025-10-26 21:30:00",
      "interval_length": "PT30M",
      "measure_type": "B"
    },
    {
      "value": "1068",
      "date": "2025-10-26 22:00:00",
      "interval_length": "PT30M",
      "measure_type": "B"
    },
    {
      "value": "960",
      "date": "2025-10-26 22:30:00",
      "interval_length": "PT30M",
      "measure_type": "B"
    },
    {
      "value": "998",
      "date": "2025-10-26 23:00:00",
      "interval_length": "PT30M",
      "measure_type": "B"
    },
    {
      "value": "1292",
      "date": "2025-10-26 23:30:00",
      "interval_length": "PT30M",
      "measure_type": "B"
    },
    {
      "value": "600",
      "date": "2025-10-27 00:00:00",
      "interval_length": "PT30M",
      "measure_type": "B"
    }
  ]
}