{
  "usage_point_id": "14889146046840",
  "start": "2025-03-25",
  "end": "2025-03-26",
  "quality": "BRUT",
  "reading_type": {
    "unit": "W",
    "measurement_kind": "power",
    "aggregate": "average"
  },
  "interval_reading": [
    {
      "value": "1006",
      "date": "2025-03-25 01:00:00",
      "interval_length": "PT60M",
      "measure_type": "B"
    },
    {
      "value": "444",
      "date": "2025-03-25 02:00:00",
      "interval_length": "PT60M",
      "measure_type": "B"
    },
    {
      "value": "141",
      "date": "2025-03-25 03:00:00",
      "interval_length": "PT60M",
      "measure_type": "B"
    },
    {
      "value": "367",
      "date": "2025-03-25 04:00:00",
      "interval_length": "PT60M",
      "measure_type": "B"
    },
    {
      "value": "1070",
      "date": "2025-03-25 05:00:00",
      "interval_length": "PT60M",
      "measure_type": "B"
    },
    {
      "value": "683",
      "date": "2025-03-25 06:00:00",
      "interval_length": "PT60M",
      "measure_type": "B"
    },
    {
      "value": "127",
      "date": "2025-03-25 07:00:00",
      "interval_length": "PT60M",
      "measure_type": "B"
    },
    {
      "value": "222",
      "date": "2025-03-25 08:00:00",
      "interval_length": "PT60M",
      "measure_type": "B"
    },
    {
      "value": "202",
      "date": "2025-03-25 09:00:00",
      "interval_length": "PT60M",
      "measure_type": "B"
    },
    {
      "value": "693",
      "date": "2025-03-25 10:00:00",
      "interval_length": "PT60M",
      "measure_type": "B"
    },
    {
      "value": "881",
      "date": "2025-03-25 11:00:00",
      "interval_length": "PT60M",
      "measure_type": "B"
    },
    {
      "value": "479",
      "date": "2025-03-25 12:00:00",
      "interval_length": "PT60M",
      "measure_type": "B"
    },
    {
      "value": "182",
      "date": "2025-03-25 13:00:00",
      "interval_length": "PT60M",
      "measure_type": "B"
    },
    {
      "value": "0",
      "date": "2025-03-25 14:00:00",
      "interval_length": "PT60M",
      "measure_type": "B"
    },
    {
      "value": "0",
      "date": "2025-03-25 15:00:00",
      "interval_length": "PT60M",
      "measure_type": "B"
    },
    {
      "value": "788",
      "date": "2025-03-25 16:00:00",
      "interval_length": "PT60M",
      "measure_type": "B"
    },
    {
      "value": "210",
      "date": "2025-03-25 17:00:00",
      "interval_length": "PT60M",
      "measure_type": "B"
    },
    {
      "value": "64",
      "date": "2025-03-25 18:00:00",
      "interval_length": "PT60M",
      "measure_type": "B"
    },
    {
      "value": "152",
      "date": "2025-03-25 19:00:00",
      "interval_length": "PT60M",
      "measure_type": "B"
    },
    {
      "value": "169",
      "date": "2025-03-25 20:00:00",
      "interval_length": "PT60M",
      "measure_type": "B"
    },
    {
      "value": "507",
      "date": "2025-03-25 21:00:00",
      "interval_length": "PT60M",
      "measure_type": "B"
    },
    {
      "value": "411",
      "date": "2025-03-25 22:00:00",
      "interval_length": "PT60M",
      "measure_type": "B"
    },
    {
      "value": "437",
      "date": "2025-03-25 23:00:00",
      "interval_length": "PT60M",
      "measure_type": "B"
    },
    {
      "value": "742",
      "date": "2025-03-26 00:00:00",
      "interval_length": "PT60M",
      "measure_type": "B"
    }
  ]
}