{
  "usage_point_id": "14889146046840",
  "start": "2025-07-21",
  "end": "2025-07-22",
  "quality": "BRUT",
  "reading_type": {
    "unit": "W",
    "measurement_kind": "power",
    "aggregate": "average"
  },
  "interval_reading": [
    {
      "value": "1886",
      "date": "2025-07-21 00:30:00",
      "interval_length": "PT30M",
      "measure_type": "B"
    },
    {
      "value": "386",
      "date": "2025-07-21 01:00:00",
      "interval_length": "PT30M",
      "measure_type": "B"
    },
    {
      "value": "400",
      "date": "2025-07-21 01:30:00",
      "interval_length": "PT30M",
      "measure_type": "B"
    },
    {
      "value": "312",
      "date": "2025-07-21 02:00:00",
      "interval_length": "PT30M",
      "measure_type": "B"
    },
    {
      "value": "244",
      "date": "2025-07-21 02:30:00",
      "interval_length": "PT30M",
      "measure_type": "B"
    },
    {
      "value": "148",
      "date": "2025-07-21 03:00:00",
      "interval_length": "PT30M",
      "measure_type": "B"
    },
    {
      "value": "190",
      "date": "2025-07-21 03:30:00",
      "interval_length": "PT30M",
      "measure_type": "B"
    },
    {
      "value": "194",
      "date": "2025-07-21 04:00:00",
      "interval_length": "PT30M",
      "measure_type": "B"
    },
    {
      "value": "110",
      "date": "2025-07-21 04:30:00",
      "interval_length": "PT30M",
      "measure_type": "B"
    },
    {
      "value": "250",
      "date": "2025-07-21 05:00:00",
      "interval_length": "PT30M",
      "measure_type": "B"
    },
    {
      "value": "186",
      "date": "2025-07-21 05:30:00",
      "interval_length": "PT30M",
      "measure_type": "B"
    },
    {
      "value": "186",
      "date": "2025-07-21 06:00:00",
      "interval_length": "PT30M",
      "measure_type": "B"
    },
    {
      "value": "198",
      "date": "2025-07-21 06:30:00",
      "interval_length": "PT30M",
      "measure_type": "B"
    },
    {
      "value": "150",
      "date": "2025-07-21 07:00:00",
      "interval_length": "PT30M",
      "measure_type": "B"
    },
    {
      "value": "196",
      "date": "2025-07-21 07:30:00",
      "interval_length": "PT30M",
      "measure_type": "B"
    },
    {
      "value": "252",
      "date": "2025-07-21 08:00:00",
      "interval_length": "PT30M",
      "measure_type": "B"
    },
    {
      "value": "158",
      "date": "2025-07-21 08:30:00",
      "interval_length": "PT30M",
      "measure_type": "B"
    },
    {
      "value": "104",
      "date": "2025-07-21 09:00:00",
      "interval_length": "PT30M",
      "measure_type": "B"
    },
    {
      "value": "76",
      "date": "2025-07-21 09:30:00",
      "interval_length": "PT30M",
      "measure_type": "B"
    },
    {
      "value": "0",
      "date": "2025-07-21 10:00:00",
      "interval_length": "PT30M",
      "measure_type": "B"
    },
    {
      "value": "0",
      "date": "2025-07-21 10:30:00",
      "interval_length": "PT30M",
      "measure_type": "B"
    },
    {
      "value": "10",
      "date": "2025-07-21 11:00:00",
      "interval_length": "PT30M",
      "measure_type": "B"
    },
    {
      "value": "58",
      "date": "2025-07-21 11:30:00",
      "interval_length": "PT30M",
      "measure_type": "B"
    },
    {
      "value": "1100",
      "date": "2025-07-21 12:00:00",
      "interval_length": "PT30M",
      "measure_type": "B"
    },
    {
      "value": "464",
      "date": "2025-07-21 12:30:00",
      "interval_length": "PT30M",
      "measure_type": "B"
    },
    {
      "value": "412",
      "date": "2025-07-21 13:00:00",
      "interval_length": "PT30M",
      "measure_type": "B"
    },
    {
      "value": "0",
      "date": "2025-07-21 13:30:00",
      "interval_length": "PT30M",
      "measure_type": "B"
    },
    {
      "value": "0",
      "date": "2025-07-21 14:00:00",
      "interval_length": "PT30M",
      "measure_type": "B"
    },
    {
      "value": "0",
      "date": "2025-07-21 14:30:00",
      "interval_length": "PT30M",
      "measure_type": "B"
    },
    {
      "value": "0",
      "date": "2025-07-21 15:00:00",
      "interval_length": "PT30M",
      "measure_type": "B"
    },
    {
      "value": "0",
      "date": "2025-07-21 15:30:00",
      "interval_length": "PT30M",
      "measure_type": "B"
    },
    {
      "value": "0",
      "date": "2025-07-21 16:00:00",
      "interval_length": "PT30M",
      "measure_type": "B"
    },
    {
      "value": "0",
      "date": "2025-07-21 16:30:00",
      "interval_length": "PT30M",
      "measure_type": "B"
    },
    {
      "value": "12",
      "date": "2025-07-21 17:00:00",
      "interval_length": "PT30M",
      "measure_type": "B"
    },
    {
      "value": "0",
      "date": "2025-07-21 17:30:00",
      "interval_length": "PT30M",
      "measure_type": "B"
    },
    {
      "value": "0",
      "date": "2025-07-21 18:00:00",
      "interval_length": "PT30M",
      "measure_type": "B"
    },
    {
      "value": "40",
      "date": "2025-07-21 18:30:00",
      "interval_length": "PT30M",
      "measure_type": "B"
    },
    {
      "value": "6",
      "date": "2025-07-21 19:00:00",
      "interval_length": "PT30M",
      "measure_type": "B"
    },
    {
      "value": "20",
      "date": "2025-07-21 19:30:00",
      "interval_length": "PT30M",
      "measure_type": "B"
    },
    {
      "value": "60",
      "date": "2025-07-21 20:00:00",
      "interval_length": "PT30M",
      "measure_type": "B"
    },
    {
      "value": "306",
      "date": "2025-07-21 20:30:00",
      "interval_length": "PT30M",
      "measure_type": "B"
    },
    {
      "value": "240",
      "date": "2025-07-21 21:00:00",
      "interval_length": "PT30M",
      "measure_type": "B"
    },
    {
      "value": "200",
      "date": "2025-07-21 21:30:00",
      "interval_length": "PT30M",
      "measure_type": "B"
    },
    {
      "value": "244",
      "date": "2025-07-21 22:00:00",
      "interval_length": "PT30M",
      "measure_type": "B"
    },
    {
      "value": "280",
      "date": "2025-07-21 22:30:00",
      "interval_length": "PT30M",
      "measure_type": "B"
    },
    {
      "value": "342",
      "date": "2025-07-21 23:00:00",
      "interval_length": "PT30M",
      "measure_type": "B"
    },
    {
      "value": "408",
      "date": "2025-07-21 23:30:00",
      "interval_length": "PT30M",
      "measure_type": "B"
    },
    {
      "value": "632",
      "date": "2025-07-22 00:00:00",
      "interval_length": "PT30M",
      "measure_type": "B"
    }
  ]
}