{
  "usage_point_id": "14889146046840",
  "start": "2025-11-17",
  "end": "2025-11-18",
  "quality": "BRUT",
  "reading_type": {
    "unit": "W",
    "measurement_kind": "power",
    "aggregate": "average"
  },
  "interval_reading": [
    {
      "value": "864",
      "date": "2025-11-17 00:30:00",
      "interval_length": "PT30M",
      "measure_type": "B"
    },
    {
      "value": "616",
      "date": "2025-11-17 01:00:00",
      "interval_length": "PT30M",
      "measure_type": "B"
    },
    {
      "value": "628",
      "date": "2025-11-17 01:30:00",
      "interval_length": "PT30M",
      "measure_type": "B"
    },
    {
      "value": "578",
      "date": "2025-11-17 02:00:00",
      "interval_length": "PT30M",
      "measure_type": "B"
    },
    {
      "value": "536",
      "date": "2025-11-17 02:30:00",
      "interval_length": "PT30M",
      "measure_type": "B"
    },
    {
      "value": "250",
      "date": "2025-11-17 03:00:00",
      "interval_length": "PT30M",
      "measure_type": "B"
    },
    {
      "value": "220",
      "date": "2025-11-17 03:30:00",
      "interval_length": "PT30M",
      "measure_type": "B"
    },
    {
      "value": "234",
      "date": "2025-11-17 04:00:00",
      "interval_length": "PT30M",
      "measure_type": "B"
    },
    {
      "value": "236",
      "date": "2025-11-17 04:30:00",
      "interval_length": "PT30M",
      "measure_type": "B"
    },
    {
      "value": "194",
      "date": "2025-11-17 05:00:00",
      "interval_length": "PT30M",
      "measure_type": "B"
    },
    {
      "value": "242",
      "date": "2025-11-17 05:30:00",
      "interval_length": "PT30M",
      "measure_type": "B"
    },
    {
      "value": "226",
      "date": "2025-11-17 06:00:00",
      "interval_length": "PT30M",
      "measure_type": "B"
    },
    {
      "value": "210",
      "date": "2025-11-17 06:30:00",
      "interval_length": "PT30M",
      "measure_type": "B"
    },
    {
      "value": "376",
      "date": "2025-11-17 07:00:00",
      "interval_length": "PT30M",
      "measure_type": "B"
    },
    {
      "value": "1036",
      "date": "2025-11-17 07:30:00",
      "interval_length": "PT30M",
      "measure_type": "B"
    },
    {
      "value": "1388",
      "date": "2025-11-17 08:00:00",
      "interval_length": "PT30M",
      "measure_type": "B"
    },
    {
      "value": "842",
      "date": "2025-11-17 08:30:00",
      "interval_length": "PT30M",
      "measure_type": "B"
    },
    {
      "value": "864",
      "date": "2025-11-17 09:00:00",
      "interval_length": "PT30M",
      "measure_type": "B"
    },
    {
      "value": "868",
      "date": "2025-11-17 09:30:00",
      "interval_length": "PT30M",
      "measure_type": "B"
    },
    {
      "value": "716",
      "date": "2025-11-17 10:00:00",
      "interval_length": "PT30M",
      "measure_type": "B"
    },
    {
      "value": "580",
      "date": "2025-11-17 10:30:00",
      "interval_length": "PT30M",
      "measure_type": "B"
    },
    {
      "value": "1344",
      "date": "2025-11-17 11:00:00",
      "interval_length": "PT30M",
      "measure_type": "B"
    },
    {
      "value": "20",
      "date": "2025-11-17 11:30:00",
      "interval_length": "PT30M",
      "measure_type": "B"
    },
    {
      "value": "0",
      "date": "2025-11-17 12:00:00",
      "interval_length": "PT30M",
      "measure_type": "B"
    },
    {
      "value": "6",
      "date": "2025-11-17 12:30:00",
      "interval_length": "PT30M",
      "measure_type": "B"
    },
    {
      "value": "300",
      "date": "2025-11-17 13:00:00",
      "interval_length": "PT30M",
      "measure_type": "B"
    },
    {
      "value": "106",
      "date": "2025-11-17 13:30:00",
      "interval_length": "PT30M",
      "measure_type": "B"
    },
    {
      "value": "24",
      "date": "2025-11-17 14:00:00",
      "interval_length": "PT30M",
      "measure_type": "B"
    },
    {
      "value": "88",
      "date": "2025-11-17 14:30:00",
      "interval_length": "PT30M",
      "measure_type": "B"
    },
    {
      "value": "2",
      "date": "2025-11-17 15:00:00",
      "interval_length": "PT30M",
      "measure_type": "B"
    },
    {
      "value": "38",
      "date": "2025-11-17 15:30:00",
      "interval_length": "PT30M",
      "measure_type": "B"
    },
    {
      "value": "98",
      "date": "2025-11-17 16:00:00",
      "interval_length": "PT30M",
      "measure_type": "B"
    },
    {
      "value": "42",
      "date": "2025-11-17 16:30:00",
      "interval_length": "PT30M",
      "measure_type": "B"
    },
    {
      "value": "200",
      "date": "2025-11-17 17:00:00",
      "interval_length": "PT30M",
      "measure_type": "B"
    },
    {
      "value": "244",
      "date": "2025-11-17 17:30:00",
      "interval_length": "PT30M",
      "measure_type": "B"
    },
    {
      "value": "372",
      "date": "2025-11-17 18:00:00",
      "interval_length": "PT30M",
      "measure_type": "B"
    },
    {
      "value": "1636",
      "date": "2025-11-17 18:30:00",
      "interval_length": "PT30M",
      "measure_type": "B"
    },
    {
      "value": "2132",
      "date": "2025-11-17 19:00:00",
      "interval_length": "PT30M",
      "measure_type": "B"
    },
    {
      "value": "516",
      "date": "2025-11-17 19:30:00",
      "interval_length": "PT30M",
      "measure_type": "B"
    },
    {
      "value": "510",
      "date": "2025-11-17 20:00:00",
      "interval_length": "PT30M",
      "measure_type": "B"
    },
    {
      "value": "538",
      "date": "2025-11-17 20:30:00",
      "interval_length": "PT30M",
      "measure_type": "B"
    },
    {
      "value": "1556",
      "date": "2025-11-17 21:00:00",
      "interval_length": "PT30M",
      "measure_type": "B"
    },
    {
      "value": "1760",
      "date": "2025-11-17 21:30:00",
      "interval_length": "PT30M",
      "measure_type": "B"
    },
    {
      "value": "1476",
      "date": "2025-11-17 22:00:00",
      "interval_length": "PT30M",
      "measure_type": "B"
    },
    {
      "value": "1534",
      "date": "2025-11-17 22:30:00",
      "interval_length": "PT30M",
      "measure_type": "B"
    },
    {
      "value": "1274",
      "date": "2025-11-17 23:00:00",
      "interval_length": "PT30M",
      "measure_type": "B"
    },
    {
      "value": "1244",
      "date": "2025-11-17 23:30:00",
      "interval_length": "PT30M",
      "measure_type": "B"
    },
    {
      "value": "1030",
      "date": "2025-11-18 00:00:00",
      "interval_length": "PT30M",
      "measure_type": "B"
    }
  ]
}