{
  "usage_point_id": "14889146046840",
  "start": "2025-04-12",
  "end": "2025-04-13",
  "quality": "BRUT",
  "reading_type": {
    "unit": "W",
    "measurement_kind": "power",
    "aggregate": "average"
  },
  "interval_reading": [
    {
      "value": "958",
      "date": "2025-04-12 00:30:00",
      "interval_length": "PT30M",
      "measure_type": "B"
    },
    {
      "value": "190",
      "date": "2025-04-12 01:00:00",
      "interval_length": "PT30M",
      "measure_type": "B"
    },
    {
      "value": "224",
      "date": "2025-04-12 01:30:00",
      "interval_length": "PT30M",
      "measure_type": "B"
    },
    {
      "value": "128",
      "date": "2025-04-12 02:00:00",
      "interval_length": "PT30M",
      "measure_type": "B"
    },
    {
      "value": "182",
      "date": "2025-04-12 02:30:00",
      "interval_length": "PT30M",
      "measure_type": "B"
    },
    {
      "value": "150",
      "date": "2025-04-12 03:00:00",
      "interval_length": "PT30M",
      "measure_type": "B"
    },
    {
      "value": "122",
      "date": "2025-04-12 03:30:00",
      "interval_length": "PT30M",
      "measure_type": "B"
    },
    {
      "value": "210",
      "date": "2025-04-12 04:00:00",
      "interval_length": "PT30M",
      "measure_type": "B"
    },
    {
      "value": "212",
      "date": "2025-04-12 04:30:00",
      "interval_length": "PT30M",
      "measure_type": "B"
    },
    {
      "value": "152",
      "date": "2025-04-12 05:00:00",
      "interval_length": "PT30M",
      "measure_type": "B"
    },
    {
      "value": "130",
      "date": "2025-04-12 05:30:00",
      "interval_length": "PT30M",
      "measure_type": "B"
    },
    {
      "value": "136",
      "date": "2025-04-12 06:00:00",
      "interval_length": "PT30M",
      "measure_type": "B"
    },
    {
      "value": "180",
      "date": "2025-04-12 06:30:00",
      "interval_length": "PT30M",
      "measure_type": "B"
    },
    {
      "value": "182",
      "date": "2025-04-12 07:00:00",
      "interval_length": "PT30M",
      "measure_type": "B"
    },
    {
      "value": "148",
      "date": "2025-04-12 07:30:00",
      "interval_length": "PT30M",
      "measure_type": "B"
    },
    {
      "value": "270",
      "date": "2025-04-12 08:00:00",
      "interval_length": "PT30M",
      "measure_type": "B"
    },
    {
      "value": "148",
      "date": "2025-04-12 08:30:00",
      "interval_length": "PT30M",
      "measure_type": "B"
    },
    {
      "value": "70",
      "date": "2025-04-12 09:00:00",
      "interval_length": "PT30M",
      "measure_type": "B"
    },
    {
      "value": "14",
      "date": "2025-04-12 09:30:00",
      "interval_length": "PT30M",
      "measure_type": "B"
    },
    {
      "value": "64",
      "date": "2025-04-12 10:00:00",
      "interval_length": "PT30M",
      "measure_type": "B"
    },
    {
      "value": "736",
      "date": "2025-04-12 10:30:00",
      "interval_length": "PT30M",
      "measure_type": "B"
    },
    {
      "value": "444",
      "date": "2025-04-12 11:00:00",
      "interval_length": "PT30M",
      "measure_type": "B"
    },
    {
      "value": "0",
      "date": "2025-04-12 11:30:00",
      "interval_length": "PT30M",
      "measure_type": "B"
    },
    {
      "value": "0",
      "date": "2025-04-12 12:00:00",
      "interval_length": "PT30M",
      "measure_type": "B"
    },
    {
      "value": "104",
      "date": "2025-04-12 12:30:00",
      "interval_length": "PT30M",
      "measure_type": "B"
    },
    {
      "value": "826",
      "date": "2025-04-12 13:00:00",
      "interval_length": "PT30M",
      "measure_type": "B"
    },
    {
      "value": "370",
      "date": "2025-04-12 13:30:00",
      "interval_length": "PT30M",
      "measure_type": "B"
    },
    {
      "value": "0",
      "date": "2025-04-12 14:00:00",
      "interval_length": "PT30M",
      "measure_type": "B"
    },
    {
      "value": "172",
      "date": "2025-04-12 14:30:00",
      "interval_length": "PT30M",
      "measure_type": "B"
    },
    {
      "value": "120",
      "date": "2025-04-12 15:00:00",
      "interval_length": "PT30M",
      "measure_type": "B"
    },
    {
      "value": "0",
      "date": "2025-04-12 15:30:00",
      "interval_length": "PT30M",
      "measure_type": "B"
    },
    {
      "value": "0",
      "date": "2025-04-12 16:00:00",
      "interval_length": "PT30M",
      "measure_type": "B"
    },
    {
      "value": "0",
      "date": "2025-04-12 16:30:00",
      "interval_length": "PT30M",
      "measure_type": "B"
    },
    {
      "value": "0",
      "date": "2025-04-12 17:00:00",
      "interval_length": "PT30M",
      "measure_type": "B"
    },
    {
      "value": "0",
      "date": "2025-04-12 17:30:00",
      "interval_length": "PT30M",
      "measure_type": "B"
    },
    {
      "value": "0",
      "date": "2025-04-12 18:00:00",
      "interval_length": "PT30M",
      "measure_type": "B"
    },
    {
      "value": "0",
      "date": "2025-04-12 18:30:00",
      "interval_length": "PT30M",
      "measure_type": "B"
    },
    {
      "value": "0",
      "date": "2025-04-12 19:00:00",
      "interval_length": "PT30M",
      "measure_type": "B"
    },
    {
      "value": "10",
      "date": "2025-04-12 19:30:00",
      "interval_length": "PT30M",
      "measure_type": "B"
    },
    {
      "value": "1548",
      "date": "2025-04-12 20:00:00",
      "interval_length": "PT30M",
      "measure_type": "B"
    },
    {
      "value": "774",
      "date": "2025-04-12 20:30:00",
      "interval_length": "PT30M",
      "measure_type": "B"
    },
    {
      "value": "1712",
      "date": "2025-04-12 21:00:00",
      "interval_length": "PT30M",
      "measure_type": "B"
    },
    {
      "value": "908",
      "date": "2025-04-12 21:30:00",
      "interval_length": "PT30M",
      "measure_type": "B"
    },
    {
      "value": "222",
      "date": "2025-04-12 22:00:00",
      "interval_length": "PT30M",
      "measure_type": "B"
    },
    {
      "value": "288",
      "date": "2025-04-12 22:30:00",
      "interval_length": "PT30M",
      "measure_type": "B"
    },
    {
      "value": "430",
      "date": "2025-04-12 23:00:00",
      "interval_length": "PT30M",
      "measure_type": "B"
    },
    {
      "value": "374",
      "date": "2025-04-12 23:30:00",
      "interval_length": "PT30M",
      "measure_type": "B"
    },
    {
      "value": "294",
      "date": "2025-04-13 00:00:00",
      "interval_length": "PT30M",
      "measure_type": "B"
    }
  ]
}