{
  "usage_point_id": "14889146046840",
  "start": "2025-11-22",
  "end": "2025-11-23",
  "quality": "BRUT",
  "reading_type": {
    "unit": "W",
    "measurement_kind": "power",
    "aggregate": "average"
  },
  "interval_reading": [
    {
      "value": "1520",
      "date": "2025-11-22 00:30:00",
      "interval_length": "PT30M",
      "measure_type": "B"
    },
    {
      "value": "1448",
      "date": "2025-11-22 01:00:00",
      "interval_length": "PT30M",
      "measure_type": "B"
    },
    {
      "value": "1742",
      "date": "2025-11-22 01:30:00",
      "interval_length": "PT30M",
      "measure_type": "B"
    },
    {
      "value": "1590",
      "date": "2025-11-22 02:00:00",
      "interval_length": "PT30M",
      "measure_type": "B"
    },
    {
      "value": "1552",
      "date": "2025-11-22 02:30:00",
      "interval_length": "PT30M",
      "measure_type": "B"
    },
    {
      "value": "1546",
      "date": "2025-11-22 03:00:00",
      "interval_length": "PT30M",
      "measure_type": "B"
    },
    {
      "value": "1768",
      "date": "2025-11-22 03:30:00",
      "interval_length": "PT30M",
      "measure_type": "B"
    },
    {
      "value": "1498",
      "date": "2025-11-22 04:00:00",
      "interval_length": "PT30M",
      "measure_type": "B"
    },
    {
      "value": "1484",
      "date": "2025-11-22 04:30:00",
      "interval_length": "PT30M",
      "measure_type": "B"
    },
    {
      "value": "1576",
      "date": "2025-11-22 05:00:00",
      "interval_length": "PT30M",
      "measure_type": "B"
    },
    {
      "value": "1918",
      "date": "2025-11-22 05:30:00",
      "interval_length": "PT30M",
      "measure_type": "B"
    },
    {
      "value": "1546",
      "date": "2025-11-22 06:00:00",
      "interval_length": "PT30M",
      "measure_type": "B"
    },
    {
      "value": "1520",
      "date": "2025-11-22 06:30:00",
      "interval_length": "PT30M",
      "measure_type": "B"
    },
    {
      "value": "1690",
      "date": "2025-11-22 07:00:00",
      "interval_length": "PT30M",
      "measure_type": "B"
    },
    {
      "value": "1802",
      "date": "2025-11-22 07:30:00",
      "interval_length": "PT30M",
      "measure_type": "B"
    },
    {
      "value": "2072",
      "date": "2025-11-22 08:00:00",
      "interval_length": "PT30M",
      "measure_type": "B"
    },
    {
      "value": "1432",
      "date": "2025-11-22 08:30:00",
      "interval_length": "PT30M",
      "measure_type": "B"
    },
    {
      "value": "658",
      "date": "2025-11-22 09:00:00",
      "interval_length": "PT30M",
      "measure_type": "B"
    },
    {
      "value": "146",
      "date": "2025-11-22 09:30:00",
      "interval_length": "PT30M",
      "measure_type": "B"
    },
    {
      "value": "152",
      "date": "2025-11-22 10:00:00",
      "interval_length": "PT30M",
      "measure_type": "B"
    },
    {
      "value": "110",
      "date": "2025-11-22 10:30:00",
      "interval_length": "PT30M",
      "measure_type": "B"
    },
    {
      "value": "54",
      "date": "2025-11-22 11:00:00",
      "interval_length": "PT30M",
      "measure_type": "B"
    },
    {
      "value": "0",
      "date": "2025-11-22 11:30:00",
      "interval_length": "PT30M",
      "measure_type": "B"
    },
    {
      "value": "0",
      "date": "2025-11-22 12:00:00",
      "interval_length": "PT30M",
      "measure_type": "B"
    },
    {
      "value": "60",
      "date": "2025-11-22 12:30:00",
      "interval_length": "PT30M",
      "measure_type": "B"
    },
    {
      "value": "1342",
      "date": "2025-11-22 13:00:00",
      "interval_length": "PT30M",
      "measure_type": "B"
    },
    {
      "value": "1540",
      "date": "2025-11-22 13:30:00",
      "interval_length": "PT30M",
      "measure_type": "B"
    },
    {
      "value": "1376",
      "date": "2025-11-22 14:00:00",
      "interval_length": "PT30M",
      "measure_type": "B"
    },
    {
      "value": "522",
      "date": "2025-11-22 14:30:00",
      "interval_length": "PT30M",
      "measure_type": "B"
    },
    {
      "value": "108",
      "date": "2025-11-22 15:00:00",
      "interval_length": "PT30M",
      "measure_type": "B"
    },
    {
      "value": "184",
      "date": "2025-11-22 15:30:00",
      "interval_length": "PT30M",
      "measure_type": "B"
    },
    {
      "value": "140",
      "date": "2025-11-22 16:00:00",
      "interval_length": "PT30M",
      "measure_type": "B"
    },
    {
      "value": "140",
      "date": "2025-11-22 16:30:00",
      "interval_length": "PT30M",
      "measure_type": "B"
    },
    {
      "value": "228",
      "date": "2025-11-22 17:00:00",
      "interval_length": "PT30M",
      "measure_type": "B"
    },
    {
      "value": "1036",
      "date": "2025-11-22 17:30:00",
      "interval_length": "PT30M",
      "measure_type": "B"
    },
    {
      "value": "5270",
      "date": "2025-11-22 18:00:00",
      "interval_length": "PT30M",
      "measure_type": "B"
    },
    {
      "value": "2696",
      "date": "2025-11-22 18:30:00",
      "interval_length": "PT30M",
      "measure_type": "B"
    },
    {
      "value": "1362",
      "date": "2025-11-22 19:00:00",
      "interval_length": "PT30M",
      "measure_type": "B"
    },
    {
      "value": "2076",
      "date": "2025-11-22 19:30:00",
      "interval_length": "PT30M",
      "measure_type": "B"
    },
    {
      "value": "3952",
      "date": "2025-11-22 20:00:00",
      "interval_length": "PT30M",
      "measure_type": "B"
    },
    {
      "value": "1368",
      "date": "2025-11-22 20:30:00",
      "interval_length": "PT30M",
      "measure_type": "B"
    },
    {
      "value": "408",
      "date": "2025-11-22 21:00:00",
      "interval_length": "PT30M",
      "measure_type": "B"
    },
    {
      "value": "368",
      "date": "2025-11-22 21:30:00",
      "interval_length": "PT30M",
      "measure_type": "B"
    },
    {
      "value": "340",
      "date": "2025-11-22 22:00:00",
      "interval_length": "PT30M",
      "measure_type": "B"
    },
    {
      "value": "464",
      "date": "2025-11-22 22:30:00",
      "interval_length": "PT30M",
      "measure_type": "B"
    },
    {
      "value": "390",
      "date": "2025-11-22 23:00:00",
      "interval_length": "PT30M",
      "measure_type": "B"
    },
    {
      "value": "402",
      "date": "2025-11-22 23:30:00",
      "interval_length": "PT30M",
      "measure_type": "B"
    },
    {
      "value": "728",
      "date": "2025-11-23 00:00:00",
      "interval_length": "PT30M",
      "measure_type": "B"
    }
  ]
}