{
  "usage_point_id": "14889146046840",
  "start": "2025-06-11",
  "end": "2025-06-12",
  "quality": "BRUT",
  "reading_type": {
    "unit": "W",
    "measurement_kind": "power",
    "aggregate": "average"
  },
  "interval_reading": [
    {
      "value": "356",
      "date": "2025-06-11 00:30:00",
      "interval_length": "PT30M",
      "measure_type": "B"
    },
    {
      "value": "400",
      "date": "2025-06-11 01:00:00",
      "interval_length": "PT30M",
      "measure_type": "B"
    },
    {
      "value": "198",
      "date": "2025-06-11 01:30:00",
      "interval_length": "PT30M",
      "measure_type": "B"
    },
    {
      "value": "144",
      "date": "2025-06-11 02:00:00",
      "interval_length": "PT30M",
      "measure_type": "B"
    },
    {
      "value": "214",
      "date": "2025-06-11 02:30:00",
      "interval_length": "PT30M",
      "measure_type": "B"
    },
    {
      "value": "158",
      "date": "2025-06-11 03:00:00",
      "interval_length": "PT30M",
      "measure_type": "B"
    },
    {
      "value": "238",
      "date": "2025-06-11 03:30:00",
      "interval_length": "PT30M",
      "measure_type": "B"
    },
    {
      "value": "134",
      "date": "2025-06-11 04:00:00",
      "interval_length": "PT30M",
      "measure_type": "B"
    },
    {
      "value": "156",
      "date": "2025-06-11 04:30:00",
      "interval_length": "PT30M",
      "measure_type": "B"
    },
    {
      "value": "200",
      "date": "2025-06-11 05:00:00",
      "interval_length": "PT30M",
      "measure_type": "B"
    },
    {
      "value": "128",
      "date": "2025-06-11 05:30:00",
      "interval_length": "PT30M",
      "measure_type": "B"
    },
    {
      "value": "244",
      "date": "2025-06-11 06:00:00",
      "interval_length": "PT30M",
      "measure_type": "B"
    },
    {
      "value": "140",
      "date": "2025-06-11 06:30:00",
      "interval_length": "PT30M",
      "measure_type": "B"
    },
    {
      "value": "382",
      "date": "2025-06-11 07:00:00",
      "interval_length": "PT30M",
      "measure_type": "B"
    },
    {
      "value": "198",
      "date": "2025-06-11 07:30:00",
      "interval_length": "PT30M",
      "measure_type": "B"
    },
    {
      "value": "148",
      "date": "2025-06-11 08:00:00",
      "interval_length": "PT30M",
      "measure_type": "B"
    },
    {
      "value": "164",
      "date": "2025-06-11 08:30:00",
      "interval_length": "PT30M",
      "measure_type": "B"
    },
    {
      "value": "12",
      "date": "2025-06-11 09:00:00",
      "interval_length": "PT30M",
      "measure_type": "B"
    },
    {
      "value": "0",
      "date": "2025-06-11 09:30:00",
      "interval_length": "PT30M",
      "measure_type": "B"
    },
    {
      "value": "0",
      "date": "2025-06-11 10:00:00",
      "interval_length": "PT30M",
      "measure_type": "B"
    },
    {
      "value": "0",
      "date": "2025-06-11 10:30:00",
      "interval_length": "PT30M",
      "measure_type": "B"
    },
    {
      "value": "0",
      "date": "2025-06-11 11:00:00",
      "interval_length": "PT30M",
      "measure_type": "B"
    },
    {
      "value": "360",
      "date": "2025-06-11 11:30:00",
      "interval_length": "PT30M",
      "measure_type": "B"
    },
    {
      "value": "0",
      "date": "2025-06-11 12:00:00",
      "interval_length": "PT30M",
      "measure_type": "B"
    },
    {
      "value": "68",
      "date": "2025-06-11 12:30:00",
      "interval_length": "PT30M",
      "measure_type": "B"
    },
    {
      "value": "0",
      "date": "2025-06-11 13:00:00",
      "interval_length": "PT30M",
      "measure_type": "B"
    },
    {
      "value": "0",
      "date": "2025-06-11 13:30:00",
      "interval_length": "PT30M",
      "measure_type": "B"
    },
    {
      "value": "0",
      "date": "2025-06-11 14:00:00",
      "interval_length": "PT30M",
      "measure_type": "B"
    },
    {
      "value": "0",
      "date": "2025-06-11 14:30:00",
      "interval_length": "PT30M",
      "measure_type": "B"
    },
    {
      "value": "0",
      "date": "2025-06-11 15:00:00",
      "interval_length": "PT30M",
      "measure_type": "B"
    },
    {
      "value": "0",
      "date": "2025-06-11 15:30:00",
      "interval_length": "PT30M",
      "measure_type": "B"
    },
    {
      "value": "0",
      "date": "2025-06-11 16:00:00",
      "interval_length": "PT30M",
      "measure_type": "B"
    },
    {
      "value": "0",
      "date": "2025-06-11 16:30:00",
      "interval_length": "PT30M",
      "measure_type": "B"
    },
    {
      "value": "0",
      "date": "2025-06-11 17:00:00",
      "interval_length": "PT30M",
      "measure_type": "B"
    },
    {
      "value": "0",
      "date": "2025-06-11 17:30:00",
      "interval_length": "PT30M",
      "measure_type": "B"
    },
    {
      "value": "0",
      "date": "2025-06-11 18:00:00",
      "interval_length": "PT30M",
      "measure_type": "B"
    },
    {
      "value": "2",
      "date": "2025-06-11 18:30:00",
      "interval_length": "PT30M",
      "measure_type": "B"
    },
    {
      "value": "54",
      "date": "2025-06-11 19:00:00",
      "interval_length": "PT30M",
      "measure_type": "B"
    },
    {
      "value": "238",
      "date": "2025-06-11 19:30:00",
      "interval_length": "PT30M",
      "measure_type": "B"
    },
    {
      "value": "78",
      "date": "2025-06-11 20:00:00",
      "interval_length": "PT30M",
      "measure_type": "B"
    },
    {
      "value": "154",
      "date": "2025-06-11 20:30:00",
      "interval_length": "PT30M",
      "measure_type": "B"
    },
    {
      "value": "256",
      "date": "2025-06-11 21:00:00",
      "interval_length": "PT30M",
      "measure_type": "B"
    },
    {
      "value": "112",
      "date": "2025-06-11 21:30:00",
      "interval_length": "PT30M",
      "measure_type": "B"
    },
    {
      "value": "164",
      "date": "2025-06-11 22:00:00",
      "interval_length": "PT30M",
      "measure_type": "B"
    },
    {
      "value": "376",
      "date": "2025-06-11 22:30:00",
      "interval_length": "PT30M",
      "measure_type": "B"
    },
    {
      "value": "1964",
      "date": "2025-06-11 23:00:00",
      "interval_length": "PT30M",
      "measure_type": "B"
    },
    {
      "value": "426",
      "date": "2025-06-11 23:30:00",
      "interval_length": "PT30M",
      "measure_type": "B"
    },
    {
      "value": "344",
      "date": "2025-06-12 00:00:00",
      "interval_length": "PT30M",
      "measure_type": "B"
    }
  ]
}