{
  "usage_point_id": "14889146046840",
  "start": "2025-05-31",
  "end": "2025-06-01",
  "quality": "BRUT",
  "reading_type": {
    "unit": "W",
    "measurement_kind": "power",
    "aggregate": "average"
  },
  "interval_reading": [
    {
      "value": "382",
      "date": "2025-05-31 00:30:00",
      "interval_length": "PT30M",
      "measure_type": "B"
    },
    {
      "value": "428",
      "date": "2025-05-31 01:00:00",
      "interval_length": "PT30M",
      "measure_type": "B"
    },
    {
      "value": "362",
      "date": "2025-05-31 01:30:00",
      "interval_length": "PT30M",
      "measure_type": "B"
    },
    {
      "value": "348",
      "date": "2025-05-31 02:00:00",
      "interval_length": "PT30M",
      "measure_type": "B"
    },
    {
      "value": "336",
      "date": "2025-05-31 02:30:00",
      "interval_length": "PT30M",
      "measure_type": "B"
    },
    {
      "value": "212",
      "date": "2025-05-31 03:00:00",
      "interval_length": "PT30M",
      "measure_type": "B"
    },
    {
      "value": "178",
      "date": "2025-05-31 03:30:00",
      "interval_length": "PT30M",
      "measure_type": "B"
    },
    {
      "value": "186",
      "date": "2025-05-31 04:00:00",
      "interval_length": "PT30M",
      "measure_type": "B"
    },
    {
      "value": "176",
      "date": "2025-05-31 04:30:00",
      "interval_length": "PT30M",
      "measure_type": "B"
    },
    {
      "value": "138",
      "date": "2025-05-31 05:00:00",
      "interval_length": "PT30M",
      "measure_type": "B"
    },
    {
      "value": "198",
      "date": "2025-05-31 05:30:00",
      "interval_length": "PT30M",
      "measure_type": "B"
    },
    {
      "value": "186",
      "date": "2025-05-31 06:00:00",
      "interval_length": "PT30M",
      "measure_type": "B"
    },
    {
      "value": "196",
      "date": "2025-05-31 06:30:00",
      "interval_length": "PT30M",
      "measure_type": "B"
    },
    {
      "value": "436",
      "date": "2025-05-31 07:00:00",
      "interval_length": "PT30M",
      "measure_type": "B"
    },
    {
      "value": "202",
      "date": "2025-05-31 07:30:00",
      "interval_length": "PT30M",
      "measure_type": "B"
    },
    {
      "value": "1048",
      "date": "2025-05-31 08:00:00",
      "interval_length": "PT30M",
      "measure_type": "B"
    },
    {
      "value": "648",
      "date": "2025-05-31 08:30:00",
      "interval_length": "PT30M",
      "measure_type": "B"
    },
    {
      "value": "118",
      "date": "2025-05-31 09:00:00",
      "interval_length": "PT30M",
      "measure_type": "B"
    },
    {
      "value": "0",
      "date": "2025-05-31 09:30:00",
      "interval_length": "PT30M",
      "measure_type": "B"
    },
    {
      "value": "0",
      "date": "2025-05-31 10:00:00",
      "interval_length": "PT30M",
      "measure_type": "B"
    },
    {
      "value": "0",
      "date": "2025-05-31 10:30:00",
      "interval_length": "PT30M",
      "measure_type": "B"
    },
    {
      "value": "0",
      "date": "2025-05-31 11:00:00",
      "interval_length": "PT30M",
      "measure_type": "B"
    },
    {
      "value": "0",
      "date": "2025-05-31 11:30:00",
      "interval_length": "PT30M",
      "measure_type": "B"
    },
    {
      "value": "0",
      "date": "2025-05-31 12:00:00",
      "interval_length": "PT30M",
      "measure_type": "B"
    },
    {
      "value": "0",
      "date": "2025-05-31 12:30:00",
      "interval_length": "PT30M",
      "measure_type": "B"
    },
    {
      "value": "26",
      "date": "2025-05-31 13:00:00",
      "interval_length": "PT30M",
      "measure_type": "B"
    },
    {
      "value": "0",
      "date": "2025-05-31 13:30:00",
      "interval_length": "PT30M",
      "measure_type": "B"
    },
    {
      "value": "0",
      "date": "2025-05-31 14:00:00",
      "interval_length": "PT30M",
      "measure_type": "B"
    },
    {
      "value": "0",
      "date": "2025-05-31 14:30:00",
      "interval_length": "PT30M",
      "measure_type": "B"
    },
    {
      "value": "0",
      "date": "2025-05-31 15:00:00",
      "interval_length": "PT30M",
      "measure_type": "B"
    },
    {
      "value": "0",
      "date": "2025-05-31 15:30:00",
      "interval_length": "PT30M",
      "measure_type": "B"
    },
    {
      "value": "0",
      "date": "2025-05-31 16:00:00",
      "interval_length": "PT30M",
      "measure_type": "B"
    },
    {
      "value": "0",
      "date": "2025-05-31 16:30:00",
      "interval_length": "PT30M",
      "measure_type": "B"
    },
    {
      "value": "0",
      "date": "2025-05-31 17:00:00",
      "interval_length": "PT30M",
      "measure_type": "B"
    },
    {
      "value": "0",
      "date": "2025-05-31 17:30:00",
      "interval_length": "PT30M",
      "measure_type": "B"
    },
    {
      "value": "20",
      "date": "2025-05-31 18:00:00",
      "interval_length": "PT30M",
      "measure_type": "B"
    },
    {
      "value": "338",
      "date": "2025-05-31 18:30:00",
      "interval_length": "PT30M",
      "measure_type": "B"
    },
    {
      "value": "904",
      "date": "2025-05-31 19:00:00",
      "interval_length": "PT30M",
      "measure_type": "B"
    },
    {
      "value": "150",
      "date": "2025-05-31 19:30:00",
      "interval_length": "PT30M",
      "measure_type": "B"
    },
    {
      "value": "818",
      "date": "2025-05-31 20:00:00",
      "interval_length": "PT30M",
      "measure_type": "B"
    },
    {
      "value": "530",
      "date": "2025-05-31 20:30:00",
      "interval_length": "PT30M",
      "measure_type": "B"
    },
    {
      "value": "160",
      "date": "2025-05-31 21:00:00",
      "interval_length": "PT30M",
      "measure_type": "B"
    },
    {
      "value": "204",
      "date": "2025-05-31 21:30:00",
      "interval_length": "PT30M",
      "measure_type": "B"
    },
    {
      "value": "230",
      "date": "2025-05-31 22:00:00",
      "interval_length": "PT30M",
      "measure_type": "B"
    },
    {
      "value": "260",
      "date": "2025-05-31 22:30:00",
      "interval_length": "PT30M",
      "measure_type": "B"
    },
    {
      "value": "334",
      "date": "2025-05-31 23:00:00",
      "interval_length": "PT30M",
      "measure_type": "B"
    },
    {
      "value": "392",
      "date": "2025-05-31 23:30:00",
      "interval_length": "PT30M",
      "measure_type": "B"
    },
    {
      "value": "438",
      "date": "2025-06-01 00:00:00",
      "interval_length": "PT30M",
      "measure_type": "B"
    }
  ]
}