{
  "usage_point_id": "14889146046840",
  "start": "2025-11-07",
  "end": "2025-11-08",
  "quality": "BRUT",
  "reading_type": {
    "unit": "W",
    "measurement_kind": "power",
    "aggregate": "average"
  },
  "interval_reading": [
    {
      "value": "1592",
      "date": "2025-11-07 00:30:00",
      "interval_length": "PT30M",
      "measure_type": "B"
    },
    {
      "value": "390",
      "date": "2025-11-07 01:00:00",
      "interval_length": "PT30M",
      "measure_type": "B"
    },
    {
      "value": "222",
      "date": "2025-11-07 01:30:00",
      "interval_length": "PT30M",
      "measure_type": "B"
    },
    {
      "value": "340",
      "date": "2025-11-07 02:00:00",
      "interval_length": "PT30M",
      "measure_type": "B"
    },
    {
      "value": "742",
      "date": "2025-11-07 02:30:00",
      "interval_length": "PT30M",
      "measure_type": "B"
    },
    {
      "value": "770",
      "date": "2025-11-07 03:00:00",
      "interval_length": "PT30M",
      "measure_type": "B"
    },
    {
      "value": "644",
      "date": "2025-11-07 03:30:00",
      "interval_length": "PT30M",
      "measure_type": "B"
    },
    {
      "value": "548",
      "date": "2025-11-07 04:00:00",
      "interval_length": "PT30M",
      "measure_type": "B"
    },
    {
      "value": "600",
      "date": "2025-11-07 04:30:00",
      "interval_length": "PT30M",
      "measure_type": "B"
    },
    {
      "value": "508",
      "date": "2025-11-07 05:00:00",
      "interval_length": "PT30M",
      "measure_type": "B"
    },
    {
      "value": "454",
      "date": "2025-11-07 05:30:00",
      "interval_length": "PT30M",
      "measure_type": "B"
    },
    {
      "value": "422",
      "date": "2025-11-07 06:00:00",
      "interval_length": "PT30M",
      "measure_type": "B"
    },
    {
      "value": "376",
      "date": "2025-11-07 06:30:00",
      "interval_length": "PT30M",
      "measure_type": "B"
    },
    {
      "value": "682",
      "date": "2025-11-07 07:00:00",
      "interval_length": "PT30M",
      "measure_type": "B"
    },
    {
      "value": "390",
      "date": "2025-11-07 07:30:00",
      "interval_length": "PT30M",
      "measure_type": "B"
    },
    {
      "value": "426",
      "date": "2025-11-07 08:00:00",
      "interval_length": "PT30M",
      "measure_type": "B"
    },
    {
      "value": "246",
      "date": "2025-11-07 08:30:00",
      "interval_length": "PT30M",
      "measure_type": "B"
    },
    {
      "value": "252",
      "date": "2025-11-07 09:00:00",
      "interval_length": "PT30M",
      "measure_type": "B"
    },
    {
      "value": "96",
      "date": "2025-11-07 09:30:00",
      "interval_length": "PT30M",
      "measure_type": "B"
    },
    {
      "value": "6",
      "date": "2025-11-07 10:00:00",
      "interval_length": "PT30M",
      "measure_type": "B"
    },
    {
      "value": "14",
      "date": "2025-11-07 10:30:00",
      "interval_length": "PT30M",
      "measure_type": "B"
    },
    {
      "value": "106",
      "date": "2025-11-07 11:00:00",
      "interval_length": "PT30M",
      "measure_type": "B"
    },
    {
      "value": "88",
      "date": "2025-11-07 11:30:00",
      "interval_length": "PT30M",
      "measure_type": "B"
    },
    {
      "value": "216",
      "date": "2025-11-07 12:00:00",
      "interval_length": "PT30M",
      "measure_type": "B"
    },
    {
      "value": "856",
      "date": "2025-11-07 12:30:00",
      "interval_length": "PT30M",
      "measure_type": "B"
    },
    {
      "value": "256",
      "date": "2025-11-07 13:00:00",
      "interval_length": "PT30M",
      "measure_type": "B"
    },
    {
      "value": "312",
      "date": "2025-11-07 13:30:00",
      "interval_length": "PT30M",
      "measure_type": "B"
    },
    {
      "value": "340",
      "date": "2025-11-07 14:00:00",
      "interval_length": "PT30M",
      "measure_type": "B"
    },
    {
      "value": "204",
      "date": "2025-11-07 14:30:00",
      "interval_length": "PT30M",
      "measure_type": "B"
    },
    {
      "value": "148",
      "date": "2025-11-07 15:00:00",
      "interval_length": "PT30M",
      "measure_type": "B"
    },
    {
      "value": "146",
      "date": "2025-11-07 15:30:00",
      "interval_length": "PT30M",
      "measure_type": "B"
    },
    {
      "value": "270",
      "date": "2025-11-07 16:00:00",
      "interval_length": "PT30M",
      "measure_type": "B"
    },
    {
      "value": "350",
      "date": "2025-11-07 16:30:00",
      "interval_length": "PT30M",
      "measure_type": "B"
    },
    {
      "value": "216",
      "date": "2025-11-07 17:00:00",
      "interval_length": "PT30M",
      "measure_type": "B"
    },
    {
      "value": "210",
      "date": "2025-11-07 17:30:00",
      "interval_length": "PT30M",
      "measure_type": "B"
    },
    {
      "value": "198",
      "date": "2025-11-07 18:00:00",
      "interval_length": "PT30M",
      "measure_type": "B"
    },
    {
      "value": "326",
      "date": "2025-11-07 18:30:00",
      "interval_length": "PT30M",
      "measure_type": "B"
    },
    {
      "value": "580",
      "date": "2025-11-07 19:00:00",
      "interval_length": "PT30M",
      "measure_type": "B"
    },
    {
      "value": "526",
      "date": "2025-11-07 19:30:00",
      "interval_length": "PT30M",
      "measure_type": "B"
    },
    {
      "value": "678",
      "date": "2025-11-07 20:00:00",
      "interval_length": "PT30M",
      "measure_type": "B"
    },
    {
      "value": "648",
      "date": "2025-11-07 20:30:00",
      "interval_length": "PT30M",
      "measure_type": "B"
    },
    {
      "value": "2428",
      "date": "2025-11-07 21:00:00",
      "interval_length": "PT30M",
      "measure_type": "B"
    },
    {
      "value": "634",
      "date": "2025-11-07 21:30:00",
      "interval_length": "PT30M",
      "measure_type": "B"
    },
    {
      "value": "426",
      "date": "2025-11-07 22:00:00",
      "interval_length": "PT30M",
      "measure_type": "B"
    },
    {
      "value": "762",
      "date": "2025-11-07 22:30:00",
      "interval_length": "PT30M",
      "measure_type": "B"
    },
    {
      "value": "990",
      "date": "2025-11-07 23:00:00",
      "interval_length": "PT30M",
      "measure_type": "B"
    },
    {
      "value": "938",
      "date": "2025-11-07 23:30:00",
      "interval_length": "PT30M",
      "measure_type": "B"
    },
    {
      "value": "798",
      "date": "2025-11-08 00:00:00",
      "interval_length": "PT30M",
      "measure_type": "B"
    }
  ]
}