{
  "usage_point_id": "14889146046840",
  "start": "2025-05-27",
  "end": "2025-05-28",
  "quality": "BRUT",
  "reading_type": {
    "unit": "W",
    "measurement_kind": "power",
    "aggregate": "average"
  },
  "interval_reading": [
    {
      "value": "310",
      "date": "2025-05-27 00:30:00",
      "interval_length": "PT30M",
      "measure_type": "B"
    },
    {
      "value": "168",
      "date": "2025-05-27 01:00:00",
      "interval_length": "PT30M",
      "measure_type": "B"
    },
    {
      "value": "190",
      "date": "2025-05-27 01:30:00",
      "interval_length": "PT30M",
      "measure_type": "B"
    },
    {
      "value": "162",
      "date": "2025-05-27 02:00:00",
      "interval_length": "PT30M",
      "measure_type": "B"
    },
    {
      "value": "166",
      "date": "2025-05-27 02:30:00",
      "interval_length": "PT30M",
      "measure_type": "B"
    },
    {
      "value": "128",
      "date": "2025-05-27 03:00:00",
      "interval_length": "PT30M",
      "measure_type": "B"
    },
    {
      "value": "166",
      "date": "2025-05-27 03:30:00",
      "interval_length": "PT30M",
      "measure_type": "B"
    },
    {
      "value": "210",
      "date": "2025-05-27 04:00:00",
      "interval_length": "PT30M",
      "measure_type": "B"
    },
    {
      "value": "126",
      "date": "2025-05-27 04:30:00",
      "interval_length": "PT30M",
      "measure_type": "B"
    },
    {
      "value": "210",
      "date": "2025-05-27 05:00:00",
      "interval_length": "PT30M",
      "measure_type": "B"
    },
    {
      "value": "94",
      "date": "2025-05-27 05:30:00",
      "interval_length": "PT30M",
      "measure_type": "B"
    },
    {
      "value": "186",
      "date": "2025-05-27 06:00:00",
      "interval_length": "PT30M",
      "measure_type": "B"
    },
    {
      "value": "190",
      "date": "2025-05-27 06:30:00",
      "interval_length": "PT30M",
      "measure_type": "B"
    },
    {
      "value": "118",
      "date": "2025-05-27 07:00:00",
      "interval_length": "PT30M",
      "measure_type": "B"
    },
    {
      "value": "282",
      "date": "2025-05-27 07:30:00",
      "interval_length": "PT30M",
      "measure_type": "B"
    },
    {
      "value": "164",
      "date": "2025-05-27 08:00:00",
      "interval_length": "PT30M",
      "measure_type": "B"
    },
    {
      "value": "348",
      "date": "2025-05-27 08:30:00",
      "interval_length": "PT30M",
      "measure_type": "B"
    },
    {
      "value": "98",
      "date": "2025-05-27 09:00:00",
      "interval_length": "PT30M",
      "measure_type": "B"
    },
    {
      "value": "72",
      "date": "2025-05-27 09:30:00",
      "interval_length": "PT30M",
      "measure_type": "B"
    },
    {
      "value": "28",
      "date": "2025-05-27 10:00:00",
      "interval_length": "PT30M",
      "measure_type": "B"
    },
    {
      "value": "6",
      "date": "2025-05-27 10:30:00",
      "interval_length": "PT30M",
      "measure_type": "B"
    },
    {
      "value": "88",
      "date": "2025-05-27 11:00:00",
      "interval_length": "PT30M",
      "measure_type": "B"
    },
    {
      "value": "10",
      "date": "2025-05-27 11:30:00",
      "interval_length": "PT30M",
      "measure_type": "B"
    },
    {
      "value": "10",
      "date": "2025-05-27 12:00:00",
      "interval_length": "PT30M",
      "measure_type": "B"
    },
    {
      "value": "0",
      "date": "2025-05-27 12:30:00",
      "interval_length": "PT30M",
      "measure_type": "B"
    },
    {
      "value": "0",
      "date": "2025-05-27 13:00:00",
      "interval_length": "PT30M",
      "measure_type": "B"
    },
    {
      "value": "16",
      "date": "2025-05-27 13:30:00",
      "interval_length": "PT30M",
      "measure_type": "B"
    },
    {
      "value": "14",
      "date": "2025-05-27 14:00:00",
      "interval_length": "PT30M",
      "measure_type": "B"
    },
    {
      "value": "0",
      "date": "2025-05-27 14:30:00",
      "interval_length": "PT30M",
      "measure_type": "B"
    },
    {
      "value": "0",
      "date": "2025-05-27 15:00:00",
      "interval_length": "PT30M",
      "measure_type": "B"
    },
    {
      "value": "2",
      "date": "2025-05-27 15:30:00",
      "interval_length": "PT30M",
      "measure_type": "B"
    },
    {
      "value": "2",
      "date": "2025-05-27 16:00:00",
      "interval_length": "PT30M",
      "measure_type": "B"
    },
    {
      "value": "8",
      "date": "2025-05-27 16:30:00",
      "interval_length": "PT30M",
      "measure_type": "B"
    },
    {
      "value": "38",
      "date": "2025-05-27 17:00:00",
      "interval_length": "PT30M",
      "measure_type": "B"
    },
    {
      "value": "622",
      "date": "2025-05-27 17:30:00",
      "interval_length": "PT30M",
      "measure_type": "B"
    },
    {
      "value": "0",
      "date": "2025-05-27 18:00:00",
      "interval_length": "PT30M",
      "measure_type": "B"
    },
    {
      "value": "0",
      "date": "2025-05-27 18:30:00",
      "interval_length": "PT30M",
      "measure_type": "B"
    },
    {
      "value": "0",
      "date": "2025-05-27 19:00:00",
      "interval_length": "PT30M",
      "measure_type": "B"
    },
    {
      "value": "0",
      "date": "2025-05-27 19:30:00",
      "interval_length": "PT30M",
      "measure_type": "B"
    },
    {
      "value": "316",
      "date": "2025-05-27 20:00:00",
      "interval_length": "PT30M",
      "measure_type": "B"
    },
    {
      "value": "542",
      "date": "2025-05-27 20:30:00",
      "interval_length": "PT30M",
      "measure_type": "B"
    },
    {
      "value": "274",
      "date": "2025-05-27 21:00:00",
      "interval_length": "PT30M",
      "measure_type": "B"
    },
    {
      "value": "158",
      "date": "2025-05-27 21:30:00",
      "interval_length": "PT30M",
      "measure_type": "B"
    },
    {
      "value": "170",
      "date": "2025-05-27 22:00:00",
      "interval_length": "PT30M",
      "measure_type": "B"
    },
    {
      "value": "442",
      "date": "2025-05-27 22:30:00",
      "interval_length": "PT30M",
      "measure_type": "B"
    },
    {
      "value": "414",
      "date": "2025-05-27 23:00:00",
      "interval_length": "PT30M",
      "measure_type": "B"
    },
    {
      "value": "372",
      "date": "2025-05-27 23:30:00",
      "interval_length": "PT30M",
      "measure_type": "B"
    },
    {
      "value": "614",
      "date": "2025-05-28 00:00:00",
      "interval_length": "PT30M",
      "measure_type": "B"
    }
  ]
}