{
  "usage_point_id": "14889146046840",
  "start": "2025-11-08",
  "end": "2025-11-09",
  "quality": "BRUT",
  "reading_type": {
    "unit": "W",
    "measurement_kind": "power",
    "aggregate": "average"
  },
  "interval_reading": [
    {
      "value": "786",
      "date": "2025-11-08 00:30:00",
      "interval_length": "PT30M",
      "measure_type": "B"
    },
    {
      "value": "782",
      "date": "2025-11-08 01:00:00",
      "interval_length": "PT30M",
      "measure_type": "B"
    },
    {
      "value": "722",
      "date": "2025-11-08 01:30:00",
      "interval_length": "PT30M",
      "measure_type": "B"
    },
    {
      "value": "526",
      "date": "2025-11-08 02:00:00",
      "interval_length": "PT30M",
      "measure_type": "B"
    },
    {
      "value": "618",
      "date": "2025-11-08 02:30:00",
      "interval_length": "PT30M",
      "measure_type": "B"
    },
    {
      "value": "330",
      "date": "2025-11-08 03:00:00",
      "interval_length": "PT30M",
      "measure_type": "B"
    },
    {
      "value": "246",
      "date": "2025-11-08 03:30:00",
      "interval_length": "PT30M",
      "measure_type": "B"
    },
    {
      "value": "236",
      "date": "2025-11-08 04:00:00",
      "interval_length": "PT30M",
      "measure_type": "B"
    },
    {
      "value": "186",
      "date": "2025-11-08 04:30:00",
      "interval_length": "PT30M",
      "measure_type": "B"
    },
    {
      "value": "292",
      "date": "2025-11-08 05:00:00",
      "interval_length": "PT30M",
      "measure_type": "B"
    },
    {
      "value": "180",
      "date": "2025-11-08 05:30:00",
      "interval_length": "PT30M",
      "measure_type": "B"
    },
    {
      "value": "226",
      "date": "2025-11-08 06:00:00",
      "interval_length": "PT30M",
      "measure_type": "B"
    },
    {
      "value": "248",
      "date": "2025-11-08 06:30:00",
      "interval_length": "PT30M",
      "measure_type": "B"
    },
    {
      "value": "702",
      "date": "2025-11-08 07:00:00",
      "interval_length": "PT30M",
      "measure_type": "B"
    },
    {
      "value": "1402",
      "date": "2025-11-08 07:30:00",
      "interval_length": "PT30M",
      "measure_type": "B"
    },
    {
      "value": "1224",
      "date": "2025-11-08 08:00:00",
      "interval_length": "PT30M",
      "measure_type": "B"
    },
    {
      "value": "686",
      "date": "2025-11-08 08:30:00",
      "interval_length": "PT30M",
      "measure_type": "B"
    },
    {
      "value": "962",
      "date": "2025-11-08 09:00:00",
      "interval_length": "PT30M",
      "measure_type": "B"
    },
    {
      "value": "548",
      "date": "2025-11-08 09:30:00",
      "interval_length": "PT30M",
      "measure_type": "B"
    },
    {
      "value": "344",
      "date": "2025-11-08 10:00:00",
      "interval_length": "PT30M",
      "measure_type": "B"
    },
    {
      "value": "54",
      "date": "2025-11-08 10:30:00",
      "interval_length": "PT30M",
      "measure_type": "B"
    },
    {
      "value": "406",
      "date": "2025-11-08 11:00:00",
      "interval_length": "PT30M",
      "measure_type": "B"
    },
    {
      "value": "432",
      "date": "2025-11-08 11:30:00",
      "interval_length": "PT30M",
      "measure_type": "B"
    },
    {
      "value": "782",
      "date": "2025-11-08 12:00:00",
      "interval_length": "PT30M",
      "measure_type": "B"
    },
    {
      "value": "868",
      "date": "2025-11-08 12:30:00",
      "interval_length": "PT30M",
      "measure_type": "B"
    },
    {
      "value": "0",
      "date": "2025-11-08 13:00:00",
      "interval_length": "PT30M",
      "measure_type": "B"
    },
    {
      "value": "0",
      "date": "2025-11-08 13:30:00",
      "interval_length": "PT30M",
      "measure_type": "B"
    },
    {
      "value": "0",
      "date": "2025-11-08 14:00:00",
      "interval_length": "PT30M",
      "measure_type": "B"
    },
    {
      "value": "0",
      "date": "2025-11-08 14:30:00",
      "interval_length": "PT30M",
      "measure_type": "B"
    },
    {
      "value": "0",
      "date": "2025-11-08 15:00:00",
      "interval_length": "PT30M",
      "measure_type": "B"
    },
    {
      "value": "0",
      "date": "2025-11-08 15:30:00",
      "interval_length": "PT30M",
      "measure_type": "B"
    },
    {
      "value": "2",
      "date": "2025-11-08 16:00:00",
      "interval_length": "PT30M",
      "measure_type": "B"
    },
    {
      "value": "0",
      "date": "2025-11-08 16:30:00",
      "interval_length": "PT30M",
      "measure_type": "B"
    },
    {
      "value": "62",
      "date": "2025-11-08 17:00:00",
      "interval_length": "PT30M",
      "measure_type": "B"
    },
    {
      "value": "140",
      "date": "2025-11-08 17:30:00",
      "interval_length": "PT30M",
      "measure_type": "B"
    },
    {
      "value": "314",
      "date": "2025-11-08 18:00:00",
      "interval_length": "PT30M",
      "measure_type": "B"
    },
    {
      "value": "1364",
      "date": "2025-11-08 18:30:00",
      "interval_length": "PT30M",
      "measure_type": "B"
    },
    {
      "value": "2282",
      "date": "2025-11-08 19:00:00",
      "interval_length": "PT30M",
      "measure_type": "B"
    },
    {
      "value": "646",
      "date": "2025-11-08 19:30:00",
      "interval_length": "PT30M",
      "measure_type": "B"
    },
    {
      "value": "406",
      "date": "2025-11-08 20:00:00",
      "interval_length": "PT30M",
      "measure_type": "B"
    },
    {
      "value": "438",
      "date": "2025-11-08 20:30:00",
      "interval_length": "PT30M",
      "measure_type": "B"
    },
    {
      "value": "416",
      "date": "2025-11-08 21:00:00",
      "interval_length": "PT30M",
      "measure_type": "B"
    },
    {
      "value": "408",
      "date": "2025-11-08 21:30:00",
      "interval_length": "PT30M",
      "measure_type": "B"
    },
    {
      "value": "414",
      "date": "2025-11-08 22:00:00",
      "interval_length": "PT30M",
      "measure_type": "B"
    },
    {
      "value": "416",
      "date": "2025-11-08 22:30:00",
      "interval_length": "PT30M",
      "measure_type": "B"
    },
    {
      "value": "408",
      "date": "2025-11-08 23:00:00",
      "interval_length": "PT30M",
      "measure_type": "B"
    },
    {
      "value": "396",
      "date": "2025-11-08 23:30:00",
      "interval_length": "PT30M",
      "measure_type": "B"
    },
    {
      "value": "404",
      "date": "2025-11-09 00:00:00",
      "interval_length": "PT30M",
      "measure_type": "B"
    }
  ]
}