{
  "usage_point_id": "14889146046840",
  "start": "2025-11-09",
  "end": "2025-11-10",
  "quality": "BRUT",
  "reading_type": {
    "unit": "W",
    "measurement_kind": "power",
    "aggregate": "average"
  },
  "interval_reading": [
    {
      "value": "422",
      "date": "2025-11-09 00:30:00",
      "interval_length": "PT30M",
      "measure_type": "B"
    },
    {
      "value": "410",
      "date": "2025-11-09 01:00:00",
      "interval_length": "PT30M",
      "measure_type": "B"
    },
    {
      "value": "396",
      "date": "2025-11-09 01:30:00",
      "interval_length": "PT30M",
      "measure_type": "B"
    },
    {
      "value": "274",
      "date": "2025-11-09 02:00:00",
      "interval_length": "PT30M",
      "measure_type": "B"
    },
    {
      "value": "204",
      "date": "2025-11-09 02:30:00",
      "interval_length": "PT30M",
      "measure_type": "B"
    },
    {
      "value": "832",
      "date": "2025-11-09 03:00:00",
      "interval_length": "PT30M",
      "measure_type": "B"
    },
    {
      "value": "1248",
      "date": "2025-11-09 03:30:00",
      "interval_length": "PT30M",
      "measure_type": "B"
    },
    {
      "value": "1276",
      "date": "2025-11-09 04:00:00",
      "interval_length": "PT30M",
      "measure_type": "B"
    },
    {
      "value": "1162",
      "date": "2025-11-09 04:30:00",
      "interval_length": "PT30M",
      "measure_type": "B"
    },
    {
      "value": "1124",
      "date": "2025-11-09 05:00:00",
      "interval_length": "PT30M",
      "measure_type": "B"
    },
    {
      "value": "976",
      "date": "2025-11-09 05:30:00",
      "interval_length": "PT30M",
      "measure_type": "B"
    },
    {
      "value": "862",
      "date": "2025-11-09 06:00:00",
      "interval_length": "PT30M",
      "measure_type": "B"
    },
    {
      "value": "696",
      "date": "2025-11-09 06:30:00",
      "interval_length": "PT30M",
      "measure_type": "B"
    },
    {
      "value": "738",
      "date": "2025-11-09 07:00:00",
      "interval_length": "PT30M",
      "measure_type": "B"
    },
    {
      "value": "648",
      "date": "2025-11-09 07:30:00",
      "interval_length": "PT30M",
      "measure_type": "B"
    },
    {
      "value": "356",
      "date": "2025-11-09 08:00:00",
      "interval_length": "PT30M",
      "measure_type": "B"
    },
    {
      "value": "312",
      "date": "2025-11-09 08:30:00",
      "interval_length": "PT30M",
      "measure_type": "B"
    },
    {
      "value": "210",
      "date": "2025-11-09 09:00:00",
      "interval_length": "PT30M",
      "measure_type": "B"
    },
    {
      "value": "130",
      "date": "2025-11-09 09:30:00",
      "interval_length": "PT30M",
      "measure_type": "B"
    },
    {
      "value": "46",
      "date": "2025-11-09 10:00:00",
      "interval_length": "PT30M",
      "measure_type": "B"
    },
    {
      "value": "328",
      "date": "2025-11-09 10:30:00",
      "interval_length": "PT30M",
      "measure_type": "B"
    },
    {
      "value": "790",
      "date": "2025-11-09 11:00:00",
      "interval_length": "PT30M",
      "measure_type": "B"
    },
    {
      "value": "550",
      "date": "2025-11-09 11:30:00",
      "interval_length": "PT30M",
      "measure_type": "B"
    },
    {
      "value": "280",
      "date": "2025-11-09 12:00:00",
      "interval_length": "PT30M",
      "measure_type": "B"
    },
    {
      "value": "160",
      "date": "2025-11-09 12:30:00",
      "interval_length": "PT30M",
      "measure_type": "B"
    },
    {
      "value": "888",
      "date": "2025-11-09 13:00:00",
      "interval_length": "PT30M",
      "measure_type": "B"
    },
    {
      "value": "982",
      "date": "2025-11-09 13:30:00",
      "interval_length": "PT30M",
      "measure_type": "B"
    },
    {
      "value": "646",
      "date": "2025-11-09 14:00:00",
      "interval_length": "PT30M",
      "measure_type": "B"
    },
    {
      "value": "488",
      "date": "2025-11-09 14:30:00",
      "interval_length": "PT30M",
      "measure_type": "B"
    },
    {
      "value": "118",
      "date": "2025-11-09 15:00:00",
      "interval_length": "PT30M",
      "measure_type": "B"
    },
    {
      "value": "72",
      "date": "2025-11-09 15:30:00",
      "interval_length": "PT30M",
      "measure_type": "B"
    },
    {
      "value": "320",
      "date": "2025-11-09 16:00:00",
      "interval_length": "PT30M",
      "measure_type": "B"
    },
    {
      "value": "978",
      "date": "2025-11-09 16:30:00",
      "interval_length": "PT30M",
      "measure_type": "B"
    },
    {
      "value": "1408",
      "date": "2025-11-09 17:00:00",
      "interval_length": "PT30M",
      "measure_type": "B"
    },
    {
      "value": "332",
      "date": "2025-11-09 17:30:00",
      "interval_length": "PT30M",
      "measure_type": "B"
    },
    {
      "value": "372",
      "date": "2025-11-09 18:00:00",
      "interval_length": "PT30M",
      "measure_type": "B"
    },
    {
      "value": "398",
      "date": "2025-11-09 18:30:00",
      "interval_length": "PT30M",
      "measure_type": "B"
    },
    {
      "value": "440",
      "date": "2025-11-09 19:00:00",
      "interval_length": "PT30M",
      "measure_type": "B"
    },
    {
      "value": "382",
      "date": "2025-11-09 19:30:00",
      "interval_length": "PT30M",
      "measure_type": "B"
    },
    {
      "value": "440",
      "date": "2025-11-09 20:00:00",
      "interval_length": "PT30M",
      "measure_type": "B"
    },
    {
      "value": "376",
      "date": "2025-11-09 20:30:00",
      "interval_length": "PT30M",
      "measure_type": "B"
    },
    {
      "value": "314",
      "date": "2025-11-09 21:00:00",
      "interval_length": "PT30M",
      "measure_type": "B"
    },
    {
      "value": "434",
      "date": "2025-11-09 21:30:00",
      "interval_length": "PT30M",
      "measure_type": "B"
    },
    {
      "value": "484",
      "date": "2025-11-09 22:00:00",
      "interval_length": "PT30M",
      "measure_type": "B"
    },
    {
      "value": "366",
      "date": "2025-11-09 22:30:00",
      "interval_length": "PT30M",
      "measure_type": "B"
    },
    {
      "value": "446",
      "date": "2025-11-09 23:00:00",
      "interval_length": "PT30M",
      "measure_type": "B"
    },
    {
      "value": "390",
      "date": "2025-11-09 23:30:00",
      "interval_length": "PT30M",
      "measure_type": "B"
    },
    {
      "value": "684",
      "date": "2025-11-10 00:00:00",
      "interval_length": "PT30M",
      "measure_type": "B"
    }
  ]
}