{
  "usage_point_id": "14889146046840",
  "start": "2025-04-26",
  "end": "2025-04-27",
  "quality": "BRUT",
  "reading_type": {
    "unit": "W",
    "measurement_kind": "power",
    "aggregate": "average"
  },
  "interval_reading": [
    {
      "value": "1170",
      "date": "2025-04-26 00:30:00",
      "interval_length": "PT30M",
      "measure_type": "B"
    },
    {
      "value": "218",
      "date": "2025-04-26 01:00:00",
      "interval_length": "PT30M",
      "measure_type": "B"
    },
    {
      "value": "162",
      "date": "2025-04-26 01:30:00",
      "interval_length": "PT30M",
      "measure_type": "B"
    },
    {
      "value": "126",
      "date": "2025-04-26 02:00:00",
      "interval_length": "PT30M",
      "measure_type": "B"
    },
    {
      "value": "184",
      "date": "2025-04-26 02:30:00",
      "interval_length": "PT30M",
      "measure_type": "B"
    },
    {
      "value": "84",
      "date": "2025-04-26 03:00:00",
      "interval_length": "PT30M",
      "measure_type": "B"
    },
    {
      "value": "212",
      "date": "2025-04-26 03:30:00",
      "interval_length": "PT30M",
      "measure_type": "B"
    },
    {
      "value": "204",
      "date": "2025-04-26 04:00:00",
      "interval_length": "PT30M",
      "measure_type": "B"
    },
    {
      "value": "140",
      "date": "2025-04-26 04:30:00",
      "interval_length": "PT30M",
      "measure_type": "B"
    },
    {
      "value": "174",
      "date": "2025-04-26 05:00:00",
      "interval_length": "PT30M",
      "measure_type": "B"
    },
    {
      "value": "122",
      "date": "2025-04-26 05:30:00",
      "interval_length": "PT30M",
      "measure_type": "B"
    },
    {
      "value": "206",
      "date": "2025-04-26 06:00:00",
      "interval_length": "PT30M",
      "measure_type": "B"
    },
    {
      "value": "122",
      "date": "2025-04-26 06:30:00",
      "interval_length": "PT30M",
      "measure_type": "B"
    },
    {
      "value": "170",
      "date": "2025-04-26 07:00:00",
      "interval_length": "PT30M",
      "measure_type": "B"
    },
    {
      "value": "384",
      "date": "2025-04-26 07:30:00",
      "interval_length": "PT30M",
      "measure_type": "B"
    },
    {
      "value": "166",
      "date": "2025-04-26 08:00:00",
      "interval_length": "PT30M",
      "measure_type": "B"
    },
    {
      "value": "222",
      "date": "2025-04-26 08:30:00",
      "interval_length": "PT30M",
      "measure_type": "B"
    },
    {
      "value": "54",
      "date": "2025-04-26 09:00:00",
      "interval_length": "PT30M",
      "measure_type": "B"
    },
    {
      "value": "190",
      "date": "2025-04-26 09:30:00",
      "interval_length": "PT30M",
      "measure_type": "B"
    },
    {
      "value": "652",
      "date": "2025-04-26 10:00:00",
      "interval_length": "PT30M",
      "measure_type": "B"
    },
    {
      "value": "650",
      "date": "2025-04-26 10:30:00",
      "interval_length": "PT30M",
      "measure_type": "B"
    },
    {
      "value": "258",
      "date": "2025-04-26 11:00:00",
      "interval_length": "PT30M",
      "measure_type": "B"
    },
    {
      "value": "2",
      "date": "2025-04-26 11:30:00",
      "interval_length": "PT30M",
      "measure_type": "B"
    },
    {
      "value": "4",
      "date": "2025-04-26 12:00:00",
      "interval_length": "PT30M",
      "measure_type": "B"
    },
    {
      "value": "96",
      "date": "2025-04-26 12:30:00",
      "interval_length": "PT30M",
      "measure_type": "B"
    },
    {
      "value": "0",
      "date": "2025-04-26 13:00:00",
      "interval_length": "PT30M",
      "measure_type": "B"
    },
    {
      "value": "14",
      "date": "2025-04-26 13:30:00",
      "interval_length": "PT30M",
      "measure_type": "B"
    },
    {
      "value": "0",
      "date": "2025-04-26 14:00:00",
      "interval_length": "PT30M",
      "measure_type": "B"
    },
    {
      "value": "0",
      "date": "2025-04-26 14:30:00",
      "interval_length": "PT30M",
      "measure_type": "B"
    },
    {
      "value": "608",
      "date": "2025-04-26 15:00:00",
      "interval_length": "PT30M",
      "measure_type": "B"
    },
    {
      "value": "174",
      "date": "2025-04-26 15:30:00",
      "interval_length": "PT30M",
      "measure_type": "B"
    },
    {
      "value": "0",
      "date": "2025-04-26 16:00:00",
      "interval_length": "PT30M",
      "measure_type": "B"
    },
    {
      "value": "0",
      "date": "2025-04-26 16:30:00",
      "interval_length": "PT30M",
      "measure_type": "B"
    },
    {
      "value": "0",
      "date": "2025-04-26 17:00:00",
      "interval_length": "PT30M",
      "measure_type": "B"
    },
    {
      "value": "36",
      "date": "2025-04-26 17:30:00",
      "interval_length": "PT30M",
      "measure_type": "B"
    },
    {
      "value": "36",
      "date": "2025-04-26 18:00:00",
      "interval_length": "PT30M",
      "measure_type": "B"
    },
    {
      "value": "30",
      "date": "2025-04-26 18:30:00",
      "interval_length": "PT30M",
      "measure_type": "B"
    },
    {
      "value": "8",
      "date": "2025-04-26 19:00:00",
      "interval_length": "PT30M",
      "measure_type": "B"
    },
    {
      "value": "1812",
      "date": "2025-04-26 19:30:00",
      "interval_length": "PT30M",
      "measure_type": "B"
    },
    {
      "value": "840",
      "date": "2025-04-26 20:00:00",
      "interval_length": "PT30M",
      "measure_type": "B"
    },
    {
      "value": "188",
      "date": "2025-04-26 20:30:00",
      "interval_length": "PT30M",
      "measure_type": "B"
    },
    {
      "value": "118",
      "date": "2025-04-26 21:00:00",
      "interval_length": "PT30M",
      "measure_type": "B"
    },
    {
      "value": "162",
      "date": "2025-04-26 21:30:00",
      "interval_length": "PT30M",
      "measure_type": "B"
    },
    {
      "value": "326",
      "date": "2025-04-26 22:00:00",
      "interval_length": "PT30M",
      "measure_type": "B"
    },
    {
      "value": "1900",
      "date": "2025-04-26 22:30:00",
      "interval_length": "PT30M",
      "measure_type": "B"
    },
    {
      "value": "1072",
      "date": "2025-04-26 23:00:00",
      "interval_length": "PT30M",
      "measure_type": "B"
    },
    {
      "value": "412",
      "date": "2025-04-26 23:30:00",
      "interval_length": "PT30M",
      "measure_type": "B"
    },
    {
      "value": "326",
      "date": "2025-04-27 00:00:00",
      "interval_length": "PT30M",
      "measure_type": "B"
    }
  ]
}