{
  "usage_point_id": "14889146046840",
  "start": "2025-04-18",
  "end": "2025-04-19",
  "quality": "BRUT",
  "reading_type": {
    "unit": "W",
    "measurement_kind": "power",
    "aggregate": "average"
  },
  "interval_reading": [
    {
      "value": "152",
      "date": "2025-04-18 00:30:00",
      "interval_length": "PT30M",
      "measure_type": "B"
    },
    {
      "value": "214",
      "date": "2025-04-18 01:00:00",
      "interval_length": "PT30M",
      "measure_type": "B"
    },
    {
      "value": "162",
      "date": "2025-04-18 01:30:00",
      "interval_length": "PT30M",
      "measure_type": "B"
    },
    {
      "value": "78",
      "date": "2025-04-18 02:00:00",
      "interval_length": "PT30M",
      "measure_type": "B"
    },
    {
      "value": "182",
      "date": "2025-04-18 02:30:00",
      "interval_length": "PT30M",
      "measure_type": "B"
    },
    {
      "value": "92",
      "date": "2025-04-18 03:00:00",
      "interval_length": "PT30M",
      "measure_type": "B"
    },
    {
      "value": "110",
      "date": "2025-04-18 03:30:00",
      "interval_length": "PT30M",
      "measure_type": "B"
    },
    {
      "value": "258",
      "date": "2025-04-18 04:00:00",
      "interval_length": "PT30M",
      "measure_type": "B"
    },
    {
      "value": "142",
      "date": "2025-04-18 04:30:00",
      "interval_length": "PT30M",
      "measure_type": "B"
    },
    {
      "value": "98",
      "date": "2025-04-18 05:00:00",
      "interval_length": "PT30M",
      "measure_type": "B"
    },
    {
      "value": "186",
      "date": "2025-04-18 05:30:00",
      "interval_length": "PT30M",
      "measure_type": "B"
    },
    {
      "value": "250",
      "date": "2025-04-18 06:00:00",
      "interval_length": "PT30M",
      "measure_type": "B"
    },
    {
      "value": "1002",
      "date": "2025-04-18 06:30:00",
      "interval_length": "PT30M",
      "measure_type": "B"
    },
    {
      "value": "1050",
      "date": "2025-04-18 07:00:00",
      "interval_length": "PT30M",
      "measure_type": "B"
    },
    {
      "value": "834",
      "date": "2025-04-18 07:30:00",
      "interval_length": "PT30M",
      "measure_type": "B"
    },
    {
      "value": "428",
      "date": "2025-04-18 08:00:00",
      "interval_length": "PT30M",
      "measure_type": "B"
    },
    {
      "value": "94",
      "date": "2025-04-18 08:30:00",
      "interval_length": "PT30M",
      "measure_type": "B"
    },
    {
      "value": "122",
      "date": "2025-04-18 09:00:00",
      "interval_length": "PT30M",
      "measure_type": "B"
    },
    {
      "value": "26",
      "date": "2025-04-18 09:30:00",
      "interval_length": "PT30M",
      "measure_type": "B"
    },
    {
      "value": "0",
      "date": "2025-04-18 10:00:00",
      "interval_length": "PT30M",
      "measure_type": "B"
    },
    {
      "value": "338",
      "date": "2025-04-18 10:30:00",
      "interval_length": "PT30M",
      "measure_type": "B"
    },
    {
      "value": "0",
      "date": "2025-04-18 11:00:00",
      "interval_length": "PT30M",
      "measure_type": "B"
    },
    {
      "value": "2",
      "date": "2025-04-18 11:30:00",
      "interval_length": "PT30M",
      "measure_type": "B"
    },
    {
      "value": "32",
      "date": "2025-04-18 12:00:00",
      "interval_length": "PT30M",
      "measure_type": "B"
    },
    {
      "value": "0",
      "date": "2025-04-18 12:30:00",
      "interval_length": "PT30M",
      "measure_type": "B"
    },
    {
      "value": "6",
      "date": "2025-04-18 13:00:00",
      "interval_length": "PT30M",
      "measure_type": "B"
    },
    {
      "value": "0",
      "date": "2025-04-18 13:30:00",
      "interval_length": "PT30M",
      "measure_type": "B"
    },
    {
      "value": "12",
      "date": "2025-04-18 14:00:00",
      "interval_length": "PT30M",
      "measure_type": "B"
    },
    {
      "value": "0",
      "date": "2025-04-18 14:30:00",
      "interval_length": "PT30M",
      "measure_type": "B"
    },
    {
      "value": "0",
      "date": "2025-04-18 15:00:00",
      "interval_length": "PT30M",
      "measure_type": "B"
    },
    {
      "value": "20",
      "date": "2025-04-18 15:30:00",
      "interval_length": "PT30M",
      "measure_type": "B"
    },
    {
      "value": "0",
      "date": "2025-04-18 16:00:00",
      "interval_length": "PT30M",
      "measure_type": "B"
    },
    {
      "value": "224",
      "date": "2025-04-18 16:30:00",
      "interval_length": "PT30M",
      "measure_type": "B"
    },
    {
      "value": "1556",
      "date": "2025-04-18 17:00:00",
      "interval_length": "PT30M",
      "measure_type": "B"
    },
    {
      "value": "592",
      "date": "2025-04-18 17:30:00",
      "interval_length": "PT30M",
      "measure_type": "B"
    },
    {
      "value": "50",
      "date": "2025-04-18 18:00:00",
      "interval_length": "PT30M",
      "measure_type": "B"
    },
    {
      "value": "164",
      "date": "2025-04-18 18:30:00",
      "interval_length": "PT30M",
      "measure_type": "B"
    },
    {
      "value": "274",
      "date": "2025-04-18 19:00:00",
      "interval_length": "PT30M",
      "measure_type": "B"
    },
    {
      "value": "786",
      "date": "2025-04-18 19:30:00",
      "interval_length": "PT30M",
      "measure_type": "B"
    },
    {
      "value": "616",
      "date": "2025-04-18 20:00:00",
      "interval_length": "PT30M",
      "measure_type": "B"
    },
    {
      "value": "1350",
      "date": "2025-04-18 20:30:00",
      "interval_length": "PT30M",
      "measure_type": "B"
    },
    {
      "value": "874",
      "date": "2025-04-18 21:00:00",
      "interval_length": "PT30M",
      "measure_type": "B"
    },
    {
      "value": "298",
      "date": "2025-04-18 21:30:00",
      "interval_length": "PT30M",
      "measure_type": "B"
    },
    {
      "value": "342",
      "date": "2025-04-18 22:00:00",
      "interval_length": "PT30M",
      "measure_type": "B"
    },
    {
      "value": "350",
      "date": "2025-04-18 22:30:00",
      "interval_length": "PT30M",
      "measure_type": "B"
    },
    {
      "value": "374",
      "date": "2025-04-18 23:00:00",
      "interval_length": "PT30M",
      "measure_type": "B"
    },
    {
      "value": "286",
      "date": "2025-04-18 23:30:00",
      "interval_length": "PT30M",
      "measure_type": "B"
    },
    {
      "value": "596",
      "date": "2025-04-19 00:00:00",
      "interval_length": "PT30M",
      "measure_type": "B"
    }
  ]
}