{
  "usage_point_id": "14889146046840",
  "start": "2025-07-01",
  "end": "2025-07-02",
  "quality": "BRUT",
  "reading_type": {
    "unit": "W",
    "measurement_kind": "power",
    "aggregate": "average"
  },
  "interval_reading": [
    {
      "value": "1332",
      "date": "2025-07-01 00:30:00",
      "interval_length": "PT30M",
      "measure_type": "B"
    },
    {
      "value": "446",
      "date": "2025-07-01 01:00:00",
      "interval_length": "PT30M",
      "measure_type": "B"
    },
    {
      "value": "212",
      "date": "2025-07-01 01:30:00",
      "interval_length": "PT30M",
      "measure_type": "B"
    },
    {
      "value": "200",
      "date": "2025-07-01 02:00:00",
      "interval_length": "PT30M",
      "measure_type": "B"
    },
    {
      "value": "238",
      "date": "2025-07-01 02:30:00",
      "interval_length": "PT30M",
      "measure_type": "B"
    },
    {
      "value": "180",
      "date": "2025-07-01 03:00:00",
      "interval_length": "PT30M",
      "measure_type": "B"
    },
    {
      "value": "256",
      "date": "2025-07-01 03:30:00",
      "interval_length": "PT30M",
      "measure_type": "B"
    },
    {
      "value": "222",
      "date": "2025-07-01 04:00:00",
      "interval_length": "PT30M",
      "measure_type": "B"
    },
    {
      "value": "220",
      "date": "2025-07-01 04:30:00",
      "interval_length": "PT30M",
      "measure_type": "B"
    },
    {
      "value": "256",
      "date": "2025-07-01 05:00:00",
      "interval_length": "PT30M",
      "measure_type": "B"
    },
    {
      "value": "154",
      "date": "2025-07-01 05:30:00",
      "interval_length": "PT30M",
      "measure_type": "B"
    },
    {
      "value": "210",
      "date": "2025-07-01 06:00:00",
      "interval_length": "PT30M",
      "measure_type": "B"
    },
    {
      "value": "182",
      "date": "2025-07-01 06:30:00",
      "interval_length": "PT30M",
      "measure_type": "B"
    },
    {
      "value": "186",
      "date": "2025-07-01 07:00:00",
      "interval_length": "PT30M",
      "measure_type": "B"
    },
    {
      "value": "208",
      "date": "2025-07-01 07:30:00",
      "interval_length": "PT30M",
      "measure_type": "B"
    },
    {
      "value": "120",
      "date": "2025-07-01 08:00:00",
      "interval_length": "PT30M",
      "measure_type": "B"
    },
    {
      "value": "252",
      "date": "2025-07-01 08:30:00",
      "interval_length": "PT30M",
      "measure_type": "B"
    },
    {
      "value": "50",
      "date": "2025-07-01 09:00:00",
      "interval_length": "PT30M",
      "measure_type": "B"
    },
    {
      "value": "12",
      "date": "2025-07-01 09:30:00",
      "interval_length": "PT30M",
      "measure_type": "B"
    },
    {
      "value": "124",
      "date": "2025-07-01 10:00:00",
      "interval_length": "PT30M",
      "measure_type": "B"
    },
    {
      "value": "0",
      "date": "2025-07-01 10:30:00",
      "interval_length": "PT30M",
      "measure_type": "B"
    },
    {
      "value": "348",
      "date": "2025-07-01 11:00:00",
      "interval_length": "PT30M",
      "measure_type": "B"
    },
    {
      "value": "366",
      "date": "2025-07-01 11:30:00",
      "interval_length": "PT30M",
      "measure_type": "B"
    },
    {
      "value": "0",
      "date": "2025-07-01 12:00:00",
      "interval_length": "PT30M",
      "measure_type": "B"
    },
    {
      "value": "0",
      "date": "2025-07-01 12:30:00",
      "interval_length": "PT30M",
      "measure_type": "B"
    },
    {
      "value": "0",
      "date": "2025-07-01 13:00:00",
      "interval_length": "PT30M",
      "measure_type": "B"
    },
    {
      "value": "0",
      "date": "2025-07-01 13:30:00",
      "interval_length": "PT30M",
      "measure_type": "B"
    },
    {
      "value": "0",
      "date": "2025-07-01 14:00:00",
      "interval_length": "PT30M",
      "measure_type": "B"
    },
    {
      "value": "0",
      "date": "2025-07-01 14:30:00",
      "interval_length": "PT30M",
      "measure_type": "B"
    },
    {
      "value": "0",
      "date": "2025-07-01 15:00:00",
      "interval_length": "PT30M",
      "measure_type": "B"
    },
    {
      "value": "0",
      "date": "2025-07-01 15:30:00",
      "interval_length": "PT30M",
      "measure_type": "B"
    },
    {
      "value": "0",
      "date": "2025-07-01 16:00:00",
      "interval_length": "PT30M",
      "measure_type": "B"
    },
    {
      "value": "0",
      "date": "2025-07-01 16:30:00",
      "interval_length": "PT30M",
      "measure_type": "B"
    },
    {
      "value": "0",
      "date": "2025-07-01 17:00:00",
      "interval_length": "PT30M",
      "measure_type": "B"
    },
    {
      "value": "0",
      "date": "2025-07-01 17:30:00",
      "interval_length": "PT30M",
      "measure_type": "B"
    },
    {
      "value": "0",
      "date": "2025-07-01 18:00:00",
      "interval_length": "PT30M",
      "measure_type": "B"
    },
    {
      "value": "0",
      "date": "2025-07-01 18:30:00",
      "interval_length": "PT30M",
      "measure_type": "B"
    },
    {
      "value": "0",
      "date": "2025-07-01 19:00:00",
      "interval_length": "PT30M",
      "measure_type": "B"
    },
    {
      "value": "0",
      "date": "2025-07-01 19:30:00",
      "interval_length": "PT30M",
      "measure_type": "B"
    },
    {
      "value": "72",
      "date": "2025-07-01 20:00:00",
      "interval_length": "PT30M",
      "measure_type": "B"
    },
    {
      "value": "130",
      "date": "2025-07-01 20:30:00",
      "interval_length": "PT30M",
      "measure_type": "B"
    },
    {
      "value": "134",
      "date": "2025-07-01 21:00:00",
      "interval_length": "PT30M",
      "measure_type": "B"
    },
    {
      "value": "244",
      "date": "2025-07-01 21:30:00",
      "interval_length": "PT30M",
      "measure_type": "B"
    },
    {
      "value": "254",
      "date": "2025-07-01 22:00:00",
      "interval_length": "PT30M",
      "measure_type": "B"
    },
    {
      "value": "274",
      "date": "2025-07-01 22:30:00",
      "interval_length": "PT30M",
      "measure_type": "B"
    },
    {
      "value": "316",
      "date": "2025-07-01 23:00:00",
      "interval_length": "PT30M",
      "measure_type": "B"
    },
    {
      "value": "298",
      "date": "2025-07-01 23:30:00",
      "interval_length": "PT30M",
      "measure_type": "B"
    },
    {
      "value": "664",
      "date": "2025-07-02 00:00:00",
      "interval_length": "PT30M",
      "measure_type": "B"
    }
  ]
}