{
  "usage_point_id": "14889146046840",
  "start": "2025-09-08",
  "end": "2025-09-09",
  "quality": "BRUT",
  "reading_type": {
    "unit": "W",
    "measurement_kind": "power",
    "aggregate": "average"
  },
  "interval_reading": [
    {
      "value": "1890",
      "date": "2025-09-08 00:30:00",
      "interval_length": "PT30M",
      "measure_type": "B"
    },
    {
      "value": "404",
      "date": "2025-09-08 01:00:00",
      "interval_length": "PT30M",
      "measure_type": "B"
    },
    {
      "value": "220",
      "date": "2025-09-08 01:30:00",
      "interval_length": "PT30M",
      "measure_type": "B"
    },
    {
      "value": "152",
      "date": "2025-09-08 02:00:00",
      "interval_length": "PT30M",
      "measure_type": "B"
    },
    {
      "value": "224",
      "date": "2025-09-08 02:30:00",
      "interval_length": "PT30M",
      "measure_type": "B"
    },
    {
      "value": "162",
      "date": "2025-09-08 03:00:00",
      "interval_length": "PT30M",
      "measure_type": "B"
    },
    {
      "value": "230",
      "date": "2025-09-08 03:30:00",
      "interval_length": "PT30M",
      "measure_type": "B"
    },
    {
      "value": "178",
      "date": "2025-09-08 04:00:00",
      "interval_length": "PT30M",
      "measure_type": "B"
    },
    {
      "value": "162",
      "date": "2025-09-08 04:30:00",
      "interval_length": "PT30M",
      "measure_type": "B"
    },
    {
      "value": "176",
      "date": "2025-09-08 05:00:00",
      "interval_length": "PT30M",
      "measure_type": "B"
    },
    {
      "value": "158",
      "date": "2025-09-08 05:30:00",
      "interval_length": "PT30M",
      "measure_type": "B"
    },
    {
      "value": "226",
      "date": "2025-09-08 06:00:00",
      "interval_length": "PT30M",
      "measure_type": "B"
    },
    {
      "value": "160",
      "date": "2025-09-08 06:30:00",
      "interval_length": "PT30M",
      "measure_type": "B"
    },
    {
      "value": "216",
      "date": "2025-09-08 07:00:00",
      "interval_length": "PT30M",
      "measure_type": "B"
    },
    {
      "value": "168",
      "date": "2025-09-08 07:30:00",
      "interval_length": "PT30M",
      "measure_type": "B"
    },
    {
      "value": "442",
      "date": "2025-09-08 08:00:00",
      "interval_length": "PT30M",
      "measure_type": "B"
    },
    {
      "value": "248",
      "date": "2025-09-08 08:30:00",
      "interval_length": "PT30M",
      "measure_type": "B"
    },
    {
      "value": "118",
      "date": "2025-09-08 09:00:00",
      "interval_length": "PT30M",
      "measure_type": "B"
    },
    {
      "value": "162",
      "date": "2025-09-08 09:30:00",
      "interval_length": "PT30M",
      "measure_type": "B"
    },
    {
      "value": "46",
      "date": "2025-09-08 10:00:00",
      "interval_length": "PT30M",
      "measure_type": "B"
    },
    {
      "value": "320",
      "date": "2025-09-08 10:30:00",
      "interval_length": "PT30M",
      "measure_type": "B"
    },
    {
      "value": "0",
      "date": "2025-09-08 11:00:00",
      "interval_length": "PT30M",
      "measure_type": "B"
    },
    {
      "value": "484",
      "date": "2025-09-08 11:30:00",
      "interval_length": "PT30M",
      "measure_type": "B"
    },
    {
      "value": "488",
      "date": "2025-09-08 12:00:00",
      "interval_length": "PT30M",
      "measure_type": "B"
    },
    {
      "value": "308",
      "date": "2025-09-08 12:30:00",
      "interval_length": "PT30M",
      "measure_type": "B"
    },
    {
      "value": "50",
      "date": "2025-09-08 13:00:00",
      "interval_length": "PT30M",
      "measure_type": "B"
    },
    {
      "value": "0",
      "date": "2025-09-08 13:30:00",
      "interval_length": "PT30M",
      "measure_type": "B"
    },
    {
      "value": "0",
      "date": "2025-09-08 14:00:00",
      "interval_length": "PT30M",
      "measure_type": "B"
    },
    {
      "value": "0",
      "date": "2025-09-08 14:30:00",
      "interval_length": "PT30M",
      "measure_type": "B"
    },
    {
      "value": "0",
      "date": "2025-09-08 15:00:00",
      "interval_length": "PT30M",
      "measure_type": "B"
    },
    {
      "value": "0",
      "date": "2025-09-08 15:30:00",
      "interval_length": "PT30M",
      "measure_type": "B"
    },
    {
      "value": "0",
      "date": "2025-09-08 16:00:00",
      "interval_length": "PT30M",
      "measure_type": "B"
    },
    {
      "value": "0",
      "date": "2025-09-08 16:30:00",
      "interval_length": "PT30M",
      "measure_type": "B"
    },
    {
      "value": "0",
      "date": "2025-09-08 17:00:00",
      "interval_length": "PT30M",
      "measure_type": "B"
    },
    {
      "value": "32",
      "date": "2025-09-08 17:30:00",
      "interval_length": "PT30M",
      "measure_type": "B"
    },
    {
      "value": "0",
      "date": "2025-09-08 18:00:00",
      "interval_length": "PT30M",
      "measure_type": "B"
    },
    {
      "value": "0",
      "date": "2025-09-08 18:30:00",
      "interval_length": "PT30M",
      "measure_type": "B"
    },
    {
      "value": "60",
      "date": "2025-09-08 19:00:00",
      "interval_length": "PT30M",
      "measure_type": "B"
    },
    {
      "value": "152",
      "date": "2025-09-08 19:30:00",
      "interval_length": "PT30M",
      "measure_type": "B"
    },
    {
      "value": "162",
      "date": "2025-09-08 20:00:00",
      "interval_length": "PT30M",
      "measure_type": "B"
    },
    {
      "value": "214",
      "date": "2025-09-08 20:30:00",
      "interval_length": "PT30M",
      "measure_type": "B"
    },
    {
      "value": "226",
      "date": "2025-09-08 21:00:00",
      "interval_length": "PT30M",
      "measure_type": "B"
    },
    {
      "value": "392",
      "date": "2025-09-08 21:30:00",
      "interval_length": "PT30M",
      "measure_type": "B"
    },
    {
      "value": "386",
      "date": "2025-09-08 22:00:00",
      "interval_length": "PT30M",
      "measure_type": "B"
    },
    {
      "value": "972",
      "date": "2025-09-08 22:30:00",
      "interval_length": "PT30M",
      "measure_type": "B"
    },
    {
      "value": "1938",
      "date": "2025-09-08 23:00:00",
      "interval_length": "PT30M",
      "measure_type": "B"
    },
    {
      "value": "332",
      "date": "2025-09-08 23:30:00",
      "interval_length": "PT30M",
      "measure_type": "B"
    },
    {
      "value": "362",
      "date": "2025-09-09 00:00:00",
      "interval_length": "PT30M",
      "measure_type": "B"
    }
  ]
}