{
  "usage_point_id": "14889146046840",
  "start": "2025-08-14",
  "end": "2025-08-15",
  "quality": "BRUT",
  "reading_type": {
    "unit": "W",
    "measurement_kind": "power",
    "aggregate": "average"
  },
  "interval_reading": [
    {
      "value": "1324",
      "date": "2025-08-14 00:30:00",
      "interval_length": "PT30M",
      "measure_type": "B"
    },
    {
      "value": "208",
      "date": "2025-08-14 01:00:00",
      "interval_length": "PT30M",
      "measure_type": "B"
    },
    {
      "value": "162",
      "date": "2025-08-14 01:30:00",
      "interval_length": "PT30M",
      "measure_type": "B"
    },
    {
      "value": "242",
      "date": "2025-08-14 02:00:00",
      "interval_length": "PT30M",
      "measure_type": "B"
    },
    {
      "value": "186",
      "date": "2025-08-14 02:30:00",
      "interval_length": "PT30M",
      "measure_type": "B"
    },
    {
      "value": "234",
      "date": "2025-08-14 03:00:00",
      "interval_length": "PT30M",
      "measure_type": "B"
    },
    {
      "value": "188",
      "date": "2025-08-14 03:30:00",
      "interval_length": "PT30M",
      "measure_type": "B"
    },
    {
      "value": "172",
      "date": "2025-08-14 04:00:00",
      "interval_length": "PT30M",
      "measure_type": "B"
    },
    {
      "value": "232",
      "date": "2025-08-14 04:30:00",
      "interval_length": "PT30M",
      "measure_type": "B"
    },
    {
      "value": "160",
      "date": "2025-08-14 05:00:00",
      "interval_length": "PT30M",
      "measure_type": "B"
    },
    {
      "value": "178",
      "date": "2025-08-14 05:30:00",
      "interval_length": "PT30M",
      "measure_type": "B"
    },
    {
      "value": "200",
      "date": "2025-08-14 06:00:00",
      "interval_length": "PT30M",
      "measure_type": "B"
    },
    {
      "value": "200",
      "date": "2025-08-14 06:30:00",
      "interval_length": "PT30M",
      "measure_type": "B"
    },
    {
      "value": "232",
      "date": "2025-08-14 07:00:00",
      "interval_length": "PT30M",
      "measure_type": "B"
    },
    {
      "value": "138",
      "date": "2025-08-14 07:30:00",
      "interval_length": "PT30M",
      "measure_type": "B"
    },
    {
      "value": "194",
      "date": "2025-08-14 08:00:00",
      "interval_length": "PT30M",
      "measure_type": "B"
    },
    {
      "value": "268",
      "date": "2025-08-14 08:30:00",
      "interval_length": "PT30M",
      "measure_type": "B"
    },
    {
      "value": "62",
      "date": "2025-08-14 09:00:00",
      "interval_length": "PT30M",
      "measure_type": "B"
    },
    {
      "value": "44",
      "date": "2025-08-14 09:30:00",
      "interval_length": "PT30M",
      "measure_type": "B"
    },
    {
      "value": "0",
      "date": "2025-08-14 10:00:00",
      "interval_length": "PT30M",
      "measure_type": "B"
    },
    {
      "value": "0",
      "date": "2025-08-14 10:30:00",
      "interval_length": "PT30M",
      "measure_type": "B"
    },
    {
      "value": "0",
      "date": "2025-08-14 11:00:00",
      "interval_length": "PT30M",
      "measure_type": "B"
    },
    {
      "value": "0",
      "date": "2025-08-14 11:30:00",
      "interval_length": "PT30M",
      "measure_type": "B"
    },
    {
      "value": "0",
      "date": "2025-08-14 12:00:00",
      "interval_length": "PT30M",
      "measure_type": "B"
    },
    {
      "value": "0",
      "date": "2025-08-14 12:30:00",
      "interval_length": "PT30M",
      "measure_type": "B"
    },
    {
      "value": "0",
      "date": "2025-08-14 13:00:00",
      "interval_length": "PT30M",
      "measure_type": "B"
    },
    {
      "value": "280",
      "date": "2025-08-14 13:30:00",
      "interval_length": "PT30M",
      "measure_type": "B"
    },
    {
      "value": "518",
      "date": "2025-08-14 14:00:00",
      "interval_length": "PT30M",
      "measure_type": "B"
    },
    {
      "value": "242",
      "date": "2025-08-14 14:30:00",
      "interval_length": "PT30M",
      "measure_type": "B"
    },
    {
      "value": "0",
      "date": "2025-08-14 15:00:00",
      "interval_length": "PT30M",
      "measure_type": "B"
    },
    {
      "value": "942",
      "date": "2025-08-14 15:30:00",
      "interval_length": "PT30M",
      "measure_type": "B"
    },
    {
      "value": "1026",
      "date": "2025-08-14 16:00:00",
      "interval_length": "PT30M",
      "measure_type": "B"
    },
    {
      "value": "0",
      "date": "2025-08-14 16:30:00",
      "interval_length": "PT30M",
      "measure_type": "B"
    },
    {
      "value": "0",
      "date": "2025-08-14 17:00:00",
      "interval_length": "PT30M",
      "measure_type": "B"
    },
    {
      "value": "0",
      "date": "2025-08-14 17:30:00",
      "interval_length": "PT30M",
      "measure_type": "B"
    },
    {
      "value": "0",
      "date": "2025-08-14 18:00:00",
      "interval_length": "PT30M",
      "measure_type": "B"
    },
    {
      "value": "0",
      "date": "2025-08-14 18:30:00",
      "interval_length": "PT30M",
      "measure_type": "B"
    },
    {
      "value": "0",
      "date": "2025-08-14 19:00:00",
      "interval_length": "PT30M",
      "measure_type": "B"
    },
    {
      "value": "742",
      "date": "2025-08-14 19:30:00",
      "interval_length": "PT30M",
      "measure_type": "B"
    },
    {
      "value": "916",
      "date": "2025-08-14 20:00:00",
      "interval_length": "PT30M",
      "measure_type": "B"
    },
    {
      "value": "718",
      "date": "2025-08-14 20:30:00",
      "interval_length": "PT30M",
      "measure_type": "B"
    },
    {
      "value": "720",
      "date": "2025-08-14 21:00:00",
      "interval_length": "PT30M",
      "measure_type": "B"
    },
    {
      "value": "328",
      "date": "2025-08-14 21:30:00",
      "interval_length": "PT30M",
      "measure_type": "B"
    },
    {
      "value": "308",
      "date": "2025-08-14 22:00:00",
      "interval_length": "PT30M",
      "measure_type": "B"
    },
    {
      "value": "374",
      "date": "2025-08-14 22:30:00",
      "interval_length": "PT30M",
      "measure_type": "B"
    },
    {
      "value": "454",
      "date": "2025-08-14 23:00:00",
      "interval_length": "PT30M",
      "measure_type": "B"
    },
    {
      "value": "404",
      "date": "2025-08-14 23:30:00",
      "interval_length": "PT30M",
      "measure_type": "B"
    },
    {
      "value": "648",
      "date": "2025-08-15 00:00:00",
      "interval_length": "PT30M",
      "measure_type": "B"
    }
  ]
}