{
  "usage_point_id": "14889146046840",
  "start": "2025-04-19",
  "end": "2025-04-20",
  "quality": "BRUT",
  "reading_type": {
    "unit": "W",
    "measurement_kind": "power",
    "aggregate": "average"
  },
  "interval_reading": [
    {
      "value": "1676",
      "date": "2025-04-19 00:30:00",
      "interval_length": "PT30M",
      "measure_type": "B"
    },
    {
      "value": "152",
      "date": "2025-04-19 01:00:00",
      "interval_length": "PT30M",
      "measure_type": "B"
    },
    {
      "value": "114",
      "date": "2025-04-19 01:30:00",
      "interval_length": "PT30M",
      "measure_type": "B"
    },
    {
      "value": "122",
      "date": "2025-04-19 02:00:00",
      "interval_length": "PT30M",
      "measure_type": "B"
    },
    {
      "value": "544",
      "date": "2025-04-19 02:30:00",
      "interval_length": "PT30M",
      "measure_type": "B"
    },
    {
      "value": "832",
      "date": "2025-04-19 03:00:00",
      "interval_length": "PT30M",
      "measure_type": "B"
    },
    {
      "value": "454",
      "date": "2025-04-19 03:30:00",
      "interval_length": "PT30M",
      "measure_type": "B"
    },
    {
      "value": "502",
      "date": "2025-04-19 04:00:00",
      "interval_length": "PT30M",
      "measure_type": "B"
    },
    {
      "value": "514",
      "date": "2025-04-19 04:30:00",
      "interval_length": "PT30M",
      "measure_type": "B"
    },
    {
      "value": "550",
      "date": "2025-04-19 05:00:00",
      "interval_length": "PT30M",
      "measure_type": "B"
    },
    {
      "value": "536",
      "date": "2025-04-19 05:30:00",
      "interval_length": "PT30M",
      "measure_type": "B"
    },
    {
      "value": "244",
      "date": "2025-04-19 06:00:00",
      "interval_length": "PT30M",
      "measure_type": "B"
    },
    {
      "value": "160",
      "date": "2025-04-19 06:30:00",
      "interval_length": "PT30M",
      "measure_type": "B"
    },
    {
      "value": "248",
      "date": "2025-04-19 07:00:00",
      "interval_length": "PT30M",
      "measure_type": "B"
    },
    {
      "value": "238",
      "date": "2025-04-19 07:30:00",
      "interval_length": "PT30M",
      "measure_type": "B"
    },
    {
      "value": "232",
      "date": "2025-04-19 08:00:00",
      "interval_length": "PT30M",
      "measure_type": "B"
    },
    {
      "value": "184",
      "date": "2025-04-19 08:30:00",
      "interval_length": "PT30M",
      "measure_type": "B"
    },
    {
      "value": "82",
      "date": "2025-04-19 09:00:00",
      "interval_length": "PT30M",
      "measure_type": "B"
    },
    {
      "value": "96",
      "date": "2025-04-19 09:30:00",
      "interval_length": "PT30M",
      "measure_type": "B"
    },
    {
      "value": "102",
      "date": "2025-04-19 10:00:00",
      "interval_length": "PT30M",
      "measure_type": "B"
    },
    {
      "value": "4",
      "date": "2025-04-19 10:30:00",
      "interval_length": "PT30M",
      "measure_type": "B"
    },
    {
      "value": "20",
      "date": "2025-04-19 11:00:00",
      "interval_length": "PT30M",
      "measure_type": "B"
    },
    {
      "value": "4",
      "date": "2025-04-19 11:30:00",
      "interval_length": "PT30M",
      "measure_type": "B"
    },
    {
      "value": "736",
      "date": "2025-04-19 12:00:00",
      "interval_length": "PT30M",
      "measure_type": "B"
    },
    {
      "value": "450",
      "date": "2025-04-19 12:30:00",
      "interval_length": "PT30M",
      "measure_type": "B"
    },
    {
      "value": "148",
      "date": "2025-04-19 13:00:00",
      "interval_length": "PT30M",
      "measure_type": "B"
    },
    {
      "value": "276",
      "date": "2025-04-19 13:30:00",
      "interval_length": "PT30M",
      "measure_type": "B"
    },
    {
      "value": "0",
      "date": "2025-04-19 14:00:00",
      "interval_length": "PT30M",
      "measure_type": "B"
    },
    {
      "value": "24",
      "date": "2025-04-19 14:30:00",
      "interval_length": "PT30M",
      "measure_type": "B"
    },
    {
      "value": "2",
      "date": "2025-04-19 15:00:00",
      "interval_length": "PT30M",
      "measure_type": "B"
    },
    {
      "value": "108",
      "date": "2025-04-19 15:30:00",
      "interval_length": "PT30M",
      "measure_type": "B"
    },
    {
      "value": "22",
      "date": "2025-04-19 16:00:00",
      "interval_length": "PT30M",
      "measure_type": "B"
    },
    {
      "value": "66",
      "date": "2025-04-19 16:30:00",
      "interval_length": "PT30M",
      "measure_type": "B"
    },
    {
      "value": "60",
      "date": "2025-04-19 17:00:00",
      "interval_length": "PT30M",
      "measure_type": "B"
    },
    {
      "value": "36",
      "date": "2025-04-19 17:30:00",
      "interval_length": "PT30M",
      "measure_type": "B"
    },
    {
      "value": "70",
      "date": "2025-04-19 18:00:00",
      "interval_length": "PT30M",
      "measure_type": "B"
    },
    {
      "value": "52",
      "date": "2025-04-19 18:30:00",
      "interval_length": "PT30M",
      "measure_type": "B"
    },
    {
      "value": "1456",
      "date": "2025-04-19 19:00:00",
      "interval_length": "PT30M",
      "measure_type": "B"
    },
    {
      "value": "1688",
      "date": "2025-04-19 19:30:00",
      "interval_length": "PT30M",
      "measure_type": "B"
    },
    {
      "value": "1068",
      "date": "2025-04-19 20:00:00",
      "interval_length": "PT30M",
      "measure_type": "B"
    },
    {
      "value": "1016",
      "date": "2025-04-19 20:30:00",
      "interval_length": "PT30M",
      "measure_type": "B"
    },
    {
      "value": "458",
      "date": "2025-04-19 21:00:00",
      "interval_length": "PT30M",
      "measure_type": "B"
    },
    {
      "value": "430",
      "date": "2025-04-19 21:30:00",
      "interval_length": "PT30M",
      "measure_type": "B"
    },
    {
      "value": "368",
      "date": "2025-04-19 22:00:00",
      "interval_length": "PT30M",
      "measure_type": "B"
    },
    {
      "value": "338",
      "date": "2025-04-19 22:30:00",
      "interval_length": "PT30M",
      "measure_type": "B"
    },
    {
      "value": "310",
      "date": "2025-04-19 23:00:00",
      "interval_length": "PT30M",
      "measure_type": "B"
    },
    {
      "value": "342",
      "date": "2025-04-19 23:30:00",
      "interval_length": "PT30M",
      "measure_type": "B"
    },
    {
      "value": "558",
      "date": "2025-04-20 00:00:00",
      "interval_length": "PT30M",
      "measure_type": "B"
    }
  ]
}