{
  "usage_point_id": "14889146046840",
  "start": "2025-05-01",
  "end": "2025-05-02",
  "quality": "BRUT",
  "reading_type": {
    "unit": "W",
    "measurement_kind": "power",
    "aggregate": "average"
  },
  "interval_reading": [
    {
      "value": "1130",
      "date": "2025-05-01 00:30:00",
      "interval_length": "PT30M",
      "measure_type": "B"
    },
    {
      "value": "200",
      "date": "2025-05-01 01:00:00",
      "interval_length": "PT30M",
      "measure_type": "B"
    },
    {
      "value": "146",
      "date": "2025-05-01 01:30:00",
      "interval_length": "PT30M",
      "measure_type": "B"
    },
    {
      "value": "180",
      "date": "2025-05-01 02:00:00",
      "interval_length": "PT30M",
      "measure_type": "B"
    },
    {
      "value": "178",
      "date": "2025-05-01 02:30:00",
      "interval_length": "PT30M",
      "measure_type": "B"
    },
    {
      "value": "212",
      "date": "2025-05-01 03:00:00",
      "interval_length": "PT30M",
      "measure_type": "B"
    },
    {
      "value": "192",
      "date": "2025-05-01 03:30:00",
      "interval_length": "PT30M",
      "measure_type": "B"
    },
    {
      "value": "140",
      "date": "2025-05-01 04:00:00",
      "interval_length": "PT30M",
      "measure_type": "B"
    },
    {
      "value": "216",
      "date": "2025-05-01 04:30:00",
      "interval_length": "PT30M",
      "measure_type": "B"
    },
    {
      "value": "196",
      "date": "2025-05-01 05:00:00",
      "interval_length": "PT30M",
      "measure_type": "B"
    },
    {
      "value": "162",
      "date": "2025-05-01 05:30:00",
      "interval_length": "PT30M",
      "measure_type": "B"
    },
    {
      "value": "170",
      "date": "2025-05-01 06:00:00",
      "interval_length": "PT30M",
      "measure_type": "B"
    },
    {
      "value": "178",
      "date": "2025-05-01 06:30:00",
      "interval_length": "PT30M",
      "measure_type": "B"
    },
    {
      "value": "190",
      "date": "2025-05-01 07:00:00",
      "interval_length": "PT30M",
      "measure_type": "B"
    },
    {
      "value": "164",
      "date": "2025-05-01 07:30:00",
      "interval_length": "PT30M",
      "measure_type": "B"
    },
    {
      "value": "90",
      "date": "2025-05-01 08:00:00",
      "interval_length": "PT30M",
      "measure_type": "B"
    },
    {
      "value": "508",
      "date": "2025-05-01 08:30:00",
      "interval_length": "PT30M",
      "measure_type": "B"
    },
    {
      "value": "36",
      "date": "2025-05-01 09:00:00",
      "interval_length": "PT30M",
      "measure_type": "B"
    },
    {
      "value": "178",
      "date": "2025-05-01 09:30:00",
      "interval_length": "PT30M",
      "measure_type": "B"
    },
    {
      "value": "852",
      "date": "2025-05-01 10:00:00",
      "interval_length": "PT30M",
      "measure_type": "B"
    },
    {
      "value": "60",
      "date": "2025-05-01 10:30:00",
      "interval_length": "PT30M",
      "measure_type": "B"
    },
    {
      "value": "50",
      "date": "2025-05-01 11:00:00",
      "interval_length": "PT30M",
      "measure_type": "B"
    },
    {
      "value": "0",
      "date": "2025-05-01 11:30:00",
      "interval_length": "PT30M",
      "measure_type": "B"
    },
    {
      "value": "0",
      "date": "2025-05-01 12:00:00",
      "interval_length": "PT30M",
      "measure_type": "B"
    },
    {
      "value": "0",
      "date": "2025-05-01 12:30:00",
      "interval_length": "PT30M",
      "measure_type": "B"
    },
    {
      "value": "350",
      "date": "2025-05-01 13:00:00",
      "interval_length": "PT30M",
      "measure_type": "B"
    },
    {
      "value": "44",
      "date": "2025-05-01 13:30:00",
      "interval_length": "PT30M",
      "measure_type": "B"
    },
    {
      "value": "0",
      "date": "2025-05-01 14:00:00",
      "interval_length": "PT30M",
      "measure_type": "B"
    },
    {
      "value": "154",
      "date": "2025-05-01 14:30:00",
      "interval_length": "PT30M",
      "measure_type": "B"
    },
    {
      "value": "122",
      "date": "2025-05-01 15:00:00",
      "interval_length": "PT30M",
      "measure_type": "B"
    },
    {
      "value": "0",
      "date": "2025-05-01 15:30:00",
      "interval_length": "PT30M",
      "measure_type": "B"
    },
    {
      "value": "366",
      "date": "2025-05-01 16:00:00",
      "interval_length": "PT30M",
      "measure_type": "B"
    },
    {
      "value": "0",
      "date": "2025-05-01 16:30:00",
      "interval_length": "PT30M",
      "measure_type": "B"
    },
    {
      "value": "0",
      "date": "2025-05-01 17:00:00",
      "interval_length": "PT30M",
      "measure_type": "B"
    },
    {
      "value": "0",
      "date": "2025-05-01 17:30:00",
      "interval_length": "PT30M",
      "measure_type": "B"
    },
    {
      "value": "0",
      "date": "2025-05-01 18:00:00",
      "interval_length": "PT30M",
      "measure_type": "B"
    },
    {
      "value": "0",
      "date": "2025-05-01 18:30:00",
      "interval_length": "PT30M",
      "measure_type": "B"
    },
    {
      "value": "168",
      "date": "2025-05-01 19:00:00",
      "interval_length": "PT30M",
      "measure_type": "B"
    },
    {
      "value": "378",
      "date": "2025-05-01 19:30:00",
      "interval_length": "PT30M",
      "measure_type": "B"
    },
    {
      "value": "102",
      "date": "2025-05-01 20:00:00",
      "interval_length": "PT30M",
      "measure_type": "B"
    },
    {
      "value": "108",
      "date": "2025-05-01 20:30:00",
      "interval_length": "PT30M",
      "measure_type": "B"
    },
    {
      "value": "1412",
      "date": "2025-05-01 21:00:00",
      "interval_length": "PT30M",
      "measure_type": "B"
    },
    {
      "value": "946",
      "date": "2025-05-01 21:30:00",
      "interval_length": "PT30M",
      "measure_type": "B"
    },
    {
      "value": "342",
      "date": "2025-05-01 22:00:00",
      "interval_length": "PT30M",
      "measure_type": "B"
    },
    {
      "value": "388",
      "date": "2025-05-01 22:30:00",
      "interval_length": "PT30M",
      "measure_type": "B"
    },
    {
      "value": "364",
      "date": "2025-05-01 23:00:00",
      "interval_length": "PT30M",
      "measure_type": "B"
    },
    {
      "value": "486",
      "date": "2025-05-01 23:30:00",
      "interval_length": "PT30M",
      "measure_type": "B"
    },
    {
      "value": "308",
      "date": "2025-05-02 00:00:00",
      "interval_length": "PT30M",
      "measure_type": "B"
    }
  ]
}