{
  "usage_point_id": "14889146046840",
  "start": "2025-07-24",
  "end": "2025-07-25",
  "quality": "BRUT",
  "reading_type": {
    "unit": "W",
    "measurement_kind": "power",
    "aggregate": "average"
  },
  "interval_reading": [
    {
      "value": "1644",
      "date": "2025-07-24 00:30:00",
      "interval_length": "PT30M",
      "measure_type": "B"
    },
    {
      "value": "384",
      "date": "2025-07-24 01:00:00",
      "interval_length": "PT30M",
      "measure_type": "B"
    },
    {
      "value": "190",
      "date": "2025-07-24 01:30:00",
      "interval_length": "PT30M",
      "measure_type": "B"
    },
    {
      "value": "182",
      "date": "2025-07-24 02:00:00",
      "interval_length": "PT30M",
      "measure_type": "B"
    },
    {
      "value": "230",
      "date": "2025-07-24 02:30:00",
      "interval_length": "PT30M",
      "measure_type": "B"
    },
    {
      "value": "160",
      "date": "2025-07-24 03:00:00",
      "interval_length": "PT30M",
      "measure_type": "B"
    },
    {
      "value": "184",
      "date": "2025-07-24 03:30:00",
      "interval_length": "PT30M",
      "measure_type": "B"
    },
    {
      "value": "176",
      "date": "2025-07-24 04:00:00",
      "interval_length": "PT30M",
      "measure_type": "B"
    },
    {
      "value": "158",
      "date": "2025-07-24 04:30:00",
      "interval_length": "PT30M",
      "measure_type": "B"
    },
    {
      "value": "208",
      "date": "2025-07-24 05:00:00",
      "interval_length": "PT30M",
      "measure_type": "B"
    },
    {
      "value": "176",
      "date": "2025-07-24 05:30:00",
      "interval_length": "PT30M",
      "measure_type": "B"
    },
    {
      "value": "230",
      "date": "2025-07-24 06:00:00",
      "interval_length": "PT30M",
      "measure_type": "B"
    },
    {
      "value": "162",
      "date": "2025-07-24 06:30:00",
      "interval_length": "PT30M",
      "measure_type": "B"
    },
    {
      "value": "322",
      "date": "2025-07-24 07:00:00",
      "interval_length": "PT30M",
      "measure_type": "B"
    },
    {
      "value": "228",
      "date": "2025-07-24 07:30:00",
      "interval_length": "PT30M",
      "measure_type": "B"
    },
    {
      "value": "150",
      "date": "2025-07-24 08:00:00",
      "interval_length": "PT30M",
      "measure_type": "B"
    },
    {
      "value": "176",
      "date": "2025-07-24 08:30:00",
      "interval_length": "PT30M",
      "measure_type": "B"
    },
    {
      "value": "80",
      "date": "2025-07-24 09:00:00",
      "interval_length": "PT30M",
      "measure_type": "B"
    },
    {
      "value": "244",
      "date": "2025-07-24 09:30:00",
      "interval_length": "PT30M",
      "measure_type": "B"
    },
    {
      "value": "502",
      "date": "2025-07-24 10:00:00",
      "interval_length": "PT30M",
      "measure_type": "B"
    },
    {
      "value": "394",
      "date": "2025-07-24 10:30:00",
      "interval_length": "PT30M",
      "measure_type": "B"
    },
    {
      "value": "280",
      "date": "2025-07-24 11:00:00",
      "interval_length": "PT30M",
      "measure_type": "B"
    },
    {
      "value": "0",
      "date": "2025-07-24 11:30:00",
      "interval_length": "PT30M",
      "measure_type": "B"
    },
    {
      "value": "0",
      "date": "2025-07-24 12:00:00",
      "interval_length": "PT30M",
      "measure_type": "B"
    },
    {
      "value": "386",
      "date": "2025-07-24 12:30:00",
      "interval_length": "PT30M",
      "measure_type": "B"
    },
    {
      "value": "88",
      "date": "2025-07-24 13:00:00",
      "interval_length": "PT30M",
      "measure_type": "B"
    },
    {
      "value": "464",
      "date": "2025-07-24 13:30:00",
      "interval_length": "PT30M",
      "measure_type": "B"
    },
    {
      "value": "422",
      "date": "2025-07-24 14:00:00",
      "interval_length": "PT30M",
      "measure_type": "B"
    },
    {
      "value": "20",
      "date": "2025-07-24 14:30:00",
      "interval_length": "PT30M",
      "measure_type": "B"
    },
    {
      "value": "0",
      "date": "2025-07-24 15:00:00",
      "interval_length": "PT30M",
      "measure_type": "B"
    },
    {
      "value": "0",
      "date": "2025-07-24 15:30:00",
      "interval_length": "PT30M",
      "measure_type": "B"
    },
    {
      "value": "0",
      "date": "2025-07-24 16:00:00",
      "interval_length": "PT30M",
      "measure_type": "B"
    },
    {
      "value": "0",
      "date": "2025-07-24 16:30:00",
      "interval_length": "PT30M",
      "measure_type": "B"
    },
    {
      "value": "0",
      "date": "2025-07-24 17:00:00",
      "interval_length": "PT30M",
      "measure_type": "B"
    },
    {
      "value": "0",
      "date": "2025-07-24 17:30:00",
      "interval_length": "PT30M",
      "measure_type": "B"
    },
    {
      "value": "0",
      "date": "2025-07-24 18:00:00",
      "interval_length": "PT30M",
      "measure_type": "B"
    },
    {
      "value": "12",
      "date": "2025-07-24 18:30:00",
      "interval_length": "PT30M",
      "measure_type": "B"
    },
    {
      "value": "0",
      "date": "2025-07-24 19:00:00",
      "interval_length": "PT30M",
      "measure_type": "B"
    },
    {
      "value": "28",
      "date": "2025-07-24 19:30:00",
      "interval_length": "PT30M",
      "measure_type": "B"
    },
    {
      "value": "154",
      "date": "2025-07-24 20:00:00",
      "interval_length": "PT30M",
      "measure_type": "B"
    },
    {
      "value": "164",
      "date": "2025-07-24 20:30:00",
      "interval_length": "PT30M",
      "measure_type": "B"
    },
    {
      "value": "202",
      "date": "2025-07-24 21:00:00",
      "interval_length": "PT30M",
      "measure_type": "B"
    },
    {
      "value": "1650",
      "date": "2025-07-24 21:30:00",
      "interval_length": "PT30M",
      "measure_type": "B"
    },
    {
      "value": "672",
      "date": "2025-07-24 22:00:00",
      "interval_length": "PT30M",
      "measure_type": "B"
    },
    {
      "value": "212",
      "date": "2025-07-24 22:30:00",
      "interval_length": "PT30M",
      "measure_type": "B"
    },
    {
      "value": "388",
      "date": "2025-07-24 23:00:00",
      "interval_length": "PT30M",
      "measure_type": "B"
    },
    {
      "value": "368",
      "date": "2025-07-24 23:30:00",
      "interval_length": "PT30M",
      "measure_type": "B"
    },
    {
      "value": "352",
      "date": "2025-07-25 00:00:00",
      "interval_length": "PT30M",
      "measure_type": "B"
    }
  ]
}