{
  "usage_point_id": "14889146046840",
  "start": "2025-10-12",
  "end": "2025-10-13",
  "quality": "BRUT",
  "reading_type": {
    "unit": "W",
    "measurement_kind": "power",
    "aggregate": "average"
  },
  "interval_reading": [
    {
      "value": "420",
      "date": "2025-10-12 00:30:00",
      "interval_length": "PT30M",
      "measure_type": "B"
    },
    {
      "value": "330",
      "date": "2025-10-12 01:00:00",
      "interval_length": "PT30M",
      "measure_type": "B"
    },
    {
      "value": "372",
      "date": "2025-10-12 01:30:00",
      "interval_length": "PT30M",
      "measure_type": "B"
    },
    {
      "value": "194",
      "date": "2025-10-12 02:00:00",
      "interval_length": "PT30M",
      "measure_type": "B"
    },
    {
      "value": "142",
      "date": "2025-10-12 02:30:00",
      "interval_length": "PT30M",
      "measure_type": "B"
    },
    {
      "value": "232",
      "date": "2025-10-12 03:00:00",
      "interval_length": "PT30M",
      "measure_type": "B"
    },
    {
      "value": "100",
      "date": "2025-10-12 03:30:00",
      "interval_length": "PT30M",
      "measure_type": "B"
    },
    {
      "value": "186",
      "date": "2025-10-12 04:00:00",
      "interval_length": "PT30M",
      "measure_type": "B"
    },
    {
      "value": "142",
      "date": "2025-10-12 04:30:00",
      "interval_length": "PT30M",
      "measure_type": "B"
    },
    {
      "value": "166",
      "date": "2025-10-12 05:00:00",
      "interval_length": "PT30M",
      "measure_type": "B"
    },
    {
      "value": "190",
      "date": "2025-10-12 05:30:00",
      "interval_length": "PT30M",
      "measure_type": "B"
    },
    {
      "value": "94",
      "date": "2025-10-12 06:00:00",
      "interval_length": "PT30M",
      "measure_type": "B"
    },
    {
      "value": "206",
      "date": "2025-10-12 06:30:00",
      "interval_length": "PT30M",
      "measure_type": "B"
    },
    {
      "value": "316",
      "date": "2025-10-12 07:00:00",
      "interval_length": "PT30M",
      "measure_type": "B"
    },
    {
      "value": "336",
      "date": "2025-10-12 07:30:00",
      "interval_length": "PT30M",
      "measure_type": "B"
    },
    {
      "value": "366",
      "date": "2025-10-12 08:00:00",
      "interval_length": "PT30M",
      "measure_type": "B"
    },
    {
      "value": "280",
      "date": "2025-10-12 08:30:00",
      "interval_length": "PT30M",
      "measure_type": "B"
    },
    {
      "value": "248",
      "date": "2025-10-12 09:00:00",
      "interval_length": "PT30M",
      "measure_type": "B"
    },
    {
      "value": "728",
      "date": "2025-10-12 09:30:00",
      "interval_length": "PT30M",
      "measure_type": "B"
    },
    {
      "value": "798",
      "date": "2025-10-12 10:00:00",
      "interval_length": "PT30M",
      "measure_type": "B"
    },
    {
      "value": "1642",
      "date": "2025-10-12 10:30:00",
      "interval_length": "PT30M",
      "measure_type": "B"
    },
    {
      "value": "2072",
      "date": "2025-10-12 11:00:00",
      "interval_length": "PT30M",
      "measure_type": "B"
    },
    {
      "value": "544",
      "date": "2025-10-12 11:30:00",
      "interval_length": "PT30M",
      "measure_type": "B"
    },
    {
      "value": "0",
      "date": "2025-10-12 12:00:00",
      "interval_length": "PT30M",
      "measure_type": "B"
    },
    {
      "value": "14",
      "date": "2025-10-12 12:30:00",
      "interval_length": "PT30M",
      "measure_type": "B"
    },
    {
      "value": "704",
      "date": "2025-10-12 13:00:00",
      "interval_length": "PT30M",
      "measure_type": "B"
    },
    {
      "value": "452",
      "date": "2025-10-12 13:30:00",
      "interval_length": "PT30M",
      "measure_type": "B"
    },
    {
      "value": "376",
      "date": "2025-10-12 14:00:00",
      "interval_length": "PT30M",
      "measure_type": "B"
    },
    {
      "value": "138",
      "date": "2025-10-12 14:30:00",
      "interval_length": "PT30M",
      "measure_type": "B"
    },
    {
      "value": "0",
      "date": "2025-10-12 15:00:00",
      "interval_length": "PT30M",
      "measure_type": "B"
    },
    {
      "value": "0",
      "date": "2025-10-12 15:30:00",
      "interval_length": "PT30M",
      "measure_type": "B"
    },
    {
      "value": "0",
      "date": "2025-10-12 16:00:00",
      "interval_length": "PT30M",
      "measure_type": "B"
    },
    {
      "value": "0",
      "date": "2025-10-12 16:30:00",
      "interval_length": "PT30M",
      "measure_type": "B"
    },
    {
      "value": "0",
      "date": "2025-10-12 17:00:00",
      "interval_length": "PT30M",
      "measure_type": "B"
    },
    {
      "value": "0",
      "date": "2025-10-12 17:30:00",
      "interval_length": "PT30M",
      "measure_type": "B"
    },
    {
      "value": "636",
      "date": "2025-10-12 18:00:00",
      "interval_length": "PT30M",
      "measure_type": "B"
    },
    {
      "value": "1078",
      "date": "2025-10-12 18:30:00",
      "interval_length": "PT30M",
      "measure_type": "B"
    },
    {
      "value": "100",
      "date": "2025-10-12 19:00:00",
      "interval_length": "PT30M",
      "measure_type": "B"
    },
    {
      "value": "222",
      "date": "2025-10-12 19:30:00",
      "interval_length": "PT30M",
      "measure_type": "B"
    },
    {
      "value": "174",
      "date": "2025-10-12 20:00:00",
      "interval_length": "PT30M",
      "measure_type": "B"
    },
    {
      "value": "176",
      "date": "2025-10-12 20:30:00",
      "interval_length": "PT30M",
      "measure_type": "B"
    },
    {
      "value": "326",
      "date": "2025-10-12 21:00:00",
      "interval_length": "PT30M",
      "measure_type": "B"
    },
    {
      "value": "368",
      "date": "2025-10-12 21:30:00",
      "interval_length": "PT30M",
      "measure_type": "B"
    },
    {
      "value": "400",
      "date": "2025-10-12 22:00:00",
      "interval_length": "PT30M",
      "measure_type": "B"
    },
    {
      "value": "374",
      "date": "2025-10-12 22:30:00",
      "interval_length": "PT30M",
      "measure_type": "B"
    },
    {
      "value": "392",
      "date": "2025-10-12 23:00:00",
      "interval_length": "PT30M",
      "measure_type": "B"
    },
    {
      "value": "346",
      "date": "2025-10-12 23:30:00",
      "interval_length": "PT30M",
      "measure_type": "B"
    },
    {
      "value": "334",
      "date": "2025-10-13 00:00:00",
      "interval_length": "PT30M",
      "measure_type": "B"
    }
  ]
}