{
  "usage_point_id": "14889146046840",
  "start": "2025-03-29",
  "end": "2025-03-30",
  "quality": "BRUT",
  "reading_type": {
    "unit": "W",
    "measurement_kind": "power",
    "aggregate": "average"
  },
  "interval_reading": [
    {
      "value": "166",
      "date": "2025-03-29 00:30:00",
      "interval_length": "PT30M",
      "measure_type": "B"
    },
    {
      "value": "76",
      "date": "2025-03-29 01:00:00",
      "interval_length": "PT30M",
      "measure_type": "B"
    },
    {
      "value": "490",
      "date": "2025-03-29 01:30:00",
      "interval_length": "PT30M",
      "measure_type": "B"
    },
    {
      "value": "1594",
      "date": "2025-03-29 02:00:00",
      "interval_length": "PT30M",
      "measure_type": "B"
    },
    {
      "value": "1086",
      "date": "2025-03-29 02:30:00",
      "interval_length": "PT30M",
      "measure_type": "B"
    },
    {
      "value": "944",
      "date": "2025-03-29 03:00:00",
      "interval_length": "PT30M",
      "measure_type": "B"
    },
    {
      "value": "896",
      "date": "2025-03-29 03:30:00",
      "interval_length": "PT30M",
      "measure_type": "B"
    },
    {
      "value": "986",
      "date": "2025-03-29 04:00:00",
      "interval_length": "PT30M",
      "measure_type": "B"
    },
    {
      "value": "1034",
      "date": "2025-03-29 04:30:00",
      "interval_length": "PT30M",
      "measure_type": "B"
    },
    {
      "value": "1060",
      "date": "2025-03-29 05:00:00",
      "interval_length": "PT30M",
      "measure_type": "B"
    },
    {
      "value": "1092",
      "date": "2025-03-29 05:30:00",
      "interval_length": "PT30M",
      "measure_type": "B"
    },
    {
      "value": "606",
      "date": "2025-03-29 06:00:00",
      "interval_length": "PT30M",
      "measure_type": "B"
    },
    {
      "value": "152",
      "date": "2025-03-29 06:30:00",
      "interval_length": "PT30M",
      "measure_type": "B"
    },
    {
      "value": "116",
      "date": "2025-03-29 07:00:00",
      "interval_length": "PT30M",
      "measure_type": "B"
    },
    {
      "value": "110",
      "date": "2025-03-29 07:30:00",
      "interval_length": "PT30M",
      "measure_type": "B"
    },
    {
      "value": "72",
      "date": "2025-03-29 08:00:00",
      "interval_length": "PT30M",
      "measure_type": "B"
    },
    {
      "value": "184",
      "date": "2025-03-29 08:30:00",
      "interval_length": "PT30M",
      "measure_type": "B"
    },
    {
      "value": "352",
      "date": "2025-03-29 09:00:00",
      "interval_length": "PT30M",
      "measure_type": "B"
    },
    {
      "value": "34",
      "date": "2025-03-29 09:30:00",
      "interval_length": "PT30M",
      "measure_type": "B"
    },
    {
      "value": "494",
      "date": "2025-03-29 10:00:00",
      "interval_length": "PT30M",
      "measure_type": "B"
    },
    {
      "value": "110",
      "date": "2025-03-29 10:30:00",
      "interval_length": "PT30M",
      "measure_type": "B"
    },
    {
      "value": "0",
      "date": "2025-03-29 11:00:00",
      "interval_length": "PT30M",
      "measure_type": "B"
    },
    {
      "value": "8",
      "date": "2025-03-29 11:30:00",
      "interval_length": "PT30M",
      "measure_type": "B"
    },
    {
      "value": "56",
      "date": "2025-03-29 12:00:00",
      "interval_length": "PT30M",
      "measure_type": "B"
    },
    {
      "value": "412",
      "date": "2025-03-29 12:30:00",
      "interval_length": "PT30M",
      "measure_type": "B"
    },
    {
      "value": "320",
      "date": "2025-03-29 13:00:00",
      "interval_length": "PT30M",
      "measure_type": "B"
    },
    {
      "value": "0",
      "date": "2025-03-29 13:30:00",
      "interval_length": "PT30M",
      "measure_type": "B"
    },
    {
      "value": "0",
      "date": "2025-03-29 14:00:00",
      "interval_length": "PT30M",
      "measure_type": "B"
    },
    {
      "value": "202",
      "date": "2025-03-29 14:30:00",
      "interval_length": "PT30M",
      "measure_type": "B"
    },
    {
      "value": "960",
      "date": "2025-03-29 15:00:00",
      "interval_length": "PT30M",
      "measure_type": "B"
    },
    {
      "value": "262",
      "date": "2025-03-29 15:30:00",
      "interval_length": "PT30M",
      "measure_type": "B"
    },
    {
      "value": "0",
      "date": "2025-03-29 16:00:00",
      "interval_length": "PT30M",
      "measure_type": "B"
    },
    {
      "value": "0",
      "date": "2025-03-29 16:30:00",
      "interval_length": "PT30M",
      "measure_type": "B"
    },
    {
      "value": "0",
      "date": "2025-03-29 17:00:00",
      "interval_length": "PT30M",
      "measure_type": "B"
    },
    {
      "value": "78",
      "date": "2025-03-29 17:30:00",
      "interval_length": "PT30M",
      "measure_type": "B"
    },
    {
      "value": "0",
      "date": "2025-03-29 18:00:00",
      "interval_length": "PT30M",
      "measure_type": "B"
    },
    {
      "value": "132",
      "date": "2025-03-29 18:30:00",
      "interval_length": "PT30M",
      "measure_type": "B"
    },
    {
      "value": "54",
      "date": "2025-03-29 19:00:00",
      "interval_length": "PT30M",
      "measure_type": "B"
    },
    {
      "value": "828",
      "date": "2025-03-29 19:30:00",
      "interval_length": "PT30M",
      "measure_type": "B"
    },
    {
      "value": "2890",
      "date": "2025-03-29 20:00:00",
      "interval_length": "PT30M",
      "measure_type": "B"
    },
    {
      "value": "2710",
      "date": "2025-03-29 20:30:00",
      "interval_length": "PT30M",
      "measure_type": "B"
    },
    {
      "value": "344",
      "date": "2025-03-29 21:00:00",
      "interval_length": "PT30M",
      "measure_type": "B"
    },
    {
      "value": "306",
      "date": "2025-03-29 21:30:00",
      "interval_length": "PT30M",
      "measure_type": "B"
    },
    {
      "value": "440",
      "date": "2025-03-29 22:00:00",
      "interval_length": "PT30M",
      "measure_type": "B"
    },
    {
      "value": "358",
      "date": "2025-03-29 22:30:00",
      "interval_length": "PT30M",
      "measure_type": "B"
    },
    {
      "value": "364",
      "date": "2025-03-29 23:00:00",
      "interval_length": "PT30M",
      "measure_type": "B"
    },
    {
      "value": "400",
      "date": "2025-03-29 23:30:00",
      "interval_length": "PT30M",
      "measure_type": "B"
    },
    {
      "value": "236",
      "date": "2025-03-30 00:00:00",
      "interval_length": "PT30M",
      "measure_type": "B"
    }
  ]
}