{
  "usage_point_id": "14889146046840",
  "start": "2025-05-22",
  "end": "2025-05-23",
  "quality": "BRUT",
  "reading_type": {
    "unit": "W",
    "measurement_kind": "power",
    "aggregate": "average"
  },
  "interval_reading": [
    {
      "value": "1146",
      "date": "2025-05-22 00:30:00",
      "interval_length": "PT30M",
      "measure_type": "B"
    },
    {
      "value": "254",
      "date": "2025-05-22 01:00:00",
      "interval_length": "PT30M",
      "measure_type": "B"
    },
    {
      "value": "122",
      "date": "2025-05-22 01:30:00",
      "interval_length": "PT30M",
      "measure_type": "B"
    },
    {
      "value": "136",
      "date": "2025-05-22 02:00:00",
      "interval_length": "PT30M",
      "measure_type": "B"
    },
    {
      "value": "208",
      "date": "2025-05-22 02:30:00",
      "interval_length": "PT30M",
      "measure_type": "B"
    },
    {
      "value": "146",
      "date": "2025-05-22 03:00:00",
      "interval_length": "PT30M",
      "measure_type": "B"
    },
    {
      "value": "154",
      "date": "2025-05-22 03:30:00",
      "interval_length": "PT30M",
      "measure_type": "B"
    },
    {
      "value": "104",
      "date": "2025-05-22 04:00:00",
      "interval_length": "PT30M",
      "measure_type": "B"
    },
    {
      "value": "252",
      "date": "2025-05-22 04:30:00",
      "interval_length": "PT30M",
      "measure_type": "B"
    },
    {
      "value": "124",
      "date": "2025-05-22 05:00:00",
      "interval_length": "PT30M",
      "measure_type": "B"
    },
    {
      "value": "172",
      "date": "2025-05-22 05:30:00",
      "interval_length": "PT30M",
      "measure_type": "B"
    },
    {
      "value": "128",
      "date": "2025-05-22 06:00:00",
      "interval_length": "PT30M",
      "measure_type": "B"
    },
    {
      "value": "170",
      "date": "2025-05-22 06:30:00",
      "interval_length": "PT30M",
      "measure_type": "B"
    },
    {
      "value": "154",
      "date": "2025-05-22 07:00:00",
      "interval_length": "PT30M",
      "measure_type": "B"
    },
    {
      "value": "66",
      "date": "2025-05-22 07:30:00",
      "interval_length": "PT30M",
      "measure_type": "B"
    },
    {
      "value": "84",
      "date": "2025-05-22 08:00:00",
      "interval_length": "PT30M",
      "measure_type": "B"
    },
    {
      "value": "66",
      "date": "2025-05-22 08:30:00",
      "interval_length": "PT30M",
      "measure_type": "B"
    },
    {
      "value": "32",
      "date": "2025-05-22 09:00:00",
      "interval_length": "PT30M",
      "measure_type": "B"
    },
    {
      "value": "160",
      "date": "2025-05-22 09:30:00",
      "interval_length": "PT30M",
      "measure_type": "B"
    },
    {
      "value": "0",
      "date": "2025-05-22 10:00:00",
      "interval_length": "PT30M",
      "measure_type": "B"
    },
    {
      "value": "0",
      "date": "2025-05-22 10:30:00",
      "interval_length": "PT30M",
      "measure_type": "B"
    },
    {
      "value": "0",
      "date": "2025-05-22 11:00:00",
      "interval_length": "PT30M",
      "measure_type": "B"
    },
    {
      "value": "0",
      "date": "2025-05-22 11:30:00",
      "interval_length": "PT30M",
      "measure_type": "B"
    },
    {
      "value": "0",
      "date": "2025-05-22 12:00:00",
      "interval_length": "PT30M",
      "measure_type": "B"
    },
    {
      "value": "750",
      "date": "2025-05-22 12:30:00",
      "interval_length": "PT30M",
      "measure_type": "B"
    },
    {
      "value": "42",
      "date": "2025-05-22 13:00:00",
      "interval_length": "PT30M",
      "measure_type": "B"
    },
    {
      "value": "264",
      "date": "2025-05-22 13:30:00",
      "interval_length": "PT30M",
      "measure_type": "B"
    },
    {
      "value": "152",
      "date": "2025-05-22 14:00:00",
      "interval_length": "PT30M",
      "measure_type": "B"
    },
    {
      "value": "0",
      "date": "2025-05-22 14:30:00",
      "interval_length": "PT30M",
      "measure_type": "B"
    },
    {
      "value": "0",
      "date": "2025-05-22 15:00:00",
      "interval_length": "PT30M",
      "measure_type": "B"
    },
    {
      "value": "0",
      "date": "2025-05-22 15:30:00",
      "interval_length": "PT30M",
      "measure_type": "B"
    },
    {
      "value": "0",
      "date": "2025-05-22 16:00:00",
      "interval_length": "PT30M",
      "measure_type": "B"
    },
    {
      "value": "4",
      "date": "2025-05-22 16:30:00",
      "interval_length": "PT30M",
      "measure_type": "B"
    },
    {
      "value": "16",
      "date": "2025-05-22 17:00:00",
      "interval_length": "PT30M",
      "measure_type": "B"
    },
    {
      "value": "0",
      "date": "2025-05-22 17:30:00",
      "interval_length": "PT30M",
      "measure_type": "B"
    },
    {
      "value": "0",
      "date": "2025-05-22 18:00:00",
      "interval_length": "PT30M",
      "measure_type": "B"
    },
    {
      "value": "4",
      "date": "2025-05-22 18:30:00",
      "interval_length": "PT30M",
      "measure_type": "B"
    },
    {
      "value": "146",
      "date": "2025-05-22 19:00:00",
      "interval_length": "PT30M",
      "measure_type": "B"
    },
    {
      "value": "12",
      "date": "2025-05-22 19:30:00",
      "interval_length": "PT30M",
      "measure_type": "B"
    },
    {
      "value": "128",
      "date": "2025-05-22 20:00:00",
      "interval_length": "PT30M",
      "measure_type": "B"
    },
    {
      "value": "220",
      "date": "2025-05-22 20:30:00",
      "interval_length": "PT30M",
      "measure_type": "B"
    },
    {
      "value": "128",
      "date": "2025-05-22 21:00:00",
      "interval_length": "PT30M",
      "measure_type": "B"
    },
    {
      "value": "148",
      "date": "2025-05-22 21:30:00",
      "interval_length": "PT30M",
      "measure_type": "B"
    },
    {
      "value": "148",
      "date": "2025-05-22 22:00:00",
      "interval_length": "PT30M",
      "measure_type": "B"
    },
    {
      "value": "164",
      "date": "2025-05-22 22:30:00",
      "interval_length": "PT30M",
      "measure_type": "B"
    },
    {
      "value": "232",
      "date": "2025-05-22 23:00:00",
      "interval_length": "PT30M",
      "measure_type": "B"
    },
    {
      "value": "1704",
      "date": "2025-05-22 23:30:00",
      "interval_length": "PT30M",
      "measure_type": "B"
    },
    {
      "value": "1288",
      "date": "2025-05-23 00:00:00",
      "interval_length": "PT30M",
      "measure_type": "B"
    }
  ]
}