{
  "usage_point_id": "14889146046840",
  "start": "2025-09-29",
  "end": "2025-09-30",
  "quality": "BRUT",
  "reading_type": {
    "unit": "W",
    "measurement_kind": "power",
    "aggregate": "average"
  },
  "interval_reading": [
    {
      "value": "334",
      "date": "2025-09-29 00:30:00",
      "interval_length": "PT30M",
      "measure_type": "B"
    },
    {
      "value": "206",
      "date": "2025-09-29 01:00:00",
      "interval_length": "PT30M",
      "measure_type": "B"
    },
    {
      "value": "204",
      "date": "2025-09-29 01:30:00",
      "interval_length": "PT30M",
      "measure_type": "B"
    },
    {
      "value": "134",
      "date": "2025-09-29 02:00:00",
      "interval_length": "PT30M",
      "measure_type": "B"
    },
    {
      "value": "160",
      "date": "2025-09-29 02:30:00",
      "interval_length": "PT30M",
      "measure_type": "B"
    },
    {
      "value": "168",
      "date": "2025-09-29 03:00:00",
      "interval_length": "PT30M",
      "measure_type": "B"
    },
    {
      "value": "158",
      "date": "2025-09-29 03:30:00",
      "interval_length": "PT30M",
      "measure_type": "B"
    },
    {
      "value": "212",
      "date": "2025-09-29 04:00:00",
      "interval_length": "PT30M",
      "measure_type": "B"
    },
    {
      "value": "86",
      "date": "2025-09-29 04:30:00",
      "interval_length": "PT30M",
      "measure_type": "B"
    },
    {
      "value": "196",
      "date": "2025-09-29 05:00:00",
      "interval_length": "PT30M",
      "measure_type": "B"
    },
    {
      "value": "158",
      "date": "2025-09-29 05:30:00",
      "interval_length": "PT30M",
      "measure_type": "B"
    },
    {
      "value": "166",
      "date": "2025-09-29 06:00:00",
      "interval_length": "PT30M",
      "measure_type": "B"
    },
    {
      "value": "162",
      "date": "2025-09-29 06:30:00",
      "interval_length": "PT30M",
      "measure_type": "B"
    },
    {
      "value": "128",
      "date": "2025-09-29 07:00:00",
      "interval_length": "PT30M",
      "measure_type": "B"
    },
    {
      "value": "208",
      "date": "2025-09-29 07:30:00",
      "interval_length": "PT30M",
      "measure_type": "B"
    },
    {
      "value": "208",
      "date": "2025-09-29 08:00:00",
      "interval_length": "PT30M",
      "measure_type": "B"
    },
    {
      "value": "256",
      "date": "2025-09-29 08:30:00",
      "interval_length": "PT30M",
      "measure_type": "B"
    },
    {
      "value": "218",
      "date": "2025-09-29 09:00:00",
      "interval_length": "PT30M",
      "measure_type": "B"
    },
    {
      "value": "78",
      "date": "2025-09-29 09:30:00",
      "interval_length": "PT30M",
      "measure_type": "B"
    },
    {
      "value": "100",
      "date": "2025-09-29 10:00:00",
      "interval_length": "PT30M",
      "measure_type": "B"
    },
    {
      "value": "24",
      "date": "2025-09-29 10:30:00",
      "interval_length": "PT30M",
      "measure_type": "B"
    },
    {
      "value": "24",
      "date": "2025-09-29 11:00:00",
      "interval_length": "PT30M",
      "measure_type": "B"
    },
    {
      "value": "0",
      "date": "2025-09-29 11:30:00",
      "interval_length": "PT30M",
      "measure_type": "B"
    },
    {
      "value": "442",
      "date": "2025-09-29 12:00:00",
      "interval_length": "PT30M",
      "measure_type": "B"
    },
    {
      "value": "112",
      "date": "2025-09-29 12:30:00",
      "interval_length": "PT30M",
      "measure_type": "B"
    },
    {
      "value": "112",
      "date": "2025-09-29 13:00:00",
      "interval_length": "PT30M",
      "measure_type": "B"
    },
    {
      "value": "0",
      "date": "2025-09-29 13:30:00",
      "interval_length": "PT30M",
      "measure_type": "B"
    },
    {
      "value": "6",
      "date": "2025-09-29 14:00:00",
      "interval_length": "PT30M",
      "measure_type": "B"
    },
    {
      "value": "0",
      "date": "2025-09-29 14:30:00",
      "interval_length": "PT30M",
      "measure_type": "B"
    },
    {
      "value": "0",
      "date": "2025-09-29 15:00:00",
      "interval_length": "PT30M",
      "measure_type": "B"
    },
    {
      "value": "0",
      "date": "2025-09-29 15:30:00",
      "interval_length": "PT30M",
      "measure_type": "B"
    },
    {
      "value": "0",
      "date": "2025-09-29 16:00:00",
      "interval_length": "PT30M",
      "measure_type": "B"
    },
    {
      "value": "0",
      "date": "2025-09-29 16:30:00",
      "interval_length": "PT30M",
      "measure_type": "B"
    },
    {
      "value": "0",
      "date": "2025-09-29 17:00:00",
      "interval_length": "PT30M",
      "measure_type": "B"
    },
    {
      "value": "76",
      "date": "2025-09-29 17:30:00",
      "interval_length": "PT30M",
      "measure_type": "B"
    },
    {
      "value": "6",
      "date": "2025-09-29 18:00:00",
      "interval_length": "PT30M",
      "measure_type": "B"
    },
    {
      "value": "0",
      "date": "2025-09-29 18:30:00",
      "interval_length": "PT30M",
      "measure_type": "B"
    },
    {
      "value": "0",
      "date": "2025-09-29 19:00:00",
      "interval_length": "PT30M",
      "measure_type": "B"
    },
    {
      "value": "1032",
      "date": "2025-09-29 19:30:00",
      "interval_length": "PT30M",
      "measure_type": "B"
    },
    {
      "value": "1358",
      "date": "2025-09-29 20:00:00",
      "interval_length": "PT30M",
      "measure_type": "B"
    },
    {
      "value": "420",
      "date": "2025-09-29 20:30:00",
      "interval_length": "PT30M",
      "measure_type": "B"
    },
    {
      "value": "362",
      "date": "2025-09-29 21:00:00",
      "interval_length": "PT30M",
      "measure_type": "B"
    },
    {
      "value": "382",
      "date": "2025-09-29 21:30:00",
      "interval_length": "PT30M",
      "measure_type": "B"
    },
    {
      "value": "356",
      "date": "2025-09-29 22:00:00",
      "interval_length": "PT30M",
      "measure_type": "B"
    },
    {
      "value": "394",
      "date": "2025-09-29 22:30:00",
      "interval_length": "PT30M",
      "measure_type": "B"
    },
    {
      "value": "360",
      "date": "2025-09-29 23:00:00",
      "interval_length": "PT30M",
      "measure_type": "B"
    },
    {
      "value": "370",
      "date": "2025-09-29 23:30:00",
      "interval_length": "PT30M",
      "measure_type": "B"
    },
    {
      "value": "336",
      "date": "2025-09-30 00:00:00",
      "interval_length": "PT30M",
      "measure_type": "B"
    }
  ]
}