{
  "usage_point_id": "14889146046840",
  "start": "2025-07-07",
  "end": "2025-07-08",
  "quality": "BRUT",
  "reading_type": {
    "unit": "W",
    "measurement_kind": "power",
    "aggregate": "average"
  },
  "interval_reading": [
    {
      "value": "1906",
      "date": "2025-07-07 00:30:00",
      "interval_length": "PT30M",
      "measure_type": "B"
    },
    {
      "value": "354",
      "date": "2025-07-07 01:00:00",
      "interval_length": "PT30M",
      "measure_type": "B"
    },
    {
      "value": "310",
      "date": "2025-07-07 01:30:00",
      "interval_length": "PT30M",
      "measure_type": "B"
    },
    {
      "value": "168",
      "date": "2025-07-07 02:00:00",
      "interval_length": "PT30M",
      "measure_type": "B"
    },
    {
      "value": "178",
      "date": "2025-07-07 02:30:00",
      "interval_length": "PT30M",
      "measure_type": "B"
    },
    {
      "value": "186",
      "date": "2025-07-07 03:00:00",
      "interval_length": "PT30M",
      "measure_type": "B"
    },
    {
      "value": "182",
      "date": "2025-07-07 03:30:00",
      "interval_length": "PT30M",
      "measure_type": "B"
    },
    {
      "value": "248",
      "date": "2025-07-07 04:00:00",
      "interval_length": "PT30M",
      "measure_type": "B"
    },
    {
      "value": "136",
      "date": "2025-07-07 04:30:00",
      "interval_length": "PT30M",
      "measure_type": "B"
    },
    {
      "value": "222",
      "date": "2025-07-07 05:00:00",
      "interval_length": "PT30M",
      "measure_type": "B"
    },
    {
      "value": "164",
      "date": "2025-07-07 05:30:00",
      "interval_length": "PT30M",
      "measure_type": "B"
    },
    {
      "value": "154",
      "date": "2025-07-07 06:00:00",
      "interval_length": "PT30M",
      "measure_type": "B"
    },
    {
      "value": "200",
      "date": "2025-07-07 06:30:00",
      "interval_length": "PT30M",
      "measure_type": "B"
    },
    {
      "value": "146",
      "date": "2025-07-07 07:00:00",
      "interval_length": "PT30M",
      "measure_type": "B"
    },
    {
      "value": "328",
      "date": "2025-07-07 07:30:00",
      "interval_length": "PT30M",
      "measure_type": "B"
    },
    {
      "value": "80",
      "date": "2025-07-07 08:00:00",
      "interval_length": "PT30M",
      "measure_type": "B"
    },
    {
      "value": "54",
      "date": "2025-07-07 08:30:00",
      "interval_length": "PT30M",
      "measure_type": "B"
    },
    {
      "value": "50",
      "date": "2025-07-07 09:00:00",
      "interval_length": "PT30M",
      "measure_type": "B"
    },
    {
      "value": "0",
      "date": "2025-07-07 09:30:00",
      "interval_length": "PT30M",
      "measure_type": "B"
    },
    {
      "value": "6",
      "date": "2025-07-07 10:00:00",
      "interval_length": "PT30M",
      "measure_type": "B"
    },
    {
      "value": "260",
      "date": "2025-07-07 10:30:00",
      "interval_length": "PT30M",
      "measure_type": "B"
    },
    {
      "value": "1440",
      "date": "2025-07-07 11:00:00",
      "interval_length": "PT30M",
      "measure_type": "B"
    },
    {
      "value": "694",
      "date": "2025-07-07 11:30:00",
      "interval_length": "PT30M",
      "measure_type": "B"
    },
    {
      "value": "960",
      "date": "2025-07-07 12:00:00",
      "interval_length": "PT30M",
      "measure_type": "B"
    },
    {
      "value": "24",
      "date": "2025-07-07 12:30:00",
      "interval_length": "PT30M",
      "measure_type": "B"
    },
    {
      "value": "10",
      "date": "2025-07-07 13:00:00",
      "interval_length": "PT30M",
      "measure_type": "B"
    },
    {
      "value": "154",
      "date": "2025-07-07 13:30:00",
      "interval_length": "PT30M",
      "measure_type": "B"
    },
    {
      "value": "614",
      "date": "2025-07-07 14:00:00",
      "interval_length": "PT30M",
      "measure_type": "B"
    },
    {
      "value": "46",
      "date": "2025-07-07 14:30:00",
      "interval_length": "PT30M",
      "measure_type": "B"
    },
    {
      "value": "0",
      "date": "2025-07-07 15:00:00",
      "interval_length": "PT30M",
      "measure_type": "B"
    },
    {
      "value": "0",
      "date": "2025-07-07 15:30:00",
      "interval_length": "PT30M",
      "measure_type": "B"
    },
    {
      "value": "0",
      "date": "2025-07-07 16:00:00",
      "interval_length": "PT30M",
      "measure_type": "B"
    },
    {
      "value": "0",
      "date": "2025-07-07 16:30:00",
      "interval_length": "PT30M",
      "measure_type": "B"
    },
    {
      "value": "0",
      "date": "2025-07-07 17:00:00",
      "interval_length": "PT30M",
      "measure_type": "B"
    },
    {
      "value": "0",
      "date": "2025-07-07 17:30:00",
      "interval_length": "PT30M",
      "measure_type": "B"
    },
    {
      "value": "4",
      "date": "2025-07-07 18:00:00",
      "interval_length": "PT30M",
      "measure_type": "B"
    },
    {
      "value": "20",
      "date": "2025-07-07 18:30:00",
      "interval_length": "PT30M",
      "measure_type": "B"
    },
    {
      "value": "364",
      "date": "2025-07-07 19:00:00",
      "interval_length": "PT30M",
      "measure_type": "B"
    },
    {
      "value": "402",
      "date": "2025-07-07 19:30:00",
      "interval_length": "PT30M",
      "measure_type": "B"
    },
    {
      "value": "134",
      "date": "2025-07-07 20:00:00",
      "interval_length": "PT30M",
      "measure_type": "B"
    },
    {
      "value": "334",
      "date": "2025-07-07 20:30:00",
      "interval_length": "PT30M",
      "measure_type": "B"
    },
    {
      "value": "128",
      "date": "2025-07-07 21:00:00",
      "interval_length": "PT30M",
      "measure_type": "B"
    },
    {
      "value": "240",
      "date": "2025-07-07 21:30:00",
      "interval_length": "PT30M",
      "measure_type": "B"
    },
    {
      "value": "242",
      "date": "2025-07-07 22:00:00",
      "interval_length": "PT30M",
      "measure_type": "B"
    },
    {
      "value": "210",
      "date": "2025-07-07 22:30:00",
      "interval_length": "PT30M",
      "measure_type": "B"
    },
    {
      "value": "344",
      "date": "2025-07-07 23:00:00",
      "interval_length": "PT30M",
      "measure_type": "B"
    },
    {
      "value": "368",
      "date": "2025-07-07 23:30:00",
      "interval_length": "PT30M",
      "measure_type": "B"
    },
    {
      "value": "718",
      "date": "2025-07-08 00:00:00",
      "interval_length": "PT30M",
      "measure_type": "B"
    }
  ]
}