{
  "usage_point_id": "14889146046840",
  "start": "2025-07-04",
  "end": "2025-07-05",
  "quality": "BRUT",
  "reading_type": {
    "unit": "W",
    "measurement_kind": "power",
    "aggregate": "average"
  },
  "interval_reading": [
    {
      "value": "1814",
      "date": "2025-07-04 00:30:00",
      "interval_length": "PT30M",
      "measure_type": "B"
    },
    {
      "value": "296",
      "date": "2025-07-04 01:00:00",
      "interval_length": "PT30M",
      "measure_type": "B"
    },
    {
      "value": "228",
      "date": "2025-07-04 01:30:00",
      "interval_length": "PT30M",
      "measure_type": "B"
    },
    {
      "value": "180",
      "date": "2025-07-04 02:00:00",
      "interval_length": "PT30M",
      "measure_type": "B"
    },
    {
      "value": "200",
      "date": "2025-07-04 02:30:00",
      "interval_length": "PT30M",
      "measure_type": "B"
    },
    {
      "value": "156",
      "date": "2025-07-04 03:00:00",
      "interval_length": "PT30M",
      "measure_type": "B"
    },
    {
      "value": "156",
      "date": "2025-07-04 03:30:00",
      "interval_length": "PT30M",
      "measure_type": "B"
    },
    {
      "value": "232",
      "date": "2025-07-04 04:00:00",
      "interval_length": "PT30M",
      "measure_type": "B"
    },
    {
      "value": "180",
      "date": "2025-07-04 04:30:00",
      "interval_length": "PT30M",
      "measure_type": "B"
    },
    {
      "value": "220",
      "date": "2025-07-04 05:00:00",
      "interval_length": "PT30M",
      "measure_type": "B"
    },
    {
      "value": "154",
      "date": "2025-07-04 05:30:00",
      "interval_length": "PT30M",
      "measure_type": "B"
    },
    {
      "value": "182",
      "date": "2025-07-04 06:00:00",
      "interval_length": "PT30M",
      "measure_type": "B"
    },
    {
      "value": "180",
      "date": "2025-07-04 06:30:00",
      "interval_length": "PT30M",
      "measure_type": "B"
    },
    {
      "value": "304",
      "date": "2025-07-04 07:00:00",
      "interval_length": "PT30M",
      "measure_type": "B"
    },
    {
      "value": "206",
      "date": "2025-07-04 07:30:00",
      "interval_length": "PT30M",
      "measure_type": "B"
    },
    {
      "value": "110",
      "date": "2025-07-04 08:00:00",
      "interval_length": "PT30M",
      "measure_type": "B"
    },
    {
      "value": "116",
      "date": "2025-07-04 08:30:00",
      "interval_length": "PT30M",
      "measure_type": "B"
    },
    {
      "value": "40",
      "date": "2025-07-04 09:00:00",
      "interval_length": "PT30M",
      "measure_type": "B"
    },
    {
      "value": "8",
      "date": "2025-07-04 09:30:00",
      "interval_length": "PT30M",
      "measure_type": "B"
    },
    {
      "value": "0",
      "date": "2025-07-04 10:00:00",
      "interval_length": "PT30M",
      "measure_type": "B"
    },
    {
      "value": "0",
      "date": "2025-07-04 10:30:00",
      "interval_length": "PT30M",
      "measure_type": "B"
    },
    {
      "value": "0",
      "date": "2025-07-04 11:00:00",
      "interval_length": "PT30M",
      "measure_type": "B"
    },
    {
      "value": "0",
      "date": "2025-07-04 11:30:00",
      "interval_length": "PT30M",
      "measure_type": "B"
    },
    {
      "value": "0",
      "date": "2025-07-04 12:00:00",
      "interval_length": "PT30M",
      "measure_type": "B"
    },
    {
      "value": "0",
      "date": "2025-07-04 12:30:00",
      "interval_length": "PT30M",
      "measure_type": "B"
    },
    {
      "value": "0",
      "date": "2025-07-04 13:00:00",
      "interval_length": "PT30M",
      "measure_type": "B"
    },
    {
      "value": "0",
      "date": "2025-07-04 13:30:00",
      "interval_length": "PT30M",
      "measure_type": "B"
    },
    {
      "value": "0",
      "date": "2025-07-04 14:00:00",
      "interval_length": "PT30M",
      "measure_type": "B"
    },
    {
      "value": "0",
      "date": "2025-07-04 14:30:00",
      "interval_length": "PT30M",
      "measure_type": "B"
    },
    {
      "value": "0",
      "date": "2025-07-04 15:00:00",
      "interval_length": "PT30M",
      "measure_type": "B"
    },
    {
      "value": "0",
      "date": "2025-07-04 15:30:00",
      "interval_length": "PT30M",
      "measure_type": "B"
    },
    {
      "value": "0",
      "date": "2025-07-04 16:00:00",
      "interval_length": "PT30M",
      "measure_type": "B"
    },
    {
      "value": "0",
      "date": "2025-07-04 16:30:00",
      "interval_length": "PT30M",
      "measure_type": "B"
    },
    {
      "value": "0",
      "date": "2025-07-04 17:00:00",
      "interval_length": "PT30M",
      "measure_type": "B"
    },
    {
      "value": "0",
      "date": "2025-07-04 17:30:00",
      "interval_length": "PT30M",
      "measure_type": "B"
    },
    {
      "value": "0",
      "date": "2025-07-04 18:00:00",
      "interval_length": "PT30M",
      "measure_type": "B"
    },
    {
      "value": "0",
      "date": "2025-07-04 18:30:00",
      "interval_length": "PT30M",
      "measure_type": "B"
    },
    {
      "value": "0",
      "date": "2025-07-04 19:00:00",
      "interval_length": "PT30M",
      "measure_type": "B"
    },
    {
      "value": "0",
      "date": "2025-07-04 19:30:00",
      "interval_length": "PT30M",
      "measure_type": "B"
    },
    {
      "value": "14",
      "date": "2025-07-04 20:00:00",
      "interval_length": "PT30M",
      "measure_type": "B"
    },
    {
      "value": "514",
      "date": "2025-07-04 20:30:00",
      "interval_length": "PT30M",
      "measure_type": "B"
    },
    {
      "value": "300",
      "date": "2025-07-04 21:00:00",
      "interval_length": "PT30M",
      "measure_type": "B"
    },
    {
      "value": "372",
      "date": "2025-07-04 21:30:00",
      "interval_length": "PT30M",
      "measure_type": "B"
    },
    {
      "value": "412",
      "date": "2025-07-04 22:00:00",
      "interval_length": "PT30M",
      "measure_type": "B"
    },
    {
      "value": "194",
      "date": "2025-07-04 22:30:00",
      "interval_length": "PT30M",
      "measure_type": "B"
    },
    {
      "value": "272",
      "date": "2025-07-04 23:00:00",
      "interval_length": "PT30M",
      "measure_type": "B"
    },
    {
      "value": "388",
      "date": "2025-07-04 23:30:00",
      "interval_length": "PT30M",
      "measure_type": "B"
    },
    {
      "value": "634",
      "date": "2025-07-05 00:00:00",
      "interval_length": "PT30M",
      "measure_type": "B"
    }
  ]
}