{
  "usage_point_id": "14889146046840",
  "start": "2025-03-30",
  "end": "2025-03-31",
  "quality": "BRUT",
  "reading_type": {
    "unit": "W",
    "measurement_kind": "power",
    "aggregate": "average"
  },
  "interval_reading": [
    {
      "value": "150",
      "date": "2025-03-30 00:30:00",
      "interval_length": "PT30M",
      "measure_type": "B"
    },
    {
      "value": "112",
      "date": "2025-03-30 01:00:00",
      "interval_length": "PT30M",
      "measure_type": "B"
    },
    {
      "value": "118",
      "date": "2025-03-30 01:30:00",
      "interval_length": "PT30M",
      "measure_type": "B"
    },
    {
      "value": "134",
      "date": "2025-03-30 03:00:00",
      "interval_length": "PT30M",
      "measure_type": "B"
    },
    {
      "value": "120",
      "date": "2025-03-30 03:30:00",
      "interval_length": "PT30M",
      "measure_type": "B"
    },
    {
      "value": "226",
      "date": "2025-03-30 04:00:00",
      "interval_length": "PT30M",
      "measure_type": "B"
    },
    {
      "value": "140",
      "date": "2025-03-30 04:30:00",
      "interval_length": "PT30M",
      "measure_type": "B"
    },
    {
      "value": "88",
      "date": "2025-03-30 05:00:00",
      "interval_length": "PT30M",
      "measure_type": "B"
    },
    {
      "value": "152",
      "date": "2025-03-30 05:30:00",
      "interval_length": "PT30M",
      "measure_type": "B"
    },
    {
      "value": "148",
      "date": "2025-03-30 06:00:00",
      "interval_length": "PT30M",
      "measure_type": "B"
    },
    {
      "value": "100",
      "date": "2025-03-30 06:30:00",
      "interval_length": "PT30M",
      "measure_type": "B"
    },
    {
      "value": "172",
      "date": "2025-03-30 07:00:00",
      "interval_length": "PT30M",
      "measure_type": "B"
    },
    {
      "value": "174",
      "date": "2025-03-30 07:30:00",
      "interval_length": "PT30M",
      "measure_type": "B"
    },
    {
      "value": "138",
      "date": "2025-03-30 08:00:00",
      "interval_length": "PT30M",
      "measure_type": "B"
    },
    {
      "value": "94",
      "date": "2025-03-30 08:30:00",
      "interval_length": "PT30M",
      "measure_type": "B"
    },
    {
      "value": "70",
      "date": "2025-03-30 09:00:00",
      "interval_length": "PT30M",
      "measure_type": "B"
    },
    {
      "value": "160",
      "date": "2025-03-30 09:30:00",
      "interval_length": "PT30M",
      "measure_type": "B"
    },
    {
      "value": "16",
      "date": "2025-03-30 10:00:00",
      "interval_length": "PT30M",
      "measure_type": "B"
    },
    {
      "value": "54",
      "date": "2025-03-30 10:30:00",
      "interval_length": "PT30M",
      "measure_type": "B"
    },
    {
      "value": "0",
      "date": "2025-03-30 11:00:00",
      "interval_length": "PT30M",
      "measure_type": "B"
    },
    {
      "value": "0",
      "date": "2025-03-30 11:30:00",
      "interval_length": "PT30M",
      "measure_type": "B"
    },
    {
      "value": "0",
      "date": "2025-03-30 12:00:00",
      "interval_length": "PT30M",
      "measure_type": "B"
    },
    {
      "value": "196",
      "date": "2025-03-30 12:30:00",
      "interval_length": "PT30M",
      "measure_type": "B"
    },
    {
      "value": "1248",
      "date": "2025-03-30 13:00:00",
      "interval_length": "PT30M",
      "measure_type": "B"
    },
    {
      "value": "154",
      "date": "2025-03-30 13:30:00",
      "interval_length": "PT30M",
      "measure_type": "B"
    },
    {
      "value": "60",
      "date": "2025-03-30 14:00:00",
      "interval_length": "PT30M",
      "measure_type": "B"
    },
    {
      "value": "528",
      "date": "2025-03-30 14:30:00",
      "interval_length": "PT30M",
      "measure_type": "B"
    },
    {
      "value": "276",
      "date": "2025-03-30 15:00:00",
      "interval_length": "PT30M",
      "measure_type": "B"
    },
    {
      "value": "8",
      "date": "2025-03-30 15:30:00",
      "interval_length": "PT30M",
      "measure_type": "B"
    },
    {
      "value": "0",
      "date": "2025-03-30 16:00:00",
      "interval_length": "PT30M",
      "measure_type": "B"
    },
    {
      "value": "280",
      "date": "2025-03-30 16:30:00",
      "interval_length": "PT30M",
      "measure_type": "B"
    },
    {
      "value": "0",
      "date": "2025-03-30 17:00:00",
      "interval_length": "PT30M",
      "measure_type": "B"
    },
    {
      "value": "0",
      "date": "2025-03-30 17:30:00",
      "interval_length": "PT30M",
      "measure_type": "B"
    },
    {
      "value": "0",
      "date": "2025-03-30 18:00:00",
      "interval_length": "PT30M",
      "measure_type": "B"
    },
    {
      "value": "0",
      "date": "2025-03-30 18:30:00",
      "interval_length": "PT30M",
      "measure_type": "B"
    },
    {
      "value": "0",
      "date": "2025-03-30 19:00:00",
      "interval_length": "PT30M",
      "measure_type": "B"
    },
    {
      "value": "0",
      "date": "2025-03-30 19:30:00",
      "interval_length": "PT30M",
      "measure_type": "B"
    },
    {
      "value": "76",
      "date": "2025-03-30 20:00:00",
      "interval_length": "PT30M",
      "measure_type": "B"
    },
    {
      "value": "130",
      "date": "2025-03-30 20:30:00",
      "interval_length": "PT30M",
      "measure_type": "B"
    },
    {
      "value": "172",
      "date": "2025-03-30 21:00:00",
      "interval_length": "PT30M",
      "measure_type": "B"
    },
    {
      "value": "340",
      "date": "2025-03-30 21:30:00",
      "interval_length": "PT30M",
      "measure_type": "B"
    },
    {
      "value": "316",
      "date": "2025-03-30 22:00:00",
      "interval_length": "PT30M",
      "measure_type": "B"
    },
    {
      "value": "388",
      "date": "2025-03-30 22:30:00",
      "interval_length": "PT30M",
      "measure_type": "B"
    },
    {
      "value": "350",
      "date": "2025-03-30 23:00:00",
      "interval_length": "PT30M",
      "measure_type": "B"
    },
    {
      "value": "118",
      "date": "2025-03-30 23:30:00",
      "interval_length": "PT30M",
      "measure_type": "B"
    },
    {
      "value": "396",
      "date": "2025-03-31 00:00:00",
      "interval_length": "PT30M",
      "measure_type": "B"
    }
  ]
}