{
  "usage_point_id": "14889146046840",
  "start": "2025-04-08",
  "end": "2025-04-09",
  "quality": "BRUT",
  "reading_type": {
    "unit": "W",
    "measurement_kind": "power",
    "aggregate": "average"
  },
  "interval_reading": [
    {
      "value": "120",
      "date": "2025-04-08 00:30:00",
      "interval_length": "PT30M",
      "measure_type": "B"
    },
    {
      "value": "198",
      "date": "2025-04-08 01:00:00",
      "interval_length": "PT30M",
      "measure_type": "B"
    },
    {
      "value": "122",
      "date": "2025-04-08 01:30:00",
      "interval_length": "PT30M",
      "measure_type": "B"
    },
    {
      "value": "144",
      "date": "2025-04-08 02:00:00",
      "interval_length": "PT30M",
      "measure_type": "B"
    },
    {
      "value": "158",
      "date": "2025-04-08 02:30:00",
      "interval_length": "PT30M",
      "measure_type": "B"
    },
    {
      "value": "202",
      "date": "2025-04-08 03:00:00",
      "interval_length": "PT30M",
      "measure_type": "B"
    },
    {
      "value": "130",
      "date": "2025-04-08 03:30:00",
      "interval_length": "PT30M",
      "measure_type": "B"
    },
    {
      "value": "98",
      "date": "2025-04-08 04:00:00",
      "interval_length": "PT30M",
      "measure_type": "B"
    },
    {
      "value": "206",
      "date": "2025-04-08 04:30:00",
      "interval_length": "PT30M",
      "measure_type": "B"
    },
    {
      "value": "100",
      "date": "2025-04-08 05:00:00",
      "interval_length": "PT30M",
      "measure_type": "B"
    },
    {
      "value": "196",
      "date": "2025-04-08 05:30:00",
      "interval_length": "PT30M",
      "measure_type": "B"
    },
    {
      "value": "168",
      "date": "2025-04-08 06:00:00",
      "interval_length": "PT30M",
      "measure_type": "B"
    },
    {
      "value": "94",
      "date": "2025-04-08 06:30:00",
      "interval_length": "PT30M",
      "measure_type": "B"
    },
    {
      "value": "166",
      "date": "2025-04-08 07:00:00",
      "interval_length": "PT30M",
      "measure_type": "B"
    },
    {
      "value": "116",
      "date": "2025-04-08 07:30:00",
      "interval_length": "PT30M",
      "measure_type": "B"
    },
    {
      "value": "134",
      "date": "2025-04-08 08:00:00",
      "interval_length": "PT30M",
      "measure_type": "B"
    },
    {
      "value": "282",
      "date": "2025-04-08 08:30:00",
      "interval_length": "PT30M",
      "measure_type": "B"
    },
    {
      "value": "66",
      "date": "2025-04-08 09:00:00",
      "interval_length": "PT30M",
      "measure_type": "B"
    },
    {
      "value": "2",
      "date": "2025-04-08 09:30:00",
      "interval_length": "PT30M",
      "measure_type": "B"
    },
    {
      "value": "28",
      "date": "2025-04-08 10:00:00",
      "interval_length": "PT30M",
      "measure_type": "B"
    },
    {
      "value": "36",
      "date": "2025-04-08 10:30:00",
      "interval_length": "PT30M",
      "measure_type": "B"
    },
    {
      "value": "50",
      "date": "2025-04-08 11:00:00",
      "interval_length": "PT30M",
      "measure_type": "B"
    },
    {
      "value": "0",
      "date": "2025-04-08 11:30:00",
      "interval_length": "PT30M",
      "measure_type": "B"
    },
    {
      "value": "0",
      "date": "2025-04-08 12:00:00",
      "interval_length": "PT30M",
      "measure_type": "B"
    },
    {
      "value": "0",
      "date": "2025-04-08 12:30:00",
      "interval_length": "PT30M",
      "measure_type": "B"
    },
    {
      "value": "0",
      "date": "2025-04-08 13:00:00",
      "interval_length": "PT30M",
      "measure_type": "B"
    },
    {
      "value": "0",
      "date": "2025-04-08 13:30:00",
      "interval_length": "PT30M",
      "measure_type": "B"
    },
    {
      "value": "0",
      "date": "2025-04-08 14:00:00",
      "interval_length": "PT30M",
      "measure_type": "B"
    },
    {
      "value": "0",
      "date": "2025-04-08 14:30:00",
      "interval_length": "PT30M",
      "measure_type": "B"
    },
    {
      "value": "0",
      "date": "2025-04-08 15:00:00",
      "interval_length": "PT30M",
      "measure_type": "B"
    },
    {
      "value": "0",
      "date": "2025-04-08 15:30:00",
      "interval_length": "PT30M",
      "measure_type": "B"
    },
    {
      "value": "0",
      "date": "2025-04-08 16:00:00",
      "interval_length": "PT30M",
      "measure_type": "B"
    },
    {
      "value": "0",
      "date": "2025-04-08 16:30:00",
      "interval_length": "PT30M",
      "measure_type": "B"
    },
    {
      "value": "0",
      "date": "2025-04-08 17:00:00",
      "interval_length": "PT30M",
      "measure_type": "B"
    },
    {
      "value": "0",
      "date": "2025-04-08 17:30:00",
      "interval_length": "PT30M",
      "measure_type": "B"
    },
    {
      "value": "0",
      "date": "2025-04-08 18:00:00",
      "interval_length": "PT30M",
      "measure_type": "B"
    },
    {
      "value": "0",
      "date": "2025-04-08 18:30:00",
      "interval_length": "PT30M",
      "measure_type": "B"
    },
    {
      "value": "428",
      "date": "2025-04-08 19:00:00",
      "interval_length": "PT30M",
      "measure_type": "B"
    },
    {
      "value": "1600",
      "date": "2025-04-08 19:30:00",
      "interval_length": "PT30M",
      "measure_type": "B"
    },
    {
      "value": "1598",
      "date": "2025-04-08 20:00:00",
      "interval_length": "PT30M",
      "measure_type": "B"
    },
    {
      "value": "242",
      "date": "2025-04-08 20:30:00",
      "interval_length": "PT30M",
      "measure_type": "B"
    },
    {
      "value": "222",
      "date": "2025-04-08 21:00:00",
      "interval_length": "PT30M",
      "measure_type": "B"
    },
    {
      "value": "332",
      "date": "2025-04-08 21:30:00",
      "interval_length": "PT30M",
      "measure_type": "B"
    },
    {
      "value": "298",
      "date": "2025-04-08 22:00:00",
      "interval_length": "PT30M",
      "measure_type": "B"
    },
    {
      "value": "432",
      "date": "2025-04-08 22:30:00",
      "interval_length": "PT30M",
      "measure_type": "B"
    },
    {
      "value": "410",
      "date": "2025-04-08 23:00:00",
      "interval_length": "PT30M",
      "measure_type": "B"
    },
    {
      "value": "342",
      "date": "2025-04-08 23:30:00",
      "interval_length": "PT30M",
      "measure_type": "B"
    },
    {
      "value": "184",
      "date": "2025-04-09 00:00:00",
      "interval_length": "PT30M",
      "measure_type": "B"
    }
  ]
}