{
  "usage_point_id": "14889146046840",
  "start": "2025-08-06",
  "end": "2025-08-07",
  "quality": "BRUT",
  "reading_type": {
    "unit": "W",
    "measurement_kind": "power",
    "aggregate": "average"
  },
  "interval_reading": [
    {
      "value": "1896",
      "date": "2025-08-06 00:30:00",
      "interval_length": "PT30M",
      "measure_type": "B"
    },
    {
      "value": "402",
      "date": "2025-08-06 01:00:00",
      "interval_length": "PT30M",
      "measure_type": "B"
    },
    {
      "value": "396",
      "date": "2025-08-06 01:30:00",
      "interval_length": "PT30M",
      "measure_type": "B"
    },
    {
      "value": "242",
      "date": "2025-08-06 02:00:00",
      "interval_length": "PT30M",
      "measure_type": "B"
    },
    {
      "value": "250",
      "date": "2025-08-06 02:30:00",
      "interval_length": "PT30M",
      "measure_type": "B"
    },
    {
      "value": "150",
      "date": "2025-08-06 03:00:00",
      "interval_length": "PT30M",
      "measure_type": "B"
    },
    {
      "value": "186",
      "date": "2025-08-06 03:30:00",
      "interval_length": "PT30M",
      "measure_type": "B"
    },
    {
      "value": "168",
      "date": "2025-08-06 04:00:00",
      "interval_length": "PT30M",
      "measure_type": "B"
    },
    {
      "value": "162",
      "date": "2025-08-06 04:30:00",
      "interval_length": "PT30M",
      "measure_type": "B"
    },
    {
      "value": "222",
      "date": "2025-08-06 05:00:00",
      "interval_length": "PT30M",
      "measure_type": "B"
    },
    {
      "value": "154",
      "date": "2025-08-06 05:30:00",
      "interval_length": "PT30M",
      "measure_type": "B"
    },
    {
      "value": "224",
      "date": "2025-08-06 06:00:00",
      "interval_length": "PT30M",
      "measure_type": "B"
    },
    {
      "value": "162",
      "date": "2025-08-06 06:30:00",
      "interval_length": "PT30M",
      "measure_type": "B"
    },
    {
      "value": "450",
      "date": "2025-08-06 07:00:00",
      "interval_length": "PT30M",
      "measure_type": "B"
    },
    {
      "value": "206",
      "date": "2025-08-06 07:30:00",
      "interval_length": "PT30M",
      "measure_type": "B"
    },
    {
      "value": "128",
      "date": "2025-08-06 08:00:00",
      "interval_length": "PT30M",
      "measure_type": "B"
    },
    {
      "value": "88",
      "date": "2025-08-06 08:30:00",
      "interval_length": "PT30M",
      "measure_type": "B"
    },
    {
      "value": "12",
      "date": "2025-08-06 09:00:00",
      "interval_length": "PT30M",
      "measure_type": "B"
    },
    {
      "value": "24",
      "date": "2025-08-06 09:30:00",
      "interval_length": "PT30M",
      "measure_type": "B"
    },
    {
      "value": "0",
      "date": "2025-08-06 10:00:00",
      "interval_length": "PT30M",
      "measure_type": "B"
    },
    {
      "value": "60",
      "date": "2025-08-06 10:30:00",
      "interval_length": "PT30M",
      "measure_type": "B"
    },
    {
      "value": "0",
      "date": "2025-08-06 11:00:00",
      "interval_length": "PT30M",
      "measure_type": "B"
    },
    {
      "value": "0",
      "date": "2025-08-06 11:30:00",
      "interval_length": "PT30M",
      "measure_type": "B"
    },
    {
      "value": "0",
      "date": "2025-08-06 12:00:00",
      "interval_length": "PT30M",
      "measure_type": "B"
    },
    {
      "value": "0",
      "date": "2025-08-06 12:30:00",
      "interval_length": "PT30M",
      "measure_type": "B"
    },
    {
      "value": "0",
      "date": "2025-08-06 13:00:00",
      "interval_length": "PT30M",
      "measure_type": "B"
    },
    {
      "value": "310",
      "date": "2025-08-06 13:30:00",
      "interval_length": "PT30M",
      "measure_type": "B"
    },
    {
      "value": "230",
      "date": "2025-08-06 14:00:00",
      "interval_length": "PT30M",
      "measure_type": "B"
    },
    {
      "value": "0",
      "date": "2025-08-06 14:30:00",
      "interval_length": "PT30M",
      "measure_type": "B"
    },
    {
      "value": "0",
      "date": "2025-08-06 15:00:00",
      "interval_length": "PT30M",
      "measure_type": "B"
    },
    {
      "value": "0",
      "date": "2025-08-06 15:30:00",
      "interval_length": "PT30M",
      "measure_type": "B"
    },
    {
      "value": "0",
      "date": "2025-08-06 16:00:00",
      "interval_length": "PT30M",
      "measure_type": "B"
    },
    {
      "value": "0",
      "date": "2025-08-06 16:30:00",
      "interval_length": "PT30M",
      "measure_type": "B"
    },
    {
      "value": "0",
      "date": "2025-08-06 17:00:00",
      "interval_length": "PT30M",
      "measure_type": "B"
    },
    {
      "value": "0",
      "date": "2025-08-06 17:30:00",
      "interval_length": "PT30M",
      "measure_type": "B"
    },
    {
      "value": "0",
      "date": "2025-08-06 18:00:00",
      "interval_length": "PT30M",
      "measure_type": "B"
    },
    {
      "value": "0",
      "date": "2025-08-06 18:30:00",
      "interval_length": "PT30M",
      "measure_type": "B"
    },
    {
      "value": "0",
      "date": "2025-08-06 19:00:00",
      "interval_length": "PT30M",
      "measure_type": "B"
    },
    {
      "value": "14",
      "date": "2025-08-06 19:30:00",
      "interval_length": "PT30M",
      "measure_type": "B"
    },
    {
      "value": "28",
      "date": "2025-08-06 20:00:00",
      "interval_length": "PT30M",
      "measure_type": "B"
    },
    {
      "value": "150",
      "date": "2025-08-06 20:30:00",
      "interval_length": "PT30M",
      "measure_type": "B"
    },
    {
      "value": "156",
      "date": "2025-08-06 21:00:00",
      "interval_length": "PT30M",
      "measure_type": "B"
    },
    {
      "value": "172",
      "date": "2025-08-06 21:30:00",
      "interval_length": "PT30M",
      "measure_type": "B"
    },
    {
      "value": "298",
      "date": "2025-08-06 22:00:00",
      "interval_length": "PT30M",
      "measure_type": "B"
    },
    {
      "value": "378",
      "date": "2025-08-06 22:30:00",
      "interval_length": "PT30M",
      "measure_type": "B"
    },
    {
      "value": "420",
      "date": "2025-08-06 23:00:00",
      "interval_length": "PT30M",
      "measure_type": "B"
    },
    {
      "value": "358",
      "date": "2025-08-06 23:30:00",
      "interval_length": "PT30M",
      "measure_type": "B"
    },
    {
      "value": "634",
      "date": "2025-08-07 00:00:00",
      "interval_length": "PT30M",
      "measure_type": "B"
    }
  ]
}