{
  "usage_point_id": "14889146046840",
  "start": "2025-06-12",
  "end": "2025-06-13",
  "quality": "BRUT",
  "reading_type": {
    "unit": "W",
    "measurement_kind": "power",
    "aggregate": "average"
  },
  "interval_reading": [
    {
      "value": "418",
      "date": "2025-06-12 00:30:00",
      "interval_length": "PT30M",
      "measure_type": "B"
    },
    {
      "value": "368",
      "date": "2025-06-12 01:00:00",
      "interval_length": "PT30M",
      "measure_type": "B"
    },
    {
      "value": "344",
      "date": "2025-06-12 01:30:00",
      "interval_length": "PT30M",
      "measure_type": "B"
    },
    {
      "value": "294",
      "date": "2025-06-12 02:00:00",
      "interval_length": "PT30M",
      "measure_type": "B"
    },
    {
      "value": "174",
      "date": "2025-06-12 02:30:00",
      "interval_length": "PT30M",
      "measure_type": "B"
    },
    {
      "value": "222",
      "date": "2025-06-12 03:00:00",
      "interval_length": "PT30M",
      "measure_type": "B"
    },
    {
      "value": "516",
      "date": "2025-06-12 03:30:00",
      "interval_length": "PT30M",
      "measure_type": "B"
    },
    {
      "value": "274",
      "date": "2025-06-12 04:00:00",
      "interval_length": "PT30M",
      "measure_type": "B"
    },
    {
      "value": "208",
      "date": "2025-06-12 04:30:00",
      "interval_length": "PT30M",
      "measure_type": "B"
    },
    {
      "value": "132",
      "date": "2025-06-12 05:00:00",
      "interval_length": "PT30M",
      "measure_type": "B"
    },
    {
      "value": "230",
      "date": "2025-06-12 05:30:00",
      "interval_length": "PT30M",
      "measure_type": "B"
    },
    {
      "value": "190",
      "date": "2025-06-12 06:00:00",
      "interval_length": "PT30M",
      "measure_type": "B"
    },
    {
      "value": "198",
      "date": "2025-06-12 06:30:00",
      "interval_length": "PT30M",
      "measure_type": "B"
    },
    {
      "value": "356",
      "date": "2025-06-12 07:00:00",
      "interval_length": "PT30M",
      "measure_type": "B"
    },
    {
      "value": "170",
      "date": "2025-06-12 07:30:00",
      "interval_length": "PT30M",
      "measure_type": "B"
    },
    {
      "value": "174",
      "date": "2025-06-12 08:00:00",
      "interval_length": "PT30M",
      "measure_type": "B"
    },
    {
      "value": "68",
      "date": "2025-06-12 08:30:00",
      "interval_length": "PT30M",
      "measure_type": "B"
    },
    {
      "value": "124",
      "date": "2025-06-12 09:00:00",
      "interval_length": "PT30M",
      "measure_type": "B"
    },
    {
      "value": "164",
      "date": "2025-06-12 09:30:00",
      "interval_length": "PT30M",
      "measure_type": "B"
    },
    {
      "value": "58",
      "date": "2025-06-12 10:00:00",
      "interval_length": "PT30M",
      "measure_type": "B"
    },
    {
      "value": "4",
      "date": "2025-06-12 10:30:00",
      "interval_length": "PT30M",
      "measure_type": "B"
    },
    {
      "value": "0",
      "date": "2025-06-12 11:00:00",
      "interval_length": "PT30M",
      "measure_type": "B"
    },
    {
      "value": "0",
      "date": "2025-06-12 11:30:00",
      "interval_length": "PT30M",
      "measure_type": "B"
    },
    {
      "value": "0",
      "date": "2025-06-12 12:00:00",
      "interval_length": "PT30M",
      "measure_type": "B"
    },
    {
      "value": "0",
      "date": "2025-06-12 12:30:00",
      "interval_length": "PT30M",
      "measure_type": "B"
    },
    {
      "value": "0",
      "date": "2025-06-12 13:00:00",
      "interval_length": "PT30M",
      "measure_type": "B"
    },
    {
      "value": "0",
      "date": "2025-06-12 13:30:00",
      "interval_length": "PT30M",
      "measure_type": "B"
    },
    {
      "value": "0",
      "date": "2025-06-12 14:00:00",
      "interval_length": "PT30M",
      "measure_type": "B"
    },
    {
      "value": "0",
      "date": "2025-06-12 14:30:00",
      "interval_length": "PT30M",
      "measure_type": "B"
    },
    {
      "value": "0",
      "date": "2025-06-12 15:00:00",
      "interval_length": "PT30M",
      "measure_type": "B"
    },
    {
      "value": "0",
      "date": "2025-06-12 15:30:00",
      "interval_length": "PT30M",
      "measure_type": "B"
    },
    {
      "value": "0",
      "date": "2025-06-12 16:00:00",
      "interval_length": "PT30M",
      "measure_type": "B"
    },
    {
      "value": "0",
      "date": "2025-06-12 16:30:00",
      "interval_length": "PT30M",
      "measure_type": "B"
    },
    {
      "value": "0",
      "date": "2025-06-12 17:00:00",
      "interval_length": "PT30M",
      "measure_type": "B"
    },
    {
      "value": "0",
      "date": "2025-06-12 17:30:00",
      "interval_length": "PT30M",
      "measure_type": "B"
    },
    {
      "value": "0",
      "date": "2025-06-12 18:00:00",
      "interval_length": "PT30M",
      "measure_type": "B"
    },
    {
      "value": "0",
      "date": "2025-06-12 18:30:00",
      "interval_length": "PT30M",
      "measure_type": "B"
    },
    {
      "value": "0",
      "date": "2025-06-12 19:00:00",
      "interval_length": "PT30M",
      "measure_type": "B"
    },
    {
      "value": "0",
      "date": "2025-06-12 19:30:00",
      "interval_length": "PT30M",
      "measure_type": "B"
    },
    {
      "value": "12",
      "date": "2025-06-12 20:00:00",
      "interval_length": "PT30M",
      "measure_type": "B"
    },
    {
      "value": "118",
      "date": "2025-06-12 20:30:00",
      "interval_length": "PT30M",
      "measure_type": "B"
    },
    {
      "value": "92",
      "date": "2025-06-12 21:00:00",
      "interval_length": "PT30M",
      "measure_type": "B"
    },
    {
      "value": "180",
      "date": "2025-06-12 21:30:00",
      "interval_length": "PT30M",
      "measure_type": "B"
    },
    {
      "value": "166",
      "date": "2025-06-12 22:00:00",
      "interval_length": "PT30M",
      "measure_type": "B"
    },
    {
      "value": "280",
      "date": "2025-06-12 22:30:00",
      "interval_length": "PT30M",
      "measure_type": "B"
    },
    {
      "value": "314",
      "date": "2025-06-12 23:00:00",
      "interval_length": "PT30M",
      "measure_type": "B"
    },
    {
      "value": "354",
      "date": "2025-06-12 23:30:00",
      "interval_length": "PT30M",
      "measure_type": "B"
    },
    {
      "value": "636",
      "date": "2025-06-13 00:00:00",
      "interval_length": "PT30M",
      "measure_type": "B"
    }
  ]
}