{
  "usage_point_id": "14889146046840",
  "start": "2025-05-11",
  "end": "2025-05-12",
  "quality": "BRUT",
  "reading_type": {
    "unit": "W",
    "measurement_kind": "power",
    "aggregate": "average"
  },
  "interval_reading": [
    {
      "value": "1266",
      "date": "2025-05-11 00:30:00",
      "interval_length": "PT30M",
      "measure_type": "B"
    },
    {
      "value": "394",
      "date": "2025-05-11 01:00:00",
      "interval_length": "PT30M",
      "measure_type": "B"
    },
    {
      "value": "230",
      "date": "2025-05-11 01:30:00",
      "interval_length": "PT30M",
      "measure_type": "B"
    },
    {
      "value": "188",
      "date": "2025-05-11 02:00:00",
      "interval_length": "PT30M",
      "measure_type": "B"
    },
    {
      "value": "94",
      "date": "2025-05-11 02:30:00",
      "interval_length": "PT30M",
      "measure_type": "B"
    },
    {
      "value": "196",
      "date": "2025-05-11 03:00:00",
      "interval_length": "PT30M",
      "measure_type": "B"
    },
    {
      "value": "198",
      "date": "2025-05-11 03:30:00",
      "interval_length": "PT30M",
      "measure_type": "B"
    },
    {
      "value": "226",
      "date": "2025-05-11 04:00:00",
      "interval_length": "PT30M",
      "measure_type": "B"
    },
    {
      "value": "146",
      "date": "2025-05-11 04:30:00",
      "interval_length": "PT30M",
      "measure_type": "B"
    },
    {
      "value": "140",
      "date": "2025-05-11 05:00:00",
      "interval_length": "PT30M",
      "measure_type": "B"
    },
    {
      "value": "136",
      "date": "2025-05-11 05:30:00",
      "interval_length": "PT30M",
      "measure_type": "B"
    },
    {
      "value": "176",
      "date": "2025-05-11 06:00:00",
      "interval_length": "PT30M",
      "measure_type": "B"
    },
    {
      "value": "252",
      "date": "2025-05-11 06:30:00",
      "interval_length": "PT30M",
      "measure_type": "B"
    },
    {
      "value": "152",
      "date": "2025-05-11 07:00:00",
      "interval_length": "PT30M",
      "measure_type": "B"
    },
    {
      "value": "84",
      "date": "2025-05-11 07:30:00",
      "interval_length": "PT30M",
      "measure_type": "B"
    },
    {
      "value": "482",
      "date": "2025-05-11 08:00:00",
      "interval_length": "PT30M",
      "measure_type": "B"
    },
    {
      "value": "56",
      "date": "2025-05-11 08:30:00",
      "interval_length": "PT30M",
      "measure_type": "B"
    },
    {
      "value": "104",
      "date": "2025-05-11 09:00:00",
      "interval_length": "PT30M",
      "measure_type": "B"
    },
    {
      "value": "2",
      "date": "2025-05-11 09:30:00",
      "interval_length": "PT30M",
      "measure_type": "B"
    },
    {
      "value": "0",
      "date": "2025-05-11 10:00:00",
      "interval_length": "PT30M",
      "measure_type": "B"
    },
    {
      "value": "0",
      "date": "2025-05-11 10:30:00",
      "interval_length": "PT30M",
      "measure_type": "B"
    },
    {
      "value": "0",
      "date": "2025-05-11 11:00:00",
      "interval_length": "PT30M",
      "measure_type": "B"
    },
    {
      "value": "0",
      "date": "2025-05-11 11:30:00",
      "interval_length": "PT30M",
      "measure_type": "B"
    },
    {
      "value": "0",
      "date": "2025-05-11 12:00:00",
      "interval_length": "PT30M",
      "measure_type": "B"
    },
    {
      "value": "68",
      "date": "2025-05-11 12:30:00",
      "interval_length": "PT30M",
      "measure_type": "B"
    },
    {
      "value": "0",
      "date": "2025-05-11 13:00:00",
      "interval_length": "PT30M",
      "measure_type": "B"
    },
    {
      "value": "0",
      "date": "2025-05-11 13:30:00",
      "interval_length": "PT30M",
      "measure_type": "B"
    },
    {
      "value": "0",
      "date": "2025-05-11 14:00:00",
      "interval_length": "PT30M",
      "measure_type": "B"
    },
    {
      "value": "0",
      "date": "2025-05-11 14:30:00",
      "interval_length": "PT30M",
      "measure_type": "B"
    },
    {
      "value": "90",
      "date": "2025-05-11 15:00:00",
      "interval_length": "PT30M",
      "measure_type": "B"
    },
    {
      "value": "734",
      "date": "2025-05-11 15:30:00",
      "interval_length": "PT30M",
      "measure_type": "B"
    },
    {
      "value": "100",
      "date": "2025-05-11 16:00:00",
      "interval_length": "PT30M",
      "measure_type": "B"
    },
    {
      "value": "0",
      "date": "2025-05-11 16:30:00",
      "interval_length": "PT30M",
      "measure_type": "B"
    },
    {
      "value": "0",
      "date": "2025-05-11 17:00:00",
      "interval_length": "PT30M",
      "measure_type": "B"
    },
    {
      "value": "0",
      "date": "2025-05-11 17:30:00",
      "interval_length": "PT30M",
      "measure_type": "B"
    },
    {
      "value": "0",
      "date": "2025-05-11 18:00:00",
      "interval_length": "PT30M",
      "measure_type": "B"
    },
    {
      "value": "0",
      "date": "2025-05-11 18:30:00",
      "interval_length": "PT30M",
      "measure_type": "B"
    },
    {
      "value": "32",
      "date": "2025-05-11 19:00:00",
      "interval_length": "PT30M",
      "measure_type": "B"
    },
    {
      "value": "0",
      "date": "2025-05-11 19:30:00",
      "interval_length": "PT30M",
      "measure_type": "B"
    },
    {
      "value": "62",
      "date": "2025-05-11 20:00:00",
      "interval_length": "PT30M",
      "measure_type": "B"
    },
    {
      "value": "228",
      "date": "2025-05-11 20:30:00",
      "interval_length": "PT30M",
      "measure_type": "B"
    },
    {
      "value": "122",
      "date": "2025-05-11 21:00:00",
      "interval_length": "PT30M",
      "measure_type": "B"
    },
    {
      "value": "196",
      "date": "2025-05-11 21:30:00",
      "interval_length": "PT30M",
      "measure_type": "B"
    },
    {
      "value": "208",
      "date": "2025-05-11 22:00:00",
      "interval_length": "PT30M",
      "measure_type": "B"
    },
    {
      "value": "356",
      "date": "2025-05-11 22:30:00",
      "interval_length": "PT30M",
      "measure_type": "B"
    },
    {
      "value": "396",
      "date": "2025-05-11 23:00:00",
      "interval_length": "PT30M",
      "measure_type": "B"
    },
    {
      "value": "380",
      "date": "2025-05-11 23:30:00",
      "interval_length": "PT30M",
      "measure_type": "B"
    },
    {
      "value": "564",
      "date": "2025-05-12 00:00:00",
      "interval_length": "PT30M",
      "measure_type": "B"
    }
  ]
}